{"type": "FeatureCollection", "crs_note": "WGS84 lon/lat", "features": [{"type": "Feature", "geometry": {"type": "LineString", "coordinates": [[-117.47214, 40.17241], [-117.47207, 40.1634]]}, "properties": {"id": "T27-0001", "z": 5, "kind": "end-to-end", "gap_km": 1.0, "mutual": true, "strike": 0.0, "strike_compat": 0.52, "merged_km": 4.666, "base_overlap": 1.0, "argument": "Closing this 1.0 km gap would join two currently disconnected mapped systems (1.8 km and 1.8 km) into one 4.7 km system. Geometry: tip-to-tip along strike; mutual nearest tips; the tip points 7 deg off the link and 7 deg. The link strikes N0 E and 52% of the distance-weighted catalogued fault length within ~40 km lies within 20 deg of that strike (data-driven kinematic domain; no external stress model). Structural-setting label (geometry only; mapping to settings is ours): linkage/termination/step-over settings host ~25%/32% of characterised Great Basin geothermal systems (Faulds & Hinz 2015). Connectivity context: the catalogue network is near its critical connectivity (Berkowitz-style P=5.78 vs Pc 5.6-6.0 at the domain scale), where individual closures matter most, but Berkowitz et al. (2000) give ensemble statistics, not a verdict on this particular gap. Base coverage: 100% of its dots already lie within 300 m of the 0.2477 emission. Status: class-level holdout validation only."}}, {"type": "Feature", "geometry": {"type": "LineString", "coordinates": [[-117.53118, 40.66315], [-117.52993, 40.65414]]}, "properties": {"id": "T27-0002", "z": 5, "kind": "end-to-end", "gap_km": 1.005, "mutual": true, "strike": 174.289, "strike_compat": 0.501, "merged_km": 5.443, "base_overlap": 0.333, "argument": "Closing this 1.0 km gap would join two currently disconnected mapped systems (1.6 km and 2.8 km) into one 5.4 km system. Geometry: tip-to-tip along strike; mutual nearest tips; the tip points 1 deg off the link and 26 deg. The link strikes N174 E and 50% of the distance-weighted catalogued fault length within ~40 km lies within 20 deg of that strike (data-driven kinematic domain; no external stress model). Structural-setting label (geometry only; mapping to settings is ours): linkage/termination/step-over settings host ~25%/32% of characterised Great Basin geothermal systems (Faulds & Hinz 2015). Connectivity context: the catalogue network is near its critical connectivity (Berkowitz-style P=5.78 vs Pc 5.6-6.0 at the domain scale), where individual closures matter most, but Berkowitz et al. (2000) give ensemble statistics, not a verdict on this particular gap. Base coverage: 33% of its dots already lie within 300 m of the 0.2477 emission. Status: class-level holdout validation only."}}, {"type": "Feature", "geometry": {"type": "LineString", "coordinates": [[-116.17938, 40.33984], [-116.18066, 40.33084]]}, "properties": {"id": "T27-0003", "z": 5, "kind": "end-to-end", "gap_km": 1.005, "mutual": true, "strike": 5.711, "strike_compat": 0.425, "merged_km": 3.571, "base_overlap": 1.0, "argument": "Closing this 1.0 km gap would join two currently disconnected mapped systems (0.9 km and 1.7 km) into one 3.6 km system. Geometry: tip-to-tip along strike; mutual nearest tips; the tip points 6 deg off the link and 8 deg. The link strikes N6 E and 42% of the distance-weighted catalogued fault length within ~40 km lies within 20 deg of that strike (data-driven kinematic domain; no external stress model). Structural-setting label (geometry only; mapping to settings is ours): linkage/termination/step-over settings host ~25%/32% of characterised Great Basin geothermal systems (Faulds & Hinz 2015). Connectivity context: the catalogue network is near its critical connectivity (Berkowitz-style P=5.78 vs Pc 5.6-6.0 at the domain scale), where individual closures matter most, but Berkowitz et al. (2000) give ensemble statistics, not a verdict on this particular gap. Base coverage: 100% of its dots already lie within 300 m of the 0.2477 emission. Status: class-level holdout validation only."}}, {"type": "Feature", "geometry": {"type": "LineString", "coordinates": [[-118.14367, 39.45235], [-118.14236, 39.44335]]}, "properties": {"id": "T27-0004", "z": 5, "kind": "end-to-end", "gap_km": 1.005, "mutual": true, "strike": 174.289, "strike_compat": 0.491, "merged_km": 3.195, "base_overlap": 0.667, "argument": "Closing this 1.0 km gap would join two currently disconnected mapped systems (1.5 km and 0.7 km) into one 3.2 km system. Geometry: tip-to-tip along strike; mutual nearest tips; the tip points 13 deg off the link and 15 deg. The link strikes N174 E and 49% of the distance-weighted catalogued fault length within ~40 km lies within 20 deg of that strike (data-driven kinematic domain; no external stress model). Structural-setting label (geometry only; mapping to settings is ours): linkage/termination/step-over settings host ~25%/32% of characterised Great Basin geothermal systems (Faulds & Hinz 2015). Connectivity context: the catalogue network is near its critical connectivity (Berkowitz-style P=5.78 vs Pc 5.6-6.0 at the domain scale), where individual closures matter most, but Berkowitz et al. (2000) give ensemble statistics, not a verdict on this particular gap. Base coverage: 67% of its dots already lie within 300 m of the 0.2477 emission. Status: class-level holdout validation only."}}, {"type": "Feature", "geometry": {"type": "LineString", "coordinates": [[-117.5501, 40.08287], [-117.55238, 40.07385]]}, "properties": {"id": "T27-0005", "z": 5, "kind": "end-to-end", "gap_km": 1.02, "mutual": true, "strike": 11.31, "strike_compat": 0.634, "merged_km": 3.368, "base_overlap": 1.0, "argument": "Closing this 1.0 km gap would join two currently disconnected mapped systems (0.9 km and 1.4 km) into one 3.4 km system. Geometry: tip-to-tip along strike; mutual nearest tips; the tip points 9 deg off the link and 9 deg. The link strikes N11 E and 63% of the distance-weighted catalogued fault length within ~40 km lies within 20 deg of that strike (data-driven kinematic domain; no external stress model). Structural-setting label (geometry only; mapping to settings is ours): linkage/termination/step-over settings host ~25%/32% of characterised Great Basin geothermal systems (Faulds & Hinz 2015). Connectivity context: the catalogue network is near its critical connectivity (Berkowitz-style P=5.78 vs Pc 5.6-6.0 at the domain scale), where individual closures matter most, but Berkowitz et al. (2000) give ensemble statistics, not a verdict on this particular gap. Base coverage: 100% of its dots already lie within 300 m of the 0.2477 emission. Status: class-level holdout validation only."}}, {"type": "Feature", "geometry": {"type": "LineString", "coordinates": [[-118.10242, 38.97157], [-118.10574, 38.96253]]}, "properties": {"id": "T27-0006", "z": 5, "kind": "end-to-end", "gap_km": 1.044, "mutual": true, "strike": 16.699, "strike_compat": 0.539, "merged_km": 5.624, "base_overlap": 0.667, "argument": "Closing this 1.0 km gap would join two currently disconnected mapped systems (3.8 km and 0.8 km) into one 5.6 km system. Geometry: tip-to-tip along strike; mutual nearest tips; the tip points 4 deg off the link and 6 deg. The link strikes N17 E and 54% of the distance-weighted catalogued fault length within ~40 km lies within 20 deg of that strike (data-driven kinematic domain; no external stress model). Structural-setting label (geometry only; mapping to settings is ours): linkage/termination/step-over settings host ~25%/32% of characterised Great Basin geothermal systems (Faulds & Hinz 2015). Connectivity context: the catalogue network is near its critical connectivity (Berkowitz-style P=5.78 vs Pc 5.6-6.0 at the domain scale), where individual closures matter most, but Berkowitz et al. (2000) give ensemble statistics, not a verdict on this particular gap. Base coverage: 67% of its dots already lie within 300 m of the 0.2477 emission. Status: class-level holdout validation only."}}, {"type": "Feature", "geometry": {"type": "LineString", "coordinates": [[-118.05103, 38.5386], [-118.04631, 38.52963]]}, "properties": {"id": "T27-0007", "z": 5, "kind": "end-to-end", "gap_km": 1.077, "mutual": true, "strike": 158.199, "strike_compat": 0.615, "merged_km": 6.357, "base_overlap": 0.667, "argument": "Closing this 1.1 km gap would join two currently disconnected mapped systems (0.8 km and 4.5 km) into one 6.4 km system. Geometry: tip-to-tip along strike; mutual nearest tips; the tip points 6 deg off the link and 11 deg. The link strikes N158 E and 62% of the distance-weighted catalogued fault length within ~40 km lies within 20 deg of that strike (data-driven kinematic domain; no external stress model). Structural-setting label (geometry only; mapping to settings is ours): linkage/termination/step-over settings host ~25%/32% of characterised Great Basin geothermal systems (Faulds & Hinz 2015). Connectivity context: the catalogue network is near its critical connectivity (Berkowitz-style P=5.78 vs Pc 5.6-6.0 at the domain scale), where individual closures matter most, but Berkowitz et al. (2000) give ensemble statistics, not a verdict on this particular gap. Base coverage: 67% of its dots already lie within 300 m of the 0.2477 emission. Status: class-level holdout validation only."}}, {"type": "Feature", "geometry": {"type": "LineString", "coordinates": [[-118.10678, 40.63114], [-118.11612, 40.62384]]}, "properties": {"id": "T27-0008", "z": 5, "kind": "end-to-end", "gap_km": 1.131, "mutual": true, "strike": 45.0, "strike_compat": 0.403, "merged_km": 3.128, "base_overlap": 1.0, "argument": "Closing this 1.1 km gap would join two currently disconnected mapped systems (0.9 km and 1.0 km) into one 3.1 km system. Geometry: tip-to-tip along strike; mutual nearest tips; the tip points 4 deg off the link and 0 deg. The link strikes N45 E and 40% of the distance-weighted catalogued fault length within ~40 km lies within 20 deg of that strike (data-driven kinematic domain; no external stress model). Structural-setting label (geometry only; mapping to settings is ours): linkage/termination/step-over settings host ~25%/32% of characterised Great Basin geothermal systems (Faulds & Hinz 2015). Connectivity context: the catalogue network is near its critical connectivity (Berkowitz-style P=5.78 vs Pc 5.6-6.0 at the domain scale), where individual closures matter most, but Berkowitz et al. (2000) give ensemble statistics, not a verdict on this particular gap. Base coverage: 100% of its dots already lie within 300 m of the 0.2477 emission. Status: class-level holdout validation only."}}, {"type": "Feature", "geometry": {"type": "LineString", "coordinates": [[-118.06262, 39.01159], [-118.06246, 39.00078]]}, "properties": {"id": "T27-0009", "z": 5, "kind": "end-to-end", "gap_km": 1.2, "mutual": true, "strike": 0.0, "strike_compat": 0.401, "merged_km": 5.338, "base_overlap": 0.0, "argument": "Closing this 1.2 km gap would join two currently disconnected mapped systems (3.4 km and 0.7 km) into one 5.3 km system. Geometry: tip-to-tip along strike; mutual nearest tips; the tip points 14 deg off the link and 8 deg. The link strikes N0 E and 40% of the distance-weighted catalogued fault length within ~40 km lies within 20 deg of that strike (data-driven kinematic domain; no external stress model). Structural-setting label (geometry only; mapping to settings is ours): linkage/termination/step-over settings host ~25%/32% of characterised Great Basin geothermal systems (Faulds & Hinz 2015). Connectivity context: the catalogue network is near its critical connectivity (Berkowitz-style P=5.78 vs Pc 5.6-6.0 at the domain scale), where individual closures matter most, but Berkowitz et al. (2000) give ensemble statistics, not a verdict on this particular gap. Base coverage: 0% of its dots already lie within 300 m of the 0.2477 emission. Status: class-level holdout validation only."}}, {"type": "Feature", "geometry": {"type": "LineString", "coordinates": [[-117.1961, 40.15789], [-117.19724, 40.14708]]}, "properties": {"id": "T27-0010", "z": 5, "kind": "end-to-end", "gap_km": 1.204, "mutual": true, "strike": 4.764, "strike_compat": 0.489, "merged_km": 3.27, "base_overlap": 0.0, "argument": "Closing this 1.2 km gap would join two currently disconnected mapped systems (1.1 km and 0.9 km) into one 3.3 km system. Geometry: tip-to-tip along strike; mutual nearest tips; the tip points 12 deg off the link and 16 deg. The link strikes N5 E and 49% of the distance-weighted catalogued fault length within ~40 km lies within 20 deg of that strike (data-driven kinematic domain; no external stress model). Structural-setting label (geometry only; mapping to settings is ours): linkage/termination/step-over settings host ~25%/32% of characterised Great Basin geothermal systems (Faulds & Hinz 2015). Connectivity context: the catalogue network is near its critical connectivity (Berkowitz-style P=5.78 vs Pc 5.6-6.0 at the domain scale), where individual closures matter most, but Berkowitz et al. (2000) give ensemble statistics, not a verdict on this particular gap. Base coverage: 0% of its dots already lie within 300 m of the 0.2477 emission. Status: class-level holdout validation only."}}, {"type": "Feature", "geometry": {"type": "LineString", "coordinates": [[-117.02473, 40.35446], [-117.03061, 40.34455]]}, "properties": {"id": "T27-0011", "z": 5, "kind": "end-to-end", "gap_km": 1.208, "mutual": true, "strike": 24.444, "strike_compat": 0.629, "merged_km": 2.415, "base_overlap": 0.0, "argument": "Closing this 1.2 km gap would join two currently disconnected mapped systems (0.4 km and 0.8 km) into one 2.4 km system. Geometry: tip-to-tip along strike; mutual nearest tips; the tip points 9 deg off the link and 1 deg. The link strikes N24 E and 63% of the distance-weighted catalogued fault length within ~40 km lies within 20 deg of that strike (data-driven kinematic domain; no external stress model). Structural-setting label (geometry only; mapping to settings is ours): linkage/termination/step-over settings host ~25%/32% of characterised Great Basin geothermal systems (Faulds & Hinz 2015). Connectivity context: the catalogue network is near its critical connectivity (Berkowitz-style P=5.78 vs Pc 5.6-6.0 at the domain scale), where individual closures matter most, but Berkowitz et al. (2000) give ensemble statistics, not a verdict on this particular gap. Base coverage: 0% of its dots already lie within 300 m of the 0.2477 emission. Status: class-level holdout validation only."}}, {"type": "Feature", "geometry": {"type": "LineString", "coordinates": [[-119.06441, 40.55043], [-119.06643, 40.53958]]}, "properties": {"id": "T27-0012", "z": 5, "kind": "end-to-end", "gap_km": 1.217, "mutual": true, "strike": 9.462, "strike_compat": 0.512, "merged_km": 4.782, "base_overlap": 0.0, "argument": "Closing this 1.2 km gap would join two currently disconnected mapped systems (1.5 km and 2.1 km) into one 4.8 km system. Geometry: tip-to-tip along strike; mutual nearest tips; the tip points 9 deg off the link and 2 deg. The link strikes N9 E and 51% of the distance-weighted catalogued fault length within ~40 km lies within 20 deg of that strike (data-driven kinematic domain; no external stress model). Structural-setting label (geometry only; mapping to settings is ours): linkage/termination/step-over settings host ~25%/32% of characterised Great Basin geothermal systems (Faulds & Hinz 2015). Connectivity context: the catalogue network is near its critical connectivity (Berkowitz-style P=5.78 vs Pc 5.6-6.0 at the domain scale), where individual closures matter most, but Berkowitz et al. (2000) give ensemble statistics, not a verdict on this particular gap. Base coverage: 0% of its dots already lie within 300 m of the 0.2477 emission. Status: class-level holdout validation only."}}, {"type": "Feature", "geometry": {"type": "LineString", "coordinates": [[-117.07997, 40.26434], [-117.08231, 40.25353]]}, "properties": {"id": "T27-0013", "z": 5, "kind": "end-to-end", "gap_km": 1.217, "mutual": true, "strike": 9.462, "strike_compat": 0.488, "merged_km": 2.658, "base_overlap": 0.667, "argument": "Closing this 1.2 km gap would join two currently disconnected mapped systems (0.7 km and 0.7 km) into one 2.7 km system. Geometry: tip-to-tip along strike; mutual nearest tips; the tip points 1 deg off the link and 9 deg. The link strikes N9 E and 49% of the distance-weighted catalogued fault length within ~40 km lies within 20 deg of that strike (data-driven kinematic domain; no external stress model). Structural-setting label (geometry only; mapping to settings is ours): linkage/termination/step-over settings host ~25%/32% of characterised Great Basin geothermal systems (Faulds & Hinz 2015). Connectivity context: the catalogue network is near its critical connectivity (Berkowitz-style P=5.78 vs Pc 5.6-6.0 at the domain scale), where individual closures matter most, but Berkowitz et al. (2000) give ensemble statistics, not a verdict on this particular gap. Base coverage: 67% of its dots already lie within 300 m of the 0.2477 emission. Status: class-level holdout validation only."}}, {"type": "Feature", "geometry": {"type": "LineString", "coordinates": [[-119.58373, 39.73826], [-119.57517, 39.72764]]}, "properties": {"id": "T27-0014", "z": 5, "kind": "end-to-end", "gap_km": 1.389, "mutual": true, "strike": 149.744, "strike_compat": 0.442, "merged_km": 4.669, "base_overlap": 0.0, "argument": "Closing this 1.4 km gap would join two currently disconnected mapped systems (1.6 km and 1.7 km) into one 4.7 km system. Geometry: tip-to-tip along strike; mutual nearest tips; the tip points 2 deg off the link and 4 deg. The link strikes N150 E and 44% of the distance-weighted catalogued fault length within ~40 km lies within 20 deg of that strike (data-driven kinematic domain; no external stress model). Structural-setting label (geometry only; mapping to settings is ours): linkage/termination/step-over settings host ~25%/32% of characterised Great Basin geothermal systems (Faulds & Hinz 2015). Connectivity context: the catalogue network is near its critical connectivity (Berkowitz-style P=5.78 vs Pc 5.6-6.0 at the domain scale), where individual closures matter most, but Berkowitz et al. (2000) give ensemble statistics, not a verdict on this particular gap. Base coverage: 0% of its dots already lie within 300 m of the 0.2477 emission. Status: class-level holdout validation only."}}, {"type": "Feature", "geometry": {"type": "LineString", "coordinates": [[-118.71254, 40.55258], [-118.71814, 40.54078]]}, "properties": {"id": "T27-0015", "z": 5, "kind": "end-to-end", "gap_km": 1.393, "mutual": true, "strike": 21.038, "strike_compat": 0.682, "merged_km": 3.548, "base_overlap": 0.0, "argument": "Closing this 1.4 km gap would join two currently disconnected mapped systems (1.1 km and 1.0 km) into one 3.5 km system. Geometry: tip-to-tip along strike; mutual nearest tips; the tip points 6 deg off the link and 16 deg. The link strikes N21 E and 68% of the distance-weighted catalogued fault length within ~40 km lies within 20 deg of that strike (data-driven kinematic domain; no external stress model). Structural-setting label (geometry only; mapping to settings is ours): linkage/termination/step-over settings host ~25%/32% of characterised Great Basin geothermal systems (Faulds & Hinz 2015). Connectivity context: the catalogue network is near its critical connectivity (Berkowitz-style P=5.78 vs Pc 5.6-6.0 at the domain scale), where individual closures matter most, but Berkowitz et al. (2000) give ensemble statistics, not a verdict on this particular gap. Base coverage: 0% of its dots already lie within 300 m of the 0.2477 emission. Status: class-level holdout validation only."}}, {"type": "Feature", "geometry": {"type": "LineString", "coordinates": [[-118.17512, 39.38716], [-118.17491, 39.37455]]}, "properties": {"id": "T27-0016", "z": 5, "kind": "end-to-end", "gap_km": 1.4, "mutual": true, "strike": 0.0, "strike_compat": 0.549, "merged_km": 4.19, "base_overlap": 0.0, "argument": "Closing this 1.4 km gap would join two currently disconnected mapped systems (0.5 km and 2.2 km) into one 4.2 km system. Geometry: tip-to-tip along strike; mutual nearest tips; the tip points 11 deg off the link and 14 deg. The link strikes N0 E and 55% of the distance-weighted catalogued fault length within ~40 km lies within 20 deg of that strike (data-driven kinematic domain; no external stress model). Structural-setting label (geometry only; mapping to settings is ours): linkage/termination/step-over settings host ~25%/32% of characterised Great Basin geothermal systems (Faulds & Hinz 2015). Connectivity context: the catalogue network is near its critical connectivity (Berkowitz-style P=5.78 vs Pc 5.6-6.0 at the domain scale), where individual closures matter most, but Berkowitz et al. (2000) give ensemble statistics, not a verdict on this particular gap. Base coverage: 0% of its dots already lie within 300 m of the 0.2477 emission. Status: class-level holdout validation only."}}, {"type": "Feature", "geometry": {"type": "LineString", "coordinates": [[-118.19666, 39.49236], [-118.20225, 39.47969]]}, "properties": {"id": "T27-0017", "z": 5, "kind": "end-to-end", "gap_km": 1.487, "mutual": true, "strike": 19.654, "strike_compat": 0.676, "merged_km": 4.777, "base_overlap": 0.5, "argument": "Closing this 1.5 km gap would join two currently disconnected mapped systems (0.3 km and 2.9 km) into one 4.8 km system. Geometry: tip-to-tip along strike; mutual nearest tips; the tip points 1 deg off the link and 21 deg. The link strikes N20 E and 68% of the distance-weighted catalogued fault length within ~40 km lies within 20 deg of that strike (data-driven kinematic domain; no external stress model). Structural-setting label (geometry only; mapping to settings is ours): linkage/termination/step-over settings host ~25%/32% of characterised Great Basin geothermal systems (Faulds & Hinz 2015). Connectivity context: the catalogue network is near its critical connectivity (Berkowitz-style P=5.78 vs Pc 5.6-6.0 at the domain scale), where individual closures matter most, but Berkowitz et al. (2000) give ensemble statistics, not a verdict on this particular gap. Base coverage: 50% of its dots already lie within 300 m of the 0.2477 emission. Status: class-level holdout validation only."}}, {"type": "Feature", "geometry": {"type": "LineString", "coordinates": [[-118.20692, 39.07507], [-118.209, 39.06153]]}, "properties": {"id": "T27-0018", "z": 5, "kind": "end-to-end", "gap_km": 1.513, "mutual": true, "strike": 7.595, "strike_compat": 0.495, "merged_km": 3.945, "base_overlap": 0.0, "argument": "Closing this 1.5 km gap would join two currently disconnected mapped systems (1.5 km and 1.0 km) into one 3.9 km system. Geometry: tip-to-tip along strike; mutual nearest tips; the tip points 6 deg off the link and 19 deg. The link strikes N8 E and 49% of the distance-weighted catalogued fault length within ~40 km lies within 20 deg of that strike (data-driven kinematic domain; no external stress model). Structural-setting label (geometry only; mapping to settings is ours): linkage/termination/step-over settings host ~25%/32% of characterised Great Basin geothermal systems (Faulds & Hinz 2015). Connectivity context: the catalogue network is near its critical connectivity (Berkowitz-style P=5.78 vs Pc 5.6-6.0 at the domain scale), where individual closures matter most, but Berkowitz et al. (2000) give ensemble statistics, not a verdict on this particular gap. Base coverage: 0% of its dots already lie within 300 m of the 0.2477 emission. Status: class-level holdout validation only."}}, {"type": "Feature", "geometry": {"type": "LineString", "coordinates": [[-118.90958, 39.02603], [-118.90003, 39.01447]]}, "properties": {"id": "T27-0019", "z": 5, "kind": "end-to-end", "gap_km": 1.526, "mutual": true, "strike": 148.392, "strike_compat": 0.58, "merged_km": 4.813, "base_overlap": 0.25, "argument": "Closing this 1.5 km gap would join two currently disconnected mapped systems (0.6 km and 2.7 km) into one 4.8 km system. Geometry: tip-to-tip along strike; mutual nearest tips; the tip points 1 deg off the link and 18 deg. The link strikes N148 E and 58% of the distance-weighted catalogued fault length within ~40 km lies within 20 deg of that strike (data-driven kinematic domain; no external stress model). Structural-setting label (geometry only; mapping to settings is ours): linkage/termination/step-over settings host ~25%/32% of characterised Great Basin geothermal systems (Faulds & Hinz 2015). Connectivity context: the catalogue network is near its critical connectivity (Berkowitz-style P=5.78 vs Pc 5.6-6.0 at the domain scale), where individual closures matter most, but Berkowitz et al. (2000) give ensemble statistics, not a verdict on this particular gap. Base coverage: 25% of its dots already lie within 300 m of the 0.2477 emission. Status: class-level holdout validation only."}}, {"type": "Feature", "geometry": {"type": "LineString", "coordinates": [[-118.35812, 40.25369], [-118.35665, 40.2393]]}, "properties": {"id": "T27-0020", "z": 5, "kind": "end-to-end", "gap_km": 1.603, "mutual": true, "strike": 176.424, "strike_compat": 0.427, "merged_km": 6.966, "base_overlap": 0.8, "argument": "Closing this 1.6 km gap would join two currently disconnected mapped systems (1.6 km and 3.7 km) into one 7.0 km system. Geometry: tip-to-tip along strike; mutual nearest tips; the tip points 4 deg off the link and 18 deg. The link strikes N176 E and 43% of the distance-weighted catalogued fault length within ~40 km lies within 20 deg of that strike (data-driven kinematic domain; no external stress model). Structural-setting label (geometry only; mapping to settings is ours): linkage/termination/step-over settings host ~25%/32% of characterised Great Basin geothermal systems (Faulds & Hinz 2015). Connectivity context: the catalogue network is near its critical connectivity (Berkowitz-style P=5.78 vs Pc 5.6-6.0 at the domain scale), where individual closures matter most, but Berkowitz et al. (2000) give ensemble statistics, not a verdict on this particular gap. Base coverage: 80% of its dots already lie within 300 m of the 0.2477 emission. Status: class-level holdout validation only."}}, {"type": "Feature", "geometry": {"type": "LineString", "coordinates": [[-119.28504, 40.23099], [-119.28573, 40.21657]]}, "properties": {"id": "T27-0021", "z": 5, "kind": "end-to-end", "gap_km": 1.603, "mutual": true, "strike": 3.576, "strike_compat": 0.544, "merged_km": 4.245, "base_overlap": 0.8, "argument": "Closing this 1.6 km gap would join two currently disconnected mapped systems (1.0 km and 1.6 km) into one 4.2 km system. Geometry: tip-to-tip along strike; mutual nearest tips; the tip points 4 deg off the link and 4 deg. The link strikes N4 E and 54% of the distance-weighted catalogued fault length within ~40 km lies within 20 deg of that strike (data-driven kinematic domain; no external stress model). Structural-setting label (geometry only; mapping to settings is ours): linkage/termination/step-over settings host ~25%/32% of characterised Great Basin geothermal systems (Faulds & Hinz 2015). Connectivity context: the catalogue network is near its critical connectivity (Berkowitz-style P=5.78 vs Pc 5.6-6.0 at the domain scale), where individual closures matter most, but Berkowitz et al. (2000) give ensemble statistics, not a verdict on this particular gap. Base coverage: 80% of its dots already lie within 300 m of the 0.2477 emission. Status: class-level holdout validation only."}}, {"type": "Feature", "geometry": {"type": "LineString", "coordinates": [[-118.41762, 39.43581], [-118.42666, 39.42309]]}, "properties": {"id": "T27-0022", "z": 5, "kind": "end-to-end", "gap_km": 1.612, "mutual": true, "strike": 29.745, "strike_compat": 0.466, "merged_km": 5.651, "base_overlap": 0.5, "argument": "Closing this 1.6 km gap would join two currently disconnected mapped systems (1.4 km and 2.6 km) into one 5.7 km system. Geometry: tip-to-tip along strike; mutual nearest tips; the tip points 2 deg off the link and 16 deg. The link strikes N30 E and 47% of the distance-weighted catalogued fault length within ~40 km lies within 20 deg of that strike (data-driven kinematic domain; no external stress model). Structural-setting label (geometry only; mapping to settings is ours): linkage/termination/step-over settings host ~25%/32% of characterised Great Basin geothermal systems (Faulds & Hinz 2015). Connectivity context: the catalogue network is near its critical connectivity (Berkowitz-style P=5.78 vs Pc 5.6-6.0 at the domain scale), where individual closures matter most, but Berkowitz et al. (2000) give ensemble statistics, not a verdict on this particular gap. Base coverage: 50% of its dots already lie within 300 m of the 0.2477 emission. Status: class-level holdout validation only."}}, {"type": "Feature", "geometry": {"type": "LineString", "coordinates": [[-118.7572, 40.45372], [-118.76509, 40.44008]]}, "properties": {"id": "T27-0023", "z": 5, "kind": "end-to-end", "gap_km": 1.655, "mutual": true, "strike": 25.017, "strike_compat": 0.642, "merged_km": 5.001, "base_overlap": 0.75, "argument": "Closing this 1.7 km gap would join two currently disconnected mapped systems (2.3 km and 1.1 km) into one 5.0 km system. Geometry: tip-to-tip along strike; mutual nearest tips; the tip points 11 deg off the link and 16 deg. The link strikes N25 E and 64% of the distance-weighted catalogued fault length within ~40 km lies within 20 deg of that strike (data-driven kinematic domain; no external stress model). Structural-setting label (geometry only; mapping to settings is ours): linkage/termination/step-over settings host ~25%/32% of characterised Great Basin geothermal systems (Faulds & Hinz 2015). Connectivity context: the catalogue network is near its critical connectivity (Berkowitz-style P=5.78 vs Pc 5.6-6.0 at the domain scale), where individual closures matter most, but Berkowitz et al. (2000) give ensemble statistics, not a verdict on this particular gap. Base coverage: 75% of its dots already lie within 300 m of the 0.2477 emission. Status: class-level holdout validation only."}}, {"type": "Feature", "geometry": {"type": "LineString", "coordinates": [[-116.82613, 40.18946], [-116.83674, 40.17686]]}, "properties": {"id": "T27-0024", "z": 5, "kind": "end-to-end", "gap_km": 1.664, "mutual": true, "strike": 32.735, "strike_compat": 0.56, "merged_km": 4.279, "base_overlap": 0.0, "argument": "Closing this 1.7 km gap would join two currently disconnected mapped systems (1.3 km and 1.3 km) into one 4.3 km system. Geometry: tip-to-tip along strike; mutual nearest tips; the tip points 12 deg off the link and 4 deg. The link strikes N33 E and 56% of the distance-weighted catalogued fault length within ~40 km lies within 20 deg of that strike (data-driven kinematic domain; no external stress model). Structural-setting label (geometry only; mapping to settings is ours): linkage/termination/step-over settings host ~25%/32% of characterised Great Basin geothermal systems (Faulds & Hinz 2015). Connectivity context: the catalogue network is near its critical connectivity (Berkowitz-style P=5.78 vs Pc 5.6-6.0 at the domain scale), where individual closures matter most, but Berkowitz et al. (2000) give ensemble statistics, not a verdict on this particular gap. Base coverage: 0% of its dots already lie within 300 m of the 0.2477 emission. Status: class-level holdout validation only."}}, {"type": "Feature", "geometry": {"type": "LineString", "coordinates": [[-118.8001, 39.62423], [-118.80087, 39.6089]]}, "properties": {"id": "T27-0025", "z": 5, "kind": "end-to-end", "gap_km": 1.703, "mutual": true, "strike": 3.366, "strike_compat": 0.404, "merged_km": 5.71, "base_overlap": 0.0, "argument": "Closing this 1.7 km gap would join two currently disconnected mapped systems (0.8 km and 3.2 km) into one 5.7 km system. Geometry: tip-to-tip along strike; mutual nearest tips; the tip points 3 deg off the link and 17 deg. The link strikes N3 E and 40% of the distance-weighted catalogued fault length within ~40 km lies within 20 deg of that strike (data-driven kinematic domain; no external stress model). Structural-setting label (geometry only; mapping to settings is ours): linkage/termination/step-over settings host ~25%/32% of characterised Great Basin geothermal systems (Faulds & Hinz 2015). Connectivity context: the catalogue network is near its critical connectivity (Berkowitz-style P=5.78 vs Pc 5.6-6.0 at the domain scale), where individual closures matter most, but Berkowitz et al. (2000) give ensemble statistics, not a verdict on this particular gap. Base coverage: 0% of its dots already lie within 300 m of the 0.2477 emission. Status: class-level holdout validation only."}}, {"type": "Feature", "geometry": {"type": "LineString", "coordinates": [[-117.52441, 40.70462], [-117.53376, 40.69016]]}, "properties": {"id": "T27-0026", "z": 5, "kind": "end-to-end", "gap_km": 1.789, "mutual": true, "strike": 26.565, "strike_compat": 0.528, "merged_km": 4.037, "base_overlap": 0.6, "argument": "Closing this 1.8 km gap would join two currently disconnected mapped systems (1.0 km and 1.2 km) into one 4.0 km system. Geometry: tip-to-tip along strike; mutual nearest tips; the tip points 13 deg off the link and 6 deg. The link strikes N27 E and 53% of the distance-weighted catalogued fault length within ~40 km lies within 20 deg of that strike (data-driven kinematic domain; no external stress model). Structural-setting label (geometry only; mapping to settings is ours): linkage/termination/step-over settings host ~25%/32% of characterised Great Basin geothermal systems (Faulds & Hinz 2015). Connectivity context: the catalogue network is near its critical connectivity (Berkowitz-style P=5.78 vs Pc 5.6-6.0 at the domain scale), where individual closures matter most, but Berkowitz et al. (2000) give ensemble statistics, not a verdict on this particular gap. Base coverage: 60% of its dots already lie within 300 m of the 0.2477 emission. Status: class-level holdout validation only."}}, {"type": "Feature", "geometry": {"type": "LineString", "coordinates": [[-118.31403, 38.67832], [-118.30229, 38.66494]]}, "properties": {"id": "T27-0027", "z": 5, "kind": "end-to-end", "gap_km": 1.803, "mutual": true, "strike": 146.31, "strike_compat": 0.575, "merged_km": 4.766, "base_overlap": 0.0, "argument": "Closing this 1.8 km gap would join two currently disconnected mapped systems (1.0 km and 1.9 km) into one 4.8 km system. Geometry: tip-to-tip along strike; mutual nearest tips; the tip points 11 deg off the link and 2 deg. The link strikes N146 E and 58% of the distance-weighted catalogued fault length within ~40 km lies within 20 deg of that strike (data-driven kinematic domain; no external stress model). Structural-setting label (geometry only; mapping to settings is ours): linkage/termination/step-over settings host ~25%/32% of characterised Great Basin geothermal systems (Faulds & Hinz 2015). Connectivity context: the catalogue network is near its critical connectivity (Berkowitz-style P=5.78 vs Pc 5.6-6.0 at the domain scale), where individual closures matter most, but Berkowitz et al. (2000) give ensemble statistics, not a verdict on this particular gap. Base coverage: 0% of its dots already lie within 300 m of the 0.2477 emission. Status: class-level holdout validation only."}}, {"type": "Feature", "geometry": {"type": "LineString", "coordinates": [[-119.29692, 40.47758], [-119.30223, 40.46036]]}, "properties": {"id": "T27-0028", "z": 5, "kind": "end-to-end", "gap_km": 1.965, "mutual": true, "strike": 14.744, "strike_compat": 0.647, "merged_km": 5.855, "base_overlap": 0.667, "argument": "Closing this 2.0 km gap would join two currently disconnected mapped systems (2.6 km and 1.3 km) into one 5.9 km system. Geometry: tip-to-tip along strike; mutual nearest tips; the tip points 8 deg off the link and 15 deg. The link strikes N15 E and 65% of the distance-weighted catalogued fault length within ~40 km lies within 20 deg of that strike (data-driven kinematic domain; no external stress model). Structural-setting label (geometry only; mapping to settings is ours): linkage/termination/step-over settings host ~25%/32% of characterised Great Basin geothermal systems (Faulds & Hinz 2015). Connectivity context: the catalogue network is near its critical connectivity (Berkowitz-style P=5.78 vs Pc 5.6-6.0 at the domain scale), where individual closures matter most, but Berkowitz et al. (2000) give ensemble statistics, not a verdict on this particular gap. Base coverage: 67% of its dots already lie within 300 m of the 0.2477 emission. Status: class-level holdout validation only."}}, {"type": "Feature", "geometry": {"type": "LineString", "coordinates": [[-117.24166, 40.42448], [-117.25103, 40.40824]]}, "properties": {"id": "T27-0029", "z": 5, "kind": "end-to-end", "gap_km": 1.97, "mutual": true, "strike": 23.962, "strike_compat": 0.611, "merged_km": 7.915, "base_overlap": 1.0, "argument": "Closing this 2.0 km gap would join two currently disconnected mapped systems (5.3 km and 0.6 km) into one 7.9 km system. Geometry: tip-to-tip along strike; mutual nearest tips; the tip points 8 deg off the link and 7 deg. The link strikes N24 E and 61% of the distance-weighted catalogued fault length within ~40 km lies within 20 deg of that strike (data-driven kinematic domain; no external stress model). Structural-setting label (geometry only; mapping to settings is ours): linkage/termination/step-over settings host ~25%/32% of characterised Great Basin geothermal systems (Faulds & Hinz 2015). Connectivity context: the catalogue network is near its critical connectivity (Berkowitz-style P=5.78 vs Pc 5.6-6.0 at the domain scale), where individual closures matter most, but Berkowitz et al. (2000) give ensemble statistics, not a verdict on this particular gap. Base coverage: 100% of its dots already lie within 300 m of the 0.2477 emission. Status: class-level holdout validation only."}}, {"type": "Feature", "geometry": {"type": "LineString", "coordinates": [[-119.22178, 40.63128], [-119.23067, 40.61399]]}, "properties": {"id": "T27-0030", "z": 5, "kind": "end-to-end", "gap_km": 2.062, "mutual": true, "strike": 22.834, "strike_compat": 0.629, "merged_km": 3.886, "base_overlap": 0.833, "argument": "Closing this 2.1 km gap would join two currently disconnected mapped systems (1.0 km and 0.8 km) into one 3.9 km system. Geometry: tip-to-tip along strike; mutual nearest tips; the tip points 9 deg off the link and 23 deg. The link strikes N23 E and 63% of the distance-weighted catalogued fault length within ~40 km lies within 20 deg of that strike (data-driven kinematic domain; no external stress model). Structural-setting label (geometry only; mapping to settings is ours): linkage/termination/step-over settings host ~25%/32% of characterised Great Basin geothermal systems (Faulds & Hinz 2015). Connectivity context: the catalogue network is near its critical connectivity (Berkowitz-style P=5.78 vs Pc 5.6-6.0 at the domain scale), where individual closures matter most, but Berkowitz et al. (2000) give ensemble statistics, not a verdict on this particular gap. Base coverage: 83% of its dots already lie within 300 m of the 0.2477 emission. Status: class-level holdout validation only."}}, {"type": "Feature", "geometry": {"type": "LineString", "coordinates": [[-118.2969, 39.69221], [-118.30355, 39.67411]]}, "properties": {"id": "T27-0031", "z": 5, "kind": "end-to-end", "gap_km": 2.088, "mutual": true, "strike": 16.699, "strike_compat": 0.651, "merged_km": 3.312, "base_overlap": 0.667, "argument": "Closing this 2.1 km gap would join two currently disconnected mapped systems (0.8 km and 0.4 km) into one 3.3 km system. Geometry: tip-to-tip along strike; mutual nearest tips; the tip points 6 deg off the link and 17 deg. The link strikes N17 E and 65% of the distance-weighted catalogued fault length within ~40 km lies within 20 deg of that strike (data-driven kinematic domain; no external stress model). Structural-setting label (geometry only; mapping to settings is ours): linkage/termination/step-over settings host ~25%/32% of characterised Great Basin geothermal systems (Faulds & Hinz 2015). Connectivity context: the catalogue network is near its critical connectivity (Berkowitz-style P=5.78 vs Pc 5.6-6.0 at the domain scale), where individual closures matter most, but Berkowitz et al. (2000) give ensemble statistics, not a verdict on this particular gap. Base coverage: 67% of its dots already lie within 300 m of the 0.2477 emission. Status: class-level holdout validation only."}}, {"type": "Feature", "geometry": {"type": "LineString", "coordinates": [[-117.09772, 40.3355], [-117.1024, 40.31658]]}, "properties": {"id": "T27-0032", "z": 5, "kind": "end-to-end", "gap_km": 2.138, "mutual": true, "strike": 10.784, "strike_compat": 0.497, "merged_km": 5.769, "base_overlap": 0.0, "argument": "Closing this 2.1 km gap would join two currently disconnected mapped systems (3.2 km and 0.4 km) into one 5.8 km system. Geometry: tip-to-tip along strike; mutual nearest tips; the tip points 11 deg off the link and 23 deg. The link strikes N11 E and 50% of the distance-weighted catalogued fault length within ~40 km lies within 20 deg of that strike (data-driven kinematic domain; no external stress model). Structural-setting label (geometry only; mapping to settings is ours): linkage/termination/step-over settings host ~25%/32% of characterised Great Basin geothermal systems (Faulds & Hinz 2015). Connectivity context: the catalogue network is near its critical connectivity (Berkowitz-style P=5.78 vs Pc 5.6-6.0 at the domain scale), where individual closures matter most, but Berkowitz et al. (2000) give ensemble statistics, not a verdict on this particular gap. Base coverage: 0% of its dots already lie within 300 m of the 0.2477 emission. Status: class-level holdout validation only."}}, {"type": "Feature", "geometry": {"type": "LineString", "coordinates": [[-117.38074, 40.62861], [-117.37708, 40.6088]]}, "properties": {"id": "T27-0033", "z": 5, "kind": "end-to-end", "gap_km": 2.22, "mutual": true, "strike": 172.235, "strike_compat": 0.453, "merged_km": 4.286, "base_overlap": 0.0, "argument": "Closing this 2.2 km gap would join two currently disconnected mapped systems (1.5 km and 0.6 km) into one 4.3 km system. Geometry: tip-to-tip along strike; mutual nearest tips; the tip points 1 deg off the link and 14 deg. The link strikes N172 E and 45% of the distance-weighted catalogued fault length within ~40 km lies within 20 deg of that strike (data-driven kinematic domain; no external stress model). Structural-setting label (geometry only; mapping to settings is ours): linkage/termination/step-over settings host ~25%/32% of characterised Great Basin geothermal systems (Faulds & Hinz 2015). Connectivity context: the catalogue network is near its critical connectivity (Berkowitz-style P=5.78 vs Pc 5.6-6.0 at the domain scale), where individual closures matter most, but Berkowitz et al. (2000) give ensemble statistics, not a verdict on this particular gap. Base coverage: 0% of its dots already lie within 300 m of the 0.2477 emission. Status: class-level holdout validation only."}}, {"type": "Feature", "geometry": {"type": "LineString", "coordinates": [[-117.8739, 40.17998], [-117.88304, 40.16009]]}, "properties": {"id": "T27-0034", "z": 5, "kind": "end-to-end", "gap_km": 2.341, "mutual": true, "strike": 19.983, "strike_compat": 0.637, "merged_km": 4.507, "base_overlap": 1.0, "argument": "Closing this 2.3 km gap would join two currently disconnected mapped systems (1.2 km and 0.9 km) into one 4.5 km system. Geometry: tip-to-tip along strike; mutual nearest tips; the tip points 13 deg off the link and 10 deg. The link strikes N20 E and 64% of the distance-weighted catalogued fault length within ~40 km lies within 20 deg of that strike (data-driven kinematic domain; no external stress model). Structural-setting label (geometry only; mapping to settings is ours): linkage/termination/step-over settings host ~25%/32% of characterised Great Basin geothermal systems (Faulds & Hinz 2015). Connectivity context: the catalogue network is near its critical connectivity (Berkowitz-style P=5.78 vs Pc 5.6-6.0 at the domain scale), where individual closures matter most, but Berkowitz et al. (2000) give ensemble statistics, not a verdict on this particular gap. Base coverage: 100% of its dots already lie within 300 m of the 0.2477 emission. Status: class-level holdout validation only."}}, {"type": "Feature", "geometry": {"type": "LineString", "coordinates": [[-118.04122, 38.33502], [-118.02495, 38.31714]]}, "properties": {"id": "T27-0035", "z": 5, "kind": "end-to-end", "gap_km": 2.441, "mutual": true, "strike": 145.008, "strike_compat": 0.576, "merged_km": 5.88, "base_overlap": 1.0, "argument": "Closing this 2.4 km gap would join two currently disconnected mapped systems (2.8 km and 0.7 km) into one 5.9 km system. Geometry: tip-to-tip along strike; mutual nearest tips; the tip points 8 deg off the link and 17 deg. The link strikes N145 E and 58% of the distance-weighted catalogued fault length within ~40 km lies within 20 deg of that strike (data-driven kinematic domain; no external stress model). Structural-setting label (geometry only; mapping to settings is ours): linkage/termination/step-over settings host ~25%/32% of characterised Great Basin geothermal systems (Faulds & Hinz 2015). Connectivity context: the catalogue network is near its critical connectivity (Berkowitz-style P=5.78 vs Pc 5.6-6.0 at the domain scale), where individual closures matter most, but Berkowitz et al. (2000) give ensemble statistics, not a verdict on this particular gap. Base coverage: 100% of its dots already lie within 300 m of the 0.2477 emission. Status: class-level holdout validation only."}}, {"type": "Feature", "geometry": {"type": "LineString", "coordinates": [[-118.34848, 38.79868], [-118.32748, 38.7836]]}, "properties": {"id": "T27-0036", "z": 5, "kind": "end-to-end", "gap_km": 2.476, "mutual": true, "strike": 133.363, "strike_compat": 0.466, "merged_km": 5.497, "base_overlap": 0.0, "argument": "Closing this 2.5 km gap would join two currently disconnected mapped systems (2.1 km and 0.9 km) into one 5.5 km system. Geometry: tip-to-tip along strike; mutual nearest tips; the tip points 10 deg off the link and 26 deg. The link strikes N133 E and 47% of the distance-weighted catalogued fault length within ~40 km lies within 20 deg of that strike (data-driven kinematic domain; no external stress model). Structural-setting label (geometry only; mapping to settings is ours): linkage/termination/step-over settings host ~25%/32% of characterised Great Basin geothermal systems (Faulds & Hinz 2015). Connectivity context: the catalogue network is near its critical connectivity (Berkowitz-style P=5.78 vs Pc 5.6-6.0 at the domain scale), where individual closures matter most, but Berkowitz et al. (2000) give ensemble statistics, not a verdict on this particular gap. Base coverage: 0% of its dots already lie within 300 m of the 0.2477 emission. Status: class-level holdout validation only."}}, {"type": "Feature", "geometry": {"type": "LineString", "coordinates": [[-119.07728, 39.77636], [-119.08479, 39.75461]]}, "properties": {"id": "T27-0037", "z": 5, "kind": "end-to-end", "gap_km": 2.5, "mutual": true, "strike": 16.26, "strike_compat": 0.535, "merged_km": 6.58, "base_overlap": 0.429, "argument": "Closing this 2.5 km gap would join two currently disconnected mapped systems (2.2 km and 1.9 km) into one 6.6 km system. Geometry: tip-to-tip along strike; mutual nearest tips; the tip points 2 deg off the link and 10 deg. The link strikes N16 E and 54% of the distance-weighted catalogued fault length within ~40 km lies within 20 deg of that strike (data-driven kinematic domain; no external stress model). Structural-setting label (geometry only; mapping to settings is ours): linkage/termination/step-over settings host ~25%/32% of characterised Great Basin geothermal systems (Faulds & Hinz 2015). Connectivity context: the catalogue network is near its critical connectivity (Berkowitz-style P=5.78 vs Pc 5.6-6.0 at the domain scale), where individual closures matter most, but Berkowitz et al. (2000) give ensemble statistics, not a verdict on this particular gap. Base coverage: 43% of its dots already lie within 300 m of the 0.2477 emission. Status: class-level holdout validation only."}}, {"type": "Feature", "geometry": {"type": "LineString", "coordinates": [[-119.21344, 39.7261], [-119.21855, 39.70348]]}, "properties": {"id": "T27-0038", "z": 5, "kind": "end-to-end", "gap_km": 2.55, "mutual": true, "strike": 11.31, "strike_compat": 0.453, "merged_km": 5.181, "base_overlap": 0.5, "argument": "Closing this 2.5 km gap would join two currently disconnected mapped systems (0.5 km and 2.1 km) into one 5.2 km system. Geometry: tip-to-tip along strike; mutual nearest tips; the tip points 0 deg off the link and 9 deg. The link strikes N11 E and 45% of the distance-weighted catalogued fault length within ~40 km lies within 20 deg of that strike (data-driven kinematic domain; no external stress model). Structural-setting label (geometry only; mapping to settings is ours): linkage/termination/step-over settings host ~25%/32% of characterised Great Basin geothermal systems (Faulds & Hinz 2015). Connectivity context: the catalogue network is near its critical connectivity (Berkowitz-style P=5.78 vs Pc 5.6-6.0 at the domain scale), where individual closures matter most, but Berkowitz et al. (2000) give ensemble statistics, not a verdict on this particular gap. Base coverage: 50% of its dots already lie within 300 m of the 0.2477 emission. Status: class-level holdout validation only."}}, {"type": "Feature", "geometry": {"type": "LineString", "coordinates": [[-119.0726, 40.43318], [-119.08846, 40.41217]]}, "properties": {"id": "T27-0039", "z": 5, "kind": "end-to-end", "gap_km": 2.693, "mutual": true, "strike": 31.329, "strike_compat": 0.679, "merged_km": 6.98, "base_overlap": 0.0, "argument": "Closing this 2.7 km gap would join two currently disconnected mapped systems (1.2 km and 3.1 km) into one 7.0 km system. Geometry: tip-to-tip along strike; mutual nearest tips; the tip points 11 deg off the link and 9 deg. The link strikes N31 E and 68% of the distance-weighted catalogued fault length within ~40 km lies within 20 deg of that strike (data-driven kinematic domain; no external stress model). Structural-setting label (geometry only; mapping to settings is ours): linkage/termination/step-over settings host ~25%/32% of characterised Great Basin geothermal systems (Faulds & Hinz 2015). Connectivity context: the catalogue network is near its critical connectivity (Berkowitz-style P=5.78 vs Pc 5.6-6.0 at the domain scale), where individual closures matter most, but Berkowitz et al. (2000) give ensemble statistics, not a verdict on this particular gap. Base coverage: 0% of its dots already lie within 300 m of the 0.2477 emission. Status: class-level holdout validation only."}}, {"type": "Feature", "geometry": {"type": "LineString", "coordinates": [[-118.38251, 38.83163], [-118.36257, 38.81294]]}, "properties": {"id": "T27-0040", "z": 5, "kind": "end-to-end", "gap_km": 2.702, "mutual": true, "strike": 141.009, "strike_compat": 0.488, "merged_km": 5.365, "base_overlap": 0.0, "argument": "Closing this 2.7 km gap would join two currently disconnected mapped systems (0.6 km and 2.1 km) into one 5.4 km system. Geometry: tip-to-tip along strike; mutual nearest tips; the tip points 6 deg off the link and 2 deg. The link strikes N141 E and 49% of the distance-weighted catalogued fault length within ~40 km lies within 20 deg of that strike (data-driven kinematic domain; no external stress model). Structural-setting label (geometry only; mapping to settings is ours): linkage/termination/step-over settings host ~25%/32% of characterised Great Basin geothermal systems (Faulds & Hinz 2015). Connectivity context: the catalogue network is near its critical connectivity (Berkowitz-style P=5.78 vs Pc 5.6-6.0 at the domain scale), where individual closures matter most, but Berkowitz et al. (2000) give ensemble statistics, not a verdict on this particular gap. Base coverage: 0% of its dots already lie within 300 m of the 0.2477 emission. Status: class-level holdout validation only."}}, {"type": "Feature", "geometry": {"type": "LineString", "coordinates": [[-117.75337, 40.11506], [-117.75545, 40.09072]]}, "properties": {"id": "T27-0041", "z": 5, "kind": "end-to-end", "gap_km": 2.707, "mutual": true, "strike": 4.236, "strike_compat": 0.519, "merged_km": 4.88, "base_overlap": 0.25, "argument": "Closing this 2.7 km gap would join two currently disconnected mapped systems (0.3 km and 1.9 km) into one 4.9 km system. Geometry: tip-to-tip along strike; mutual nearest tips; the tip points 4 deg off the link and 28 deg. The link strikes N4 E and 52% of the distance-weighted catalogued fault length within ~40 km lies within 20 deg of that strike (data-driven kinematic domain; no external stress model). Structural-setting label (geometry only; mapping to settings is ours): linkage/termination/step-over settings host ~25%/32% of characterised Great Basin geothermal systems (Faulds & Hinz 2015). Connectivity context: the catalogue network is near its critical connectivity (Berkowitz-style P=5.78 vs Pc 5.6-6.0 at the domain scale), where individual closures matter most, but Berkowitz et al. (2000) give ensemble statistics, not a verdict on this particular gap. Base coverage: 25% of its dots already lie within 300 m of the 0.2477 emission. Status: class-level holdout validation only."}}, {"type": "Feature", "geometry": {"type": "LineString", "coordinates": [[-116.38739, 40.5114], [-116.41115, 40.4944]]}, "properties": {"id": "T27-0042", "z": 5, "kind": "end-to-end", "gap_km": 2.759, "mutual": true, "strike": 46.469, "strike_compat": 0.477, "merged_km": 4.249, "base_overlap": 0.0, "argument": "Closing this 2.8 km gap would join two currently disconnected mapped systems (0.6 km and 0.9 km) into one 4.2 km system. Geometry: tip-to-tip along strike; mutual nearest tips; the tip points 7 deg off the link and 1 deg. The link strikes N46 E and 48% of the distance-weighted catalogued fault length within ~40 km lies within 20 deg of that strike (data-driven kinematic domain; no external stress model). Structural-setting label (geometry only; mapping to settings is ours): linkage/termination/step-over settings host ~25%/32% of characterised Great Basin geothermal systems (Faulds & Hinz 2015). Connectivity context: the catalogue network is near its critical connectivity (Berkowitz-style P=5.78 vs Pc 5.6-6.0 at the domain scale), where individual closures matter most, but Berkowitz et al. (2000) give ensemble statistics, not a verdict on this particular gap. Base coverage: 0% of its dots already lie within 300 m of the 0.2477 emission. Status: class-level holdout validation only."}}, {"type": "Feature", "geometry": {"type": "LineString", "coordinates": [[-118.41918, 39.39795], [-118.42213, 39.37179]]}, "properties": {"id": "T27-0043", "z": 5, "kind": "end-to-end", "gap_km": 2.915, "mutual": true, "strike": 5.906, "strike_compat": 0.555, "merged_km": 6.637, "base_overlap": 0.222, "argument": "Closing this 2.9 km gap would join two currently disconnected mapped systems (1.4 km and 2.3 km) into one 6.6 km system. Geometry: tip-to-tip along strike; mutual nearest tips; the tip points 8 deg off the link and 31 deg. The link strikes N6 E and 55% of the distance-weighted catalogued fault length within ~40 km lies within 20 deg of that strike (data-driven kinematic domain; no external stress model). Structural-setting label (geometry only; mapping to settings is ours): linkage/termination/step-over settings host ~25%/32% of characterised Great Basin geothermal systems (Faulds & Hinz 2015). Connectivity context: the catalogue network is near its critical connectivity (Berkowitz-style P=5.78 vs Pc 5.6-6.0 at the domain scale), where individual closures matter most, but Berkowitz et al. (2000) give ensemble statistics, not a verdict on this particular gap. Base coverage: 22% of its dots already lie within 300 m of the 0.2477 emission. Status: class-level holdout validation only."}}, {"type": "Feature", "geometry": {"type": "LineString", "coordinates": [[-118.27542, 39.72939], [-118.29352, 39.69855]]}, "properties": {"id": "T27-0044", "z": 5, "kind": "end-to-end", "gap_km": 3.758, "mutual": true, "strike": 25.201, "strike_compat": 0.518, "merged_km": 5.63, "base_overlap": 1.0, "argument": "Closing this 3.8 km gap would join two currently disconnected mapped systems (1.0 km and 0.8 km) into one 5.6 km system. Geometry: tip-to-tip along strike; mutual nearest tips; the tip points 12 deg off the link and 2 deg. The link strikes N25 E and 52% of the distance-weighted catalogued fault length within ~40 km lies within 20 deg of that strike (data-driven kinematic domain; no external stress model). Structural-setting label (geometry only; mapping to settings is ours): linkage/termination/step-over settings host ~25%/32% of characterised Great Basin geothermal systems (Faulds & Hinz 2015). Connectivity context: the catalogue network is near its critical connectivity (Berkowitz-style P=5.78 vs Pc 5.6-6.0 at the domain scale), where individual closures matter most, but Berkowitz et al. (2000) give ensemble statistics, not a verdict on this particular gap. Base coverage: 100% of its dots already lie within 300 m of the 0.2477 emission. Status: class-level holdout validation only."}}, {"type": "Feature", "geometry": {"type": "LineString", "coordinates": [[-118.95486, 39.86498], [-118.98329, 39.83747]]}, "properties": {"id": "T27-0045", "z": 5, "kind": "end-to-end", "gap_km": 3.905, "mutual": true, "strike": 39.806, "strike_compat": 0.456, "merged_km": 5.736, "base_overlap": 0.444, "argument": "Closing this 3.9 km gap would join two currently disconnected mapped systems (0.6 km and 1.3 km) into one 5.7 km system. Geometry: tip-to-tip along strike; mutual nearest tips; the tip points 5 deg off the link and 19 deg. The link strikes N40 E and 46% of the distance-weighted catalogued fault length within ~40 km lies within 20 deg of that strike (data-driven kinematic domain; no external stress model). Structural-setting label (geometry only; mapping to settings is ours): linkage/termination/step-over settings host ~25%/32% of characterised Great Basin geothermal systems (Faulds & Hinz 2015). Connectivity context: the catalogue network is near its critical connectivity (Berkowitz-style P=5.78 vs Pc 5.6-6.0 at the domain scale), where individual closures matter most, but Berkowitz et al. (2000) give ensemble statistics, not a verdict on this particular gap. Base coverage: 44% of its dots already lie within 300 m of the 0.2477 emission. Status: class-level holdout validation only."}}, {"type": "Feature", "geometry": {"type": "LineString", "coordinates": [[-116.474, 40.45507], [-116.46687, 40.46224]]}, "properties": {"id": "T27-0046", "z": 4, "kind": "end-to-end", "gap_km": 1.0, "mutual": false, "strike": 36.87, "strike_compat": 0.544, "merged_km": 2.731, "base_overlap": 0.0, "argument": "Closing this 1.0 km gap would join two currently disconnected mapped systems (0.7 km and 1.1 km) into one 2.7 km system. Geometry: tip-to-tip along strike; one-sided; the tip points 2 deg off the link and 33 deg. The link strikes N37 E and 54% of the distance-weighted catalogued fault length within ~40 km lies within 20 deg of that strike (data-driven kinematic domain; no external stress model). Structural-setting label (geometry only; mapping to settings is ours): linkage/termination/step-over settings host ~25%/32% of characterised Great Basin geothermal systems (Faulds & Hinz 2015). Connectivity context: the catalogue network is near its critical connectivity (Berkowitz-style P=5.78 vs Pc 5.6-6.0 at the domain scale), where individual closures matter most, but Berkowitz et al. (2000) give ensemble statistics, not a verdict on this particular gap. Base coverage: 0% of its dots already lie within 300 m of the 0.2477 emission. Status: class-level holdout validation only."}}, {"type": "Feature", "geometry": {"type": "LineString", "coordinates": [[-116.37268, 40.06176], [-116.36095, 40.06169]]}, "properties": {"id": "T27-0047", "z": 4, "kind": "end-to-end", "gap_km": 1.0, "mutual": true, "strike": 90.0, "strike_compat": 0.223, "merged_km": 3.731, "base_overlap": 0.333, "argument": "Closing this 1.0 km gap would join two currently disconnected mapped systems (2.0 km and 0.7 km) into one 3.7 km system. Geometry: tip-to-tip along strike; mutual nearest tips; the tip points 7 deg off the link and 18 deg. The link strikes N90 E and 22% of the distance-weighted catalogued fault length within ~40 km lies within 20 deg of that strike (data-driven kinematic domain; no external stress model). Structural-setting label (geometry only; mapping to settings is ours): linkage/termination/step-over settings host ~25%/32% of characterised Great Basin geothermal systems (Faulds & Hinz 2015). Connectivity context: the catalogue network is near its critical connectivity (Berkowitz-style P=5.78 vs Pc 5.6-6.0 at the domain scale), where individual closures matter most, but Berkowitz et al. (2000) give ensemble statistics, not a verdict on this particular gap. Base coverage: 33% of its dots already lie within 300 m of the 0.2477 emission. Status: class-level holdout validation only."}}, {"type": "Feature", "geometry": {"type": "LineString", "coordinates": [[-117.38985, 40.56912], [-117.39098, 40.56011]]}, "properties": {"id": "T27-0048", "z": 4, "kind": "end-to-end", "gap_km": 1.005, "mutual": true, "strike": 5.711, "strike_compat": 0.57, "merged_km": 7.158, "base_overlap": 0.667, "argument": "Closing this 1.0 km gap would join two currently disconnected mapped systems (4.9 km and 1.2 km) into one 7.2 km system. Geometry: tip-to-tip along strike; mutual nearest tips; the tip points 30 deg off the link and 21 deg. The link strikes N6 E and 57% of the distance-weighted catalogued fault length within ~40 km lies within 20 deg of that strike (data-driven kinematic domain; no external stress model). Structural-setting label (geometry only; mapping to settings is ours): linkage/termination/step-over settings host ~25%/32% of characterised Great Basin geothermal systems (Faulds & Hinz 2015). Connectivity context: the catalogue network is near its critical connectivity (Berkowitz-style P=5.78 vs Pc 5.6-6.0 at the domain scale), where individual closures matter most, but Berkowitz et al. (2000) give ensemble statistics, not a verdict on this particular gap. Base coverage: 67% of its dots already lie within 300 m of the 0.2477 emission. Status: class-level holdout validation only."}}, {"type": "Feature", "geometry": {"type": "LineString", "coordinates": [[-118.22072, 39.40561], [-118.22173, 39.39659]]}, "properties": {"id": "T27-0049", "z": 4, "kind": "end-to-end", "gap_km": 1.005, "mutual": false, "strike": 5.711, "strike_compat": 0.607, "merged_km": 2.088, "base_overlap": 0.0, "argument": "Closing this 1.0 km gap would join two currently disconnected mapped systems (0.3 km and 0.7 km) into one 2.1 km system. Geometry: tip-to-tip along strike; one-sided; the tip points 13 deg off the link and 2 deg. The link strikes N6 E and 61% of the distance-weighted catalogued fault length within ~40 km lies within 20 deg of that strike (data-driven kinematic domain; no external stress model). Structural-setting label (geometry only; mapping to settings is ours): linkage/termination/step-over settings host ~25%/32% of characterised Great Basin geothermal systems (Faulds & Hinz 2015). Connectivity context: the catalogue network is near its critical connectivity (Berkowitz-style P=5.78 vs Pc 5.6-6.0 at the domain scale), where individual closures matter most, but Berkowitz et al. (2000) give ensemble statistics, not a verdict on this particular gap. Base coverage: 0% of its dots already lie within 300 m of the 0.2477 emission. Status: class-level holdout validation only."}}, {"type": "Feature", "geometry": {"type": "LineString", "coordinates": [[-118.24418, 38.49435], [-118.25563, 38.49333]]}, "properties": {"id": "T27-0050", "z": 4, "kind": "end-to-end", "gap_km": 1.005, "mutual": true, "strike": 84.289, "strike_compat": 0.146, "merged_km": 6.285, "base_overlap": 1.0, "argument": "Closing this 1.0 km gap would join two currently disconnected mapped systems (0.8 km and 4.4 km) into one 6.3 km system. Geometry: tip-to-tip along strike; mutual nearest tips; the tip points 1 deg off the link and 8 deg. The link strikes N84 E and 15% of the distance-weighted catalogued fault length within ~40 km lies within 20 deg of that strike (data-driven kinematic domain; no external stress model). Structural-setting label (geometry only; mapping to settings is ours): linkage/termination/step-over settings host ~25%/32% of characterised Great Basin geothermal systems (Faulds & Hinz 2015). Connectivity context: the catalogue network is near its critical connectivity (Berkowitz-style P=5.78 vs Pc 5.6-6.0 at the domain scale), where individual closures matter most, but Berkowitz et al. (2000) give ensemble statistics, not a verdict on this particular gap. Base coverage: 100% of its dots already lie within 300 m of the 0.2477 emission. Status: class-level holdout validation only."}}, {"type": "Feature", "geometry": {"type": "LineString", "coordinates": [[-117.85077, 38.48615], [-117.84952, 38.47715]]}, "properties": {"id": "T27-0051", "z": 4, "kind": "end-to-end", "gap_km": 1.005, "mutual": true, "strike": 174.289, "strike_compat": 0.502, "merged_km": 2.329, "base_overlap": 0.0, "argument": "Closing this 1.0 km gap would join two currently disconnected mapped systems (0.9 km and 0.4 km) into one 2.3 km system. Geometry: tip-to-tip along strike; mutual nearest tips; the tip points 20 deg off the link and 8 deg. The link strikes N174 E and 50% of the distance-weighted catalogued fault length within ~40 km lies within 20 deg of that strike (data-driven kinematic domain; no external stress model). Structural-setting label (geometry only; mapping to settings is ours): linkage/termination/step-over settings host ~25%/32% of characterised Great Basin geothermal systems (Faulds & Hinz 2015). Connectivity context: the catalogue network is near its critical connectivity (Berkowitz-style P=5.78 vs Pc 5.6-6.0 at the domain scale), where individual closures matter most, but Berkowitz et al. (2000) give ensemble statistics, not a verdict on this particular gap. Base coverage: 0% of its dots already lie within 300 m of the 0.2477 emission. Status: class-level holdout validation only."}}, {"type": "Feature", "geometry": {"type": "LineString", "coordinates": [[-118.88632, 39.06335], [-118.88377, 39.05438]]}, "properties": {"id": "T27-0052", "z": 4, "kind": "end-to-end", "gap_km": 1.02, "mutual": true, "strike": 168.69, "strike_compat": 0.494, "merged_km": 14.16, "base_overlap": 0.667, "argument": "Closing this 1.0 km gap would join two currently disconnected mapped systems (10.9 km and 2.2 km) into one 14.2 km system. Geometry: tip-to-tip along strike; mutual nearest tips; the tip points 9 deg off the link and 25 deg. The link strikes N169 E and 49% of the distance-weighted catalogued fault length within ~40 km lies within 20 deg of that strike (data-driven kinematic domain; no external stress model). Structural-setting label (geometry only; mapping to settings is ours): linkage/termination/step-over settings host ~25%/32% of characterised Great Basin geothermal systems (Faulds & Hinz 2015). Connectivity context: the catalogue network is near its critical connectivity (Berkowitz-style P=5.78 vs Pc 5.6-6.0 at the domain scale), where individual closures matter most, but Berkowitz et al. (2000) give ensemble statistics, not a verdict on this particular gap. Base coverage: 67% of its dots already lie within 300 m of the 0.2477 emission. Status: class-level holdout validation only."}}, {"type": "Feature", "geometry": {"type": "LineString", "coordinates": [[-118.08568, 40.56918], [-118.08908, 40.56014]]}, "properties": {"id": "T27-0053", "z": 4, "kind": "end-to-end", "gap_km": 1.044, "mutual": true, "strike": 16.699, "strike_compat": 0.554, "merged_km": 4.448, "base_overlap": 0.667, "argument": "Closing this 1.0 km gap would join two currently disconnected mapped systems (0.6 km and 2.8 km) into one 4.4 km system. Geometry: tip-to-tip along strike; mutual nearest tips; the tip points 17 deg off the link and 15 deg. The link strikes N17 E and 55% of the distance-weighted catalogued fault length within ~40 km lies within 20 deg of that strike (data-driven kinematic domain; no external stress model). Structural-setting label (geometry only; mapping to settings is ours): linkage/termination/step-over settings host ~25%/32% of characterised Great Basin geothermal systems (Faulds & Hinz 2015). Connectivity context: the catalogue network is near its critical connectivity (Berkowitz-style P=5.78 vs Pc 5.6-6.0 at the domain scale), where individual closures matter most, but Berkowitz et al. (2000) give ensemble statistics, not a verdict on this particular gap. Base coverage: 67% of its dots already lie within 300 m of the 0.2477 emission. Status: class-level holdout validation only."}}, {"type": "Feature", "geometry": {"type": "LineString", "coordinates": [[-117.71547, 40.19368], [-117.7189, 40.18465]]}, "properties": {"id": "T27-0054", "z": 4, "kind": "end-to-end", "gap_km": 1.044, "mutual": false, "strike": 16.699, "strike_compat": 0.702, "merged_km": 5.624, "base_overlap": 0.0, "argument": "Closing this 1.0 km gap would join two currently disconnected mapped systems (2.3 km and 2.2 km) into one 5.6 km system. Geometry: tip-to-tip along strike; one-sided; the tip points 5 deg off the link and 4 deg. The link strikes N17 E and 70% of the distance-weighted catalogued fault length within ~40 km lies within 20 deg of that strike (data-driven kinematic domain; no external stress model). Structural-setting label (geometry only; mapping to settings is ours): linkage/termination/step-over settings host ~25%/32% of characterised Great Basin geothermal systems (Faulds & Hinz 2015). Connectivity context: the catalogue network is near its critical connectivity (Berkowitz-style P=5.78 vs Pc 5.6-6.0 at the domain scale), where individual closures matter most, but Berkowitz et al. (2000) give ensemble statistics, not a verdict on this particular gap. Base coverage: 0% of its dots already lie within 300 m of the 0.2477 emission. Status: class-level holdout validation only."}}, {"type": "Feature", "geometry": {"type": "LineString", "coordinates": [[-116.82157, 40.58405], [-116.81328, 40.59125]]}, "properties": {"id": "T27-0055", "z": 4, "kind": "end-to-end", "gap_km": 1.063, "mutual": false, "strike": 41.186, "strike_compat": 0.526, "merged_km": 2.836, "base_overlap": 0.0, "argument": "Closing this 1.1 km gap would join two currently disconnected mapped systems (1.4 km and 0.3 km) into one 2.8 km system. Geometry: tip-to-tip along strike; one-sided; the tip points 4 deg off the link and 23 deg. The link strikes N41 E and 53% of the distance-weighted catalogued fault length within ~40 km lies within 20 deg of that strike (data-driven kinematic domain; no external stress model). Structural-setting label (geometry only; mapping to settings is ours): linkage/termination/step-over settings host ~25%/32% of characterised Great Basin geothermal systems (Faulds & Hinz 2015). Connectivity context: the catalogue network is near its critical connectivity (Berkowitz-style P=5.78 vs Pc 5.6-6.0 at the domain scale), where individual closures matter most, but Berkowitz et al. (2000) give ensemble statistics, not a verdict on this particular gap. Base coverage: 0% of its dots already lie within 300 m of the 0.2477 emission. Status: class-level holdout validation only."}}, {"type": "Feature", "geometry": {"type": "LineString", "coordinates": [[-117.24077, 40.17402], [-117.24081, 40.18393]]}, "properties": {"id": "T27-0056", "z": 4, "kind": "end-to-end", "gap_km": 1.1, "mutual": false, "strike": 0.0, "strike_compat": 0.466, "merged_km": 4.856, "base_overlap": 1.0, "argument": "Closing this 1.1 km gap would join two currently disconnected mapped systems (0.8 km and 3.0 km) into one 4.9 km system. Geometry: tip-to-tip along strike; one-sided; the tip points 0 deg off the link and 32 deg. The link strikes N0 E and 47% of the distance-weighted catalogued fault length within ~40 km lies within 20 deg of that strike (data-driven kinematic domain; no external stress model). Structural-setting label (geometry only; mapping to settings is ours): linkage/termination/step-over settings host ~25%/32% of characterised Great Basin geothermal systems (Faulds & Hinz 2015). Connectivity context: the catalogue network is near its critical connectivity (Berkowitz-style P=5.78 vs Pc 5.6-6.0 at the domain scale), where individual closures matter most, but Berkowitz et al. (2000) give ensemble statistics, not a verdict on this particular gap. Base coverage: 100% of its dots already lie within 300 m of the 0.2477 emission. Status: class-level holdout validation only."}}, {"type": "Feature", "geometry": {"type": "LineString", "coordinates": [[-118.00743, 38.70299], [-118.00729, 38.69308]]}, "properties": {"id": "T27-0057", "z": 4, "kind": "end-to-end", "gap_km": 1.1, "mutual": true, "strike": 0.0, "strike_compat": 0.319, "merged_km": 2.583, "base_overlap": 1.0, "argument": "Closing this 1.1 km gap would join two currently disconnected mapped systems (1.1 km and 0.4 km) into one 2.6 km system. Geometry: tip-to-tip along strike; mutual nearest tips; the tip points 7 deg off the link and 0 deg. The link strikes N0 E and 32% of the distance-weighted catalogued fault length within ~40 km lies within 20 deg of that strike (data-driven kinematic domain; no external stress model). Structural-setting label (geometry only; mapping to settings is ours): linkage/termination/step-over settings host ~25%/32% of characterised Great Basin geothermal systems (Faulds & Hinz 2015). Connectivity context: the catalogue network is near its critical connectivity (Berkowitz-style P=5.78 vs Pc 5.6-6.0 at the domain scale), where individual closures matter most, but Berkowitz et al. (2000) give ensemble statistics, not a verdict on this particular gap. Base coverage: 100% of its dots already lie within 300 m of the 0.2477 emission. Status: class-level holdout validation only."}}, {"type": "Feature", "geometry": {"type": "LineString", "coordinates": [[-118.11806, 39.15795], [-118.10868, 39.15083]]}, "properties": {"id": "T27-0058", "z": 4, "kind": "end-to-end", "gap_km": 1.131, "mutual": true, "strike": 135.0, "strike_compat": 0.078, "merged_km": 7.564, "base_overlap": 0.0, "argument": "Closing this 1.1 km gap would join two currently disconnected mapped systems (3.0 km and 3.5 km) into one 7.6 km system. Geometry: tip-to-tip along strike; mutual nearest tips; the tip points 4 deg off the link and 4 deg. The link strikes N135 E and 8% of the distance-weighted catalogued fault length within ~40 km lies within 20 deg of that strike (data-driven kinematic domain; no external stress model). Structural-setting label (geometry only; mapping to settings is ours): linkage/termination/step-over settings host ~25%/32% of characterised Great Basin geothermal systems (Faulds & Hinz 2015). Connectivity context: the catalogue network is near its critical connectivity (Berkowitz-style P=5.78 vs Pc 5.6-6.0 at the domain scale), where individual closures matter most, but Berkowitz et al. (2000) give ensemble statistics, not a verdict on this particular gap. Base coverage: 0% of its dots already lie within 300 m of the 0.2477 emission. Status: class-level holdout validation only."}}, {"type": "Feature", "geometry": {"type": "LineString", "coordinates": [[-118.18596, 39.342], [-118.19044, 39.33204]]}, "properties": {"id": "T27-0059", "z": 4, "kind": "end-to-end", "gap_km": 1.17, "mutual": false, "strike": 19.983, "strike_compat": 0.64, "merged_km": 3.843, "base_overlap": 0.0, "argument": "Closing this 1.2 km gap would join two currently disconnected mapped systems (1.3 km and 1.4 km) into one 3.8 km system. Geometry: tip-to-tip along strike; one-sided; the tip points 7 deg off the link and 6 deg. The link strikes N20 E and 64% of the distance-weighted catalogued fault length within ~40 km lies within 20 deg of that strike (data-driven kinematic domain; no external stress model). Structural-setting label (geometry only; mapping to settings is ours): linkage/termination/step-over settings host ~25%/32% of characterised Great Basin geothermal systems (Faulds & Hinz 2015). Connectivity context: the catalogue network is near its critical connectivity (Berkowitz-style P=5.78 vs Pc 5.6-6.0 at the domain scale), where individual closures matter most, but Berkowitz et al. (2000) give ensemble statistics, not a verdict on this particular gap. Base coverage: 0% of its dots already lie within 300 m of the 0.2477 emission. Status: class-level holdout validation only."}}, {"type": "Feature", "geometry": {"type": "LineString", "coordinates": [[-119.29249, 39.22185], [-119.28754, 39.21204]]}, "properties": {"id": "T27-0060", "z": 4, "kind": "end-to-end", "gap_km": 1.17, "mutual": true, "strike": 160.017, "strike_compat": 0.234, "merged_km": 4.419, "base_overlap": 0.0, "argument": "Closing this 1.2 km gap would join two currently disconnected mapped systems (2.7 km and 0.5 km) into one 4.4 km system. Geometry: tip-to-tip along strike; mutual nearest tips; the tip points 13 deg off the link and 20 deg. The link strikes N160 E and 23% of the distance-weighted catalogued fault length within ~40 km lies within 20 deg of that strike (data-driven kinematic domain; no external stress model). Structural-setting label (geometry only; mapping to settings is ours): linkage/termination/step-over settings host ~25%/32% of characterised Great Basin geothermal systems (Faulds & Hinz 2015). Connectivity context: the catalogue network is near its critical connectivity (Berkowitz-style P=5.78 vs Pc 5.6-6.0 at the domain scale), where individual closures matter most, but Berkowitz et al. (2000) give ensemble statistics, not a verdict on this particular gap. Base coverage: 0% of its dots already lie within 300 m of the 0.2477 emission. Status: class-level holdout validation only."}}, {"type": "Feature", "geometry": {"type": "LineString", "coordinates": [[-119.43545, 39.83516], [-119.42583, 39.82725]]}, "properties": {"id": "T27-0061", "z": 4, "kind": "end-to-end", "gap_km": 1.204, "mutual": true, "strike": 138.366, "strike_compat": 0.31, "merged_km": 2.977, "base_overlap": 1.0, "argument": "Closing this 1.2 km gap would join two currently disconnected mapped systems (0.8 km and 1.0 km) into one 3.0 km system. Geometry: tip-to-tip along strike; mutual nearest tips; the tip points 3 deg off the link and 10 deg. The link strikes N138 E and 31% of the distance-weighted catalogued fault length within ~40 km lies within 20 deg of that strike (data-driven kinematic domain; no external stress model). Structural-setting label (geometry only; mapping to settings is ours): linkage/termination/step-over settings host ~25%/32% of characterised Great Basin geothermal systems (Faulds & Hinz 2015). Connectivity context: the catalogue network is near its critical connectivity (Berkowitz-style P=5.78 vs Pc 5.6-6.0 at the domain scale), where individual closures matter most, but Berkowitz et al. (2000) give ensemble statistics, not a verdict on this particular gap. Base coverage: 100% of its dots already lie within 300 m of the 0.2477 emission. Status: class-level holdout validation only."}}, {"type": "Feature", "geometry": {"type": "LineString", "coordinates": [[-117.57556, 38.04803], [-117.56536, 38.05529]]}, "properties": {"id": "T27-0062", "z": 4, "kind": "end-to-end", "gap_km": 1.204, "mutual": true, "strike": 48.366, "strike_compat": 0.376, "merged_km": 5.708, "base_overlap": 0.0, "argument": "Closing this 1.2 km gap would join two currently disconnected mapped systems (2.9 km and 1.6 km) into one 5.7 km system. Geometry: tip-to-tip along strike; mutual nearest tips; the tip points 15 deg off the link and 21 deg. The link strikes N48 E and 38% of the distance-weighted catalogued fault length within ~40 km lies within 20 deg of that strike (data-driven kinematic domain; no external stress model). Structural-setting label (geometry only; mapping to settings is ours): linkage/termination/step-over settings host ~25%/32% of characterised Great Basin geothermal systems (Faulds & Hinz 2015). Connectivity context: the catalogue network is near its critical connectivity (Berkowitz-style P=5.78 vs Pc 5.6-6.0 at the domain scale), where individual closures matter most, but Berkowitz et al. (2000) give ensemble statistics, not a verdict on this particular gap. Base coverage: 0% of its dots already lie within 300 m of the 0.2477 emission. Status: class-level holdout validation only."}}, {"type": "Feature", "geometry": {"type": "LineString", "coordinates": [[-118.41032, 39.41968], [-118.41593, 39.40971]]}, "properties": {"id": "T27-0063", "z": 4, "kind": "end-to-end", "gap_km": 1.208, "mutual": true, "strike": 24.444, "strike_compat": 0.603, "merged_km": 4.615, "base_overlap": 0.333, "argument": "Closing this 1.2 km gap would join two currently disconnected mapped systems (2.0 km and 1.4 km) into one 4.6 km system. Geometry: tip-to-tip along strike; mutual nearest tips; the tip points 17 deg off the link and 10 deg. The link strikes N24 E and 60% of the distance-weighted catalogued fault length within ~40 km lies within 20 deg of that strike (data-driven kinematic domain; no external stress model). Structural-setting label (geometry only; mapping to settings is ours): linkage/termination/step-over settings host ~25%/32% of characterised Great Basin geothermal systems (Faulds & Hinz 2015). Connectivity context: the catalogue network is near its critical connectivity (Berkowitz-style P=5.78 vs Pc 5.6-6.0 at the domain scale), where individual closures matter most, but Berkowitz et al. (2000) give ensemble statistics, not a verdict on this particular gap. Base coverage: 33% of its dots already lie within 300 m of the 0.2477 emission. Status: class-level holdout validation only."}}, {"type": "Feature", "geometry": {"type": "LineString", "coordinates": [[-118.49272, 39.14294], [-118.50535, 39.13827]]}, "properties": {"id": "T27-0064", "z": 4, "kind": "end-to-end", "gap_km": 1.208, "mutual": true, "strike": 65.556, "strike_compat": 0.044, "merged_km": 2.615, "base_overlap": 0.333, "argument": "Closing this 1.2 km gap would join two currently disconnected mapped systems (0.7 km and 0.7 km) into one 2.6 km system. Geometry: tip-to-tip along strike; mutual nearest tips; the tip points 14 deg off the link and 16 deg. The link strikes N66 E and 4% of the distance-weighted catalogued fault length within ~40 km lies within 20 deg of that strike (data-driven kinematic domain; no external stress model). Structural-setting label (geometry only; mapping to settings is ours): linkage/termination/step-over settings host ~25%/32% of characterised Great Basin geothermal systems (Faulds & Hinz 2015). Connectivity context: the catalogue network is near its critical connectivity (Berkowitz-style P=5.78 vs Pc 5.6-6.0 at the domain scale), where individual closures matter most, but Berkowitz et al. (2000) give ensemble statistics, not a verdict on this particular gap. Base coverage: 33% of its dots already lie within 300 m of the 0.2477 emission. Status: class-level holdout validation only."}}, {"type": "Feature", "geometry": {"type": "LineString", "coordinates": [[-118.27224, 39.30054], [-118.27437, 39.2897]]}, "properties": {"id": "T27-0065", "z": 4, "kind": "end-to-end", "gap_km": 1.217, "mutual": true, "strike": 9.462, "strike_compat": 0.618, "merged_km": 5.086, "base_overlap": 0.0, "argument": "Closing this 1.2 km gap would join two currently disconnected mapped systems (1.3 km and 2.5 km) into one 5.1 km system. Geometry: tip-to-tip along strike; mutual nearest tips; the tip points 27 deg off the link and 32 deg. The link strikes N9 E and 62% of the distance-weighted catalogued fault length within ~40 km lies within 20 deg of that strike (data-driven kinematic domain; no external stress model). Structural-setting label (geometry only; mapping to settings is ours): linkage/termination/step-over settings host ~25%/32% of characterised Great Basin geothermal systems (Faulds & Hinz 2015). Connectivity context: the catalogue network is near its critical connectivity (Berkowitz-style P=5.78 vs Pc 5.6-6.0 at the domain scale), where individual closures matter most, but Berkowitz et al. (2000) give ensemble statistics, not a verdict on this particular gap. Base coverage: 0% of its dots already lie within 300 m of the 0.2477 emission. Status: class-level holdout validation only."}}, {"type": "Feature", "geometry": {"type": "LineString", "coordinates": [[-118.00443, 39.8708], [-118.01248, 39.86172]]}, "properties": {"id": "T27-0066", "z": 4, "kind": "end-to-end", "gap_km": 1.221, "mutual": true, "strike": 34.992, "strike_compat": 0.464, "merged_km": 6.242, "base_overlap": 0.0, "argument": "Closing this 1.2 km gap would join two currently disconnected mapped systems (0.3 km and 4.7 km) into one 6.2 km system. Geometry: tip-to-tip along strike; mutual nearest tips; the tip points 17 deg off the link and 7 deg. The link strikes N35 E and 46% of the distance-weighted catalogued fault length within ~40 km lies within 20 deg of that strike (data-driven kinematic domain; no external stress model). Structural-setting label (geometry only; mapping to settings is ours): linkage/termination/step-over settings host ~25%/32% of characterised Great Basin geothermal systems (Faulds & Hinz 2015). Connectivity context: the catalogue network is near its critical connectivity (Berkowitz-style P=5.78 vs Pc 5.6-6.0 at the domain scale), where individual closures matter most, but Berkowitz et al. (2000) give ensemble statistics, not a verdict on this particular gap. Base coverage: 0% of its dots already lie within 300 m of the 0.2477 emission. Status: class-level holdout validation only."}}, {"type": "Feature", "geometry": {"type": "LineString", "coordinates": [[-117.55866, 40.55311], [-117.55856, 40.5414]]}, "properties": {"id": "T27-0067", "z": 4, "kind": "end-to-end", "gap_km": 1.3, "mutual": true, "strike": 0.0, "strike_compat": 0.597, "merged_km": 9.66, "base_overlap": 0.75, "argument": "Closing this 1.3 km gap would join two currently disconnected mapped systems (1.7 km and 6.7 km) into one 9.7 km system. Geometry: tip-to-tip along strike; mutual nearest tips; the tip points 14 deg off the link and 14 deg. The link strikes N0 E and 60% of the distance-weighted catalogued fault length within ~40 km lies within 20 deg of that strike (data-driven kinematic domain; no external stress model). Structural-setting label (geometry only; mapping to settings is ours): linkage/termination/step-over settings host ~25%/32% of characterised Great Basin geothermal systems (Faulds & Hinz 2015). Connectivity context: the catalogue network is near its critical connectivity (Berkowitz-style P=5.78 vs Pc 5.6-6.0 at the domain scale), where individual closures matter most, but Berkowitz et al. (2000) give ensemble statistics, not a verdict on this particular gap. Base coverage: 75% of its dots already lie within 300 m of the 0.2477 emission. Status: class-level holdout validation only."}}, {"type": "Feature", "geometry": {"type": "LineString", "coordinates": [[-119.4793, 39.32973], [-119.49305, 39.32494]]}, "properties": {"id": "T27-0068", "z": 4, "kind": "end-to-end", "gap_km": 1.3, "mutual": true, "strike": 67.38, "strike_compat": 0.326, "merged_km": 2.549, "base_overlap": 0.0, "argument": "Closing this 1.3 km gap would join two currently disconnected mapped systems (0.7 km and 0.5 km) into one 2.5 km system. Geometry: tip-to-tip along strike; mutual nearest tips; the tip points 4 deg off the link and 31 deg. The link strikes N67 E and 33% of the distance-weighted catalogued fault length within ~40 km lies within 20 deg of that strike (data-driven kinematic domain; no external stress model). Structural-setting label (geometry only; mapping to settings is ours): linkage/termination/step-over settings host ~25%/32% of characterised Great Basin geothermal systems (Faulds & Hinz 2015). Connectivity context: the catalogue network is near its critical connectivity (Berkowitz-style P=5.78 vs Pc 5.6-6.0 at the domain scale), where individual closures matter most, but Berkowitz et al. (2000) give ensemble statistics, not a verdict on this particular gap. Base coverage: 0% of its dots already lie within 300 m of the 0.2477 emission. Status: class-level holdout validation only."}}, {"type": "Feature", "geometry": {"type": "LineString", "coordinates": [[-118.28821, 38.64887], [-118.28228, 38.63813]]}, "properties": {"id": "T27-0069", "z": 4, "kind": "end-to-end", "gap_km": 1.3, "mutual": true, "strike": 157.38, "strike_compat": 0.527, "merged_km": 10.064, "base_overlap": 1.0, "argument": "Closing this 1.3 km gap would join two currently disconnected mapped systems (1.0 km and 7.7 km) into one 10.1 km system. Geometry: tip-to-tip along strike; mutual nearest tips; the tip points 9 deg off the link and 19 deg. The link strikes N157 E and 53% of the distance-weighted catalogued fault length within ~40 km lies within 20 deg of that strike (data-driven kinematic domain; no external stress model). Structural-setting label (geometry only; mapping to settings is ours): linkage/termination/step-over settings host ~25%/32% of characterised Great Basin geothermal systems (Faulds & Hinz 2015). Connectivity context: the catalogue network is near its critical connectivity (Berkowitz-style P=5.78 vs Pc 5.6-6.0 at the domain scale), where individual closures matter most, but Berkowitz et al. (2000) give ensemble statistics, not a verdict on this particular gap. Base coverage: 100% of its dots already lie within 300 m of the 0.2477 emission. Status: class-level holdout validation only."}}, {"type": "Feature", "geometry": {"type": "LineString", "coordinates": [[-118.48489, 39.86564], [-118.49283, 39.85473]]}, "properties": {"id": "T27-0070", "z": 4, "kind": "end-to-end", "gap_km": 1.389, "mutual": true, "strike": 30.256, "strike_compat": 0.378, "merged_km": 4.735, "base_overlap": 0.0, "argument": "Closing this 1.4 km gap would join two currently disconnected mapped systems (2.4 km and 0.9 km) into one 4.7 km system. Geometry: tip-to-tip along strike; mutual nearest tips; the tip points 15 deg off the link and 5 deg. The link strikes N30 E and 38% of the distance-weighted catalogued fault length within ~40 km lies within 20 deg of that strike (data-driven kinematic domain; no external stress model). Structural-setting label (geometry only; mapping to settings is ours): linkage/termination/step-over settings host ~25%/32% of characterised Great Basin geothermal systems (Faulds & Hinz 2015). Connectivity context: the catalogue network is near its critical connectivity (Berkowitz-style P=5.78 vs Pc 5.6-6.0 at the domain scale), where individual closures matter most, but Berkowitz et al. (2000) give ensemble statistics, not a verdict on this particular gap. Base coverage: 0% of its dots already lie within 300 m of the 0.2477 emission. Status: class-level holdout validation only."}}, {"type": "Feature", "geometry": {"type": "LineString", "coordinates": [[-119.08618, 40.33835], [-119.0917, 40.32653]]}, "properties": {"id": "T27-0071", "z": 4, "kind": "end-to-end", "gap_km": 1.393, "mutual": true, "strike": 21.038, "strike_compat": 0.62, "merged_km": 13.095, "base_overlap": 0.75, "argument": "Closing this 1.4 km gap would join two currently disconnected mapped systems (10.0 km and 1.7 km) into one 13.1 km system. Geometry: tip-to-tip along strike; mutual nearest tips; the tip points 6 deg off the link and 11 deg. The link strikes N21 E and 62% of the distance-weighted catalogued fault length within ~40 km lies within 20 deg of that strike (data-driven kinematic domain; no external stress model). Structural-setting label (geometry only; mapping to settings is ours): linkage/termination/step-over settings host ~25%/32% of characterised Great Basin geothermal systems (Faulds & Hinz 2015). Connectivity context: the catalogue network is near its critical connectivity (Berkowitz-style P=5.78 vs Pc 5.6-6.0 at the domain scale), where individual closures matter most, but Berkowitz et al. (2000) give ensemble statistics, not a verdict on this particular gap. Base coverage: 75% of its dots already lie within 300 m of the 0.2477 emission. Status: class-level holdout validation only."}}, {"type": "Feature", "geometry": {"type": "LineString", "coordinates": [[-118.42196, 38.67165], [-118.438, 38.66875]]}, "properties": {"id": "T27-0072", "z": 4, "kind": "end-to-end", "gap_km": 1.432, "mutual": true, "strike": 77.905, "strike_compat": 0.232, "merged_km": 4.863, "base_overlap": 0.75, "argument": "Closing this 1.4 km gap would join two currently disconnected mapped systems (1.9 km and 1.6 km) into one 4.9 km system. Geometry: tip-to-tip along strike; mutual nearest tips; the tip points 8 deg off the link and 2 deg. The link strikes N78 E and 23% of the distance-weighted catalogued fault length within ~40 km lies within 20 deg of that strike (data-driven kinematic domain; no external stress model). Structural-setting label (geometry only; mapping to settings is ours): linkage/termination/step-over settings host ~25%/32% of characterised Great Basin geothermal systems (Faulds & Hinz 2015). Connectivity context: the catalogue network is near its critical connectivity (Berkowitz-style P=5.78 vs Pc 5.6-6.0 at the domain scale), where individual closures matter most, but Berkowitz et al. (2000) give ensemble statistics, not a verdict on this particular gap. Base coverage: 75% of its dots already lie within 300 m of the 0.2477 emission. Status: class-level holdout validation only."}}, {"type": "Feature", "geometry": {"type": "LineString", "coordinates": [[-118.06178, 37.78057], [-118.07299, 37.77055]]}, "properties": {"id": "T27-0073", "z": 4, "kind": "end-to-end", "gap_km": 1.487, "mutual": true, "strike": 42.274, "strike_compat": 0.301, "merged_km": 5.781, "base_overlap": 0.0, "argument": "Closing this 1.5 km gap would join two currently disconnected mapped systems (2.9 km and 1.4 km) into one 5.8 km system. Geometry: tip-to-tip along strike; mutual nearest tips; the tip points 5 deg off the link and 5 deg. The link strikes N42 E and 30% of the distance-weighted catalogued fault length within ~40 km lies within 20 deg of that strike (data-driven kinematic domain; no external stress model). Structural-setting label (geometry only; mapping to settings is ours): linkage/termination/step-over settings host ~25%/32% of characterised Great Basin geothermal systems (Faulds & Hinz 2015). Connectivity context: the catalogue network is near its critical connectivity (Berkowitz-style P=5.78 vs Pc 5.6-6.0 at the domain scale), where individual closures matter most, but Berkowitz et al. (2000) give ensemble statistics, not a verdict on this particular gap. Base coverage: 0% of its dots already lie within 300 m of the 0.2477 emission. Status: class-level holdout validation only."}}, {"type": "Feature", "geometry": {"type": "LineString", "coordinates": [[-118.68794, 39.08081], [-118.67729, 39.07015]]}, "properties": {"id": "T27-0074", "z": 4, "kind": "end-to-end", "gap_km": 1.5, "mutual": true, "strike": 143.13, "strike_compat": 0.524, "merged_km": 7.06, "base_overlap": 0.333, "argument": "Closing this 1.5 km gap would join two currently disconnected mapped systems (2.0 km and 3.5 km) into one 7.1 km system. Geometry: tip-to-tip along strike; mutual nearest tips; the tip points 16 deg off the link and 12 deg. The link strikes N143 E and 52% of the distance-weighted catalogued fault length within ~40 km lies within 20 deg of that strike (data-driven kinematic domain; no external stress model). Structural-setting label (geometry only; mapping to settings is ours): linkage/termination/step-over settings host ~25%/32% of characterised Great Basin geothermal systems (Faulds & Hinz 2015). Connectivity context: the catalogue network is near its critical connectivity (Berkowitz-style P=5.78 vs Pc 5.6-6.0 at the domain scale), where individual closures matter most, but Berkowitz et al. (2000) give ensemble statistics, not a verdict on this particular gap. Base coverage: 33% of its dots already lie within 300 m of the 0.2477 emission. Status: class-level holdout validation only."}}, {"type": "Feature", "geometry": {"type": "LineString", "coordinates": [[-117.09404, 40.2328], [-117.0952, 40.21928]]}, "properties": {"id": "T27-0075", "z": 4, "kind": "end-to-end", "gap_km": 1.503, "mutual": true, "strike": 3.814, "strike_compat": 0.447, "merged_km": 9.073, "base_overlap": 0.75, "argument": "Closing this 1.5 km gap would join two currently disconnected mapped systems (2.2 km and 5.4 km) into one 9.1 km system. Geometry: tip-to-tip along strike; mutual nearest tips; the tip points 11 deg off the link and 23 deg. The link strikes N4 E and 45% of the distance-weighted catalogued fault length within ~40 km lies within 20 deg of that strike (data-driven kinematic domain; no external stress model). Structural-setting label (geometry only; mapping to settings is ours): linkage/termination/step-over settings host ~25%/32% of characterised Great Basin geothermal systems (Faulds & Hinz 2015). Connectivity context: the catalogue network is near its critical connectivity (Berkowitz-style P=5.78 vs Pc 5.6-6.0 at the domain scale), where individual closures matter most, but Berkowitz et al. (2000) give ensemble statistics, not a verdict on this particular gap. Base coverage: 75% of its dots already lie within 300 m of the 0.2477 emission. Status: class-level holdout validation only."}}, {"type": "Feature", "geometry": {"type": "LineString", "coordinates": [[-117.05754, 40.15624], [-117.05635, 40.14272]]}, "properties": {"id": "T27-0076", "z": 4, "kind": "end-to-end", "gap_km": 1.503, "mutual": true, "strike": 176.186, "strike_compat": 0.25, "merged_km": 4.093, "base_overlap": 1.0, "argument": "Closing this 1.5 km gap would join two currently disconnected mapped systems (0.6 km and 1.9 km) into one 4.1 km system. Geometry: tip-to-tip along strike; mutual nearest tips; the tip points 13 deg off the link and 18 deg. The link strikes N176 E and 25% of the distance-weighted catalogued fault length within ~40 km lies within 20 deg of that strike (data-driven kinematic domain; no external stress model). Structural-setting label (geometry only; mapping to settings is ours): linkage/termination/step-over settings host ~25%/32% of characterised Great Basin geothermal systems (Faulds & Hinz 2015). Connectivity context: the catalogue network is near its critical connectivity (Berkowitz-style P=5.78 vs Pc 5.6-6.0 at the domain scale), where individual closures matter most, but Berkowitz et al. (2000) give ensemble statistics, not a verdict on this particular gap. Base coverage: 100% of its dots already lie within 300 m of the 0.2477 emission. Status: class-level holdout validation only."}}, {"type": "Feature", "geometry": {"type": "LineString", "coordinates": [[-116.73478, 40.71902], [-116.74193, 40.70642]]}, "properties": {"id": "T27-0077", "z": 4, "kind": "end-to-end", "gap_km": 1.523, "mutual": true, "strike": 23.199, "strike_compat": 0.506, "merged_km": 9.024, "base_overlap": 0.75, "argument": "Closing this 1.5 km gap would join two currently disconnected mapped systems (4.9 km and 2.6 km) into one 9.0 km system. Geometry: tip-to-tip along strike; mutual nearest tips; the tip points 11 deg off the link and 26 deg. The link strikes N23 E and 51% of the distance-weighted catalogued fault length within ~40 km lies within 20 deg of that strike (data-driven kinematic domain; no external stress model). Structural-setting label (geometry only; mapping to settings is ours): linkage/termination/step-over settings host ~25%/32% of characterised Great Basin geothermal systems (Faulds & Hinz 2015). Connectivity context: the catalogue network is near its critical connectivity (Berkowitz-style P=5.78 vs Pc 5.6-6.0 at the domain scale), where individual closures matter most, but Berkowitz et al. (2000) give ensemble statistics, not a verdict on this particular gap. Base coverage: 75% of its dots already lie within 300 m of the 0.2477 emission. Status: class-level holdout validation only."}}, {"type": "Feature", "geometry": {"type": "LineString", "coordinates": [[-117.26278, 40.39921], [-117.27689, 40.39017]]}, "properties": {"id": "T27-0078", "z": 4, "kind": "end-to-end", "gap_km": 1.562, "mutual": true, "strike": 50.194, "strike_compat": 0.252, "merged_km": 4.042, "base_overlap": 1.0, "argument": "Closing this 1.6 km gap would join two currently disconnected mapped systems (0.4 km and 2.1 km) into one 4.0 km system. Geometry: tip-to-tip along strike; mutual nearest tips; the tip points 5 deg off the link and 5 deg. The link strikes N50 E and 25% of the distance-weighted catalogued fault length within ~40 km lies within 20 deg of that strike (data-driven kinematic domain; no external stress model). Structural-setting label (geometry only; mapping to settings is ours): linkage/termination/step-over settings host ~25%/32% of characterised Great Basin geothermal systems (Faulds & Hinz 2015). Connectivity context: the catalogue network is near its critical connectivity (Berkowitz-style P=5.78 vs Pc 5.6-6.0 at the domain scale), where individual closures matter most, but Berkowitz et al. (2000) give ensemble statistics, not a verdict on this particular gap. Base coverage: 100% of its dots already lie within 300 m of the 0.2477 emission. Status: class-level holdout validation only."}}, {"type": "Feature", "geometry": {"type": "LineString", "coordinates": [[-117.99414, 39.23476], [-118.00207, 39.22208]]}, "properties": {"id": "T27-0079", "z": 4, "kind": "end-to-end", "gap_km": 1.565, "mutual": true, "strike": 26.565, "strike_compat": 0.69, "merged_km": 5.972, "base_overlap": 1.0, "argument": "Closing this 1.6 km gap would join two currently disconnected mapped systems (3.6 km and 0.8 km) into one 6.0 km system. Geometry: tip-to-tip along strike; mutual nearest tips; the tip points 19 deg off the link and 3 deg. The link strikes N27 E and 69% of the distance-weighted catalogued fault length within ~40 km lies within 20 deg of that strike (data-driven kinematic domain; no external stress model). Structural-setting label (geometry only; mapping to settings is ours): linkage/termination/step-over settings host ~25%/32% of characterised Great Basin geothermal systems (Faulds & Hinz 2015). Connectivity context: the catalogue network is near its critical connectivity (Berkowitz-style P=5.78 vs Pc 5.6-6.0 at the domain scale), where individual closures matter most, but Berkowitz et al. (2000) give ensemble statistics, not a verdict on this particular gap. Base coverage: 100% of its dots already lie within 300 m of the 0.2477 emission. Status: class-level holdout validation only."}}, {"type": "Feature", "geometry": {"type": "LineString", "coordinates": [[-119.2047, 39.78122], [-119.2101, 39.7676]]}, "properties": {"id": "T27-0080", "z": 4, "kind": "end-to-end", "gap_km": 1.581, "mutual": true, "strike": 18.435, "strike_compat": 0.479, "merged_km": 5.071, "base_overlap": 0.25, "argument": "Closing this 1.6 km gap would join two currently disconnected mapped systems (1.6 km and 1.8 km) into one 5.1 km system. Geometry: tip-to-tip along strike; mutual nearest tips; the tip points 26 deg off the link and 4 deg. The link strikes N18 E and 48% of the distance-weighted catalogued fault length within ~40 km lies within 20 deg of that strike (data-driven kinematic domain; no external stress model). Structural-setting label (geometry only; mapping to settings is ours): linkage/termination/step-over settings host ~25%/32% of characterised Great Basin geothermal systems (Faulds & Hinz 2015). Connectivity context: the catalogue network is near its critical connectivity (Berkowitz-style P=5.78 vs Pc 5.6-6.0 at the domain scale), where individual closures matter most, but Berkowitz et al. (2000) give ensemble statistics, not a verdict on this particular gap. Base coverage: 25% of its dots already lie within 300 m of the 0.2477 emission. Status: class-level holdout validation only."}}, {"type": "Feature", "geometry": {"type": "LineString", "coordinates": [[-118.42909, 39.8249], [-118.43582, 39.8113]]}, "properties": {"id": "T27-0081", "z": 4, "kind": "end-to-end", "gap_km": 1.616, "mutual": false, "strike": 21.801, "strike_compat": 0.48, "merged_km": 4.213, "base_overlap": 0.0, "argument": "Closing this 1.6 km gap would join two currently disconnected mapped systems (1.8 km and 0.8 km) into one 4.2 km system. Geometry: tip-to-tip along strike; one-sided; the tip points 10 deg off the link and 35 deg. The link strikes N22 E and 48% of the distance-weighted catalogued fault length within ~40 km lies within 20 deg of that strike (data-driven kinematic domain; no external stress model). Structural-setting label (geometry only; mapping to settings is ours): linkage/termination/step-over settings host ~25%/32% of characterised Great Basin geothermal systems (Faulds & Hinz 2015). Connectivity context: the catalogue network is near its critical connectivity (Berkowitz-style P=5.78 vs Pc 5.6-6.0 at the domain scale), where individual closures matter most, but Berkowitz et al. (2000) give ensemble statistics, not a verdict on this particular gap. Base coverage: 0% of its dots already lie within 300 m of the 0.2477 emission. Status: class-level holdout validation only."}}, {"type": "Feature", "geometry": {"type": "LineString", "coordinates": [[-117.97895, 37.52622], [-117.97198, 37.51275]]}, "properties": {"id": "T27-0082", "z": 4, "kind": "end-to-end", "gap_km": 1.616, "mutual": true, "strike": 158.199, "strike_compat": 0.684, "merged_km": 5.413, "base_overlap": 1.0, "argument": "Closing this 1.6 km gap would join two currently disconnected mapped systems (0.8 km and 3.0 km) into one 5.4 km system. Geometry: tip-to-tip along strike; mutual nearest tips; the tip points 22 deg off the link and 10 deg. The link strikes N158 E and 68% of the distance-weighted catalogued fault length within ~40 km lies within 20 deg of that strike (data-driven kinematic domain; no external stress model). Structural-setting label (geometry only; mapping to settings is ours): linkage/termination/step-over settings host ~25%/32% of characterised Great Basin geothermal systems (Faulds & Hinz 2015). Connectivity context: the catalogue network is near its critical connectivity (Berkowitz-style P=5.78 vs Pc 5.6-6.0 at the domain scale), where individual closures matter most, but Berkowitz et al. (2000) give ensemble statistics, not a verdict on this particular gap. Base coverage: 100% of its dots already lie within 300 m of the 0.2477 emission. Status: class-level holdout validation only."}}, {"type": "Feature", "geometry": {"type": "LineString", "coordinates": [[-117.53382, 40.10097], [-117.54664, 40.09009]]}, "properties": {"id": "T27-0083", "z": 4, "kind": "end-to-end", "gap_km": 1.628, "mutual": true, "strike": 42.51, "strike_compat": 0.336, "merged_km": 7.963, "base_overlap": 1.0, "argument": "Closing this 1.6 km gap would join two currently disconnected mapped systems (5.4 km and 0.9 km) into one 8.0 km system. Geometry: tip-to-tip along strike; mutual nearest tips; the tip points 11 deg off the link and 22 deg. The link strikes N43 E and 34% of the distance-weighted catalogued fault length within ~40 km lies within 20 deg of that strike (data-driven kinematic domain; no external stress model). Structural-setting label (geometry only; mapping to settings is ours): linkage/termination/step-over settings host ~25%/32% of characterised Great Basin geothermal systems (Faulds & Hinz 2015). Connectivity context: the catalogue network is near its critical connectivity (Berkowitz-style P=5.78 vs Pc 5.6-6.0 at the domain scale), where individual closures matter most, but Berkowitz et al. (2000) give ensemble statistics, not a verdict on this particular gap. Base coverage: 100% of its dots already lie within 300 m of the 0.2477 emission. Status: class-level holdout validation only."}}, {"type": "Feature", "geometry": {"type": "LineString", "coordinates": [[-117.83424, 40.0109], [-117.84582, 39.9991]]}, "properties": {"id": "T27-0084", "z": 4, "kind": "end-to-end", "gap_km": 1.64, "mutual": true, "strike": 37.569, "strike_compat": 0.641, "merged_km": 10.08, "base_overlap": 1.0, "argument": "Closing this 1.6 km gap would join two currently disconnected mapped systems (4.5 km and 4.0 km) into one 10.1 km system. Geometry: tip-to-tip along strike; mutual nearest tips; the tip points 11 deg off the link and 7 deg. The link strikes N38 E and 64% of the distance-weighted catalogued fault length within ~40 km lies within 20 deg of that strike (data-driven kinematic domain; no external stress model). Structural-setting label (geometry only; mapping to settings is ours): linkage/termination/step-over settings host ~25%/32% of characterised Great Basin geothermal systems (Faulds & Hinz 2015). Connectivity context: the catalogue network is near its critical connectivity (Berkowitz-style P=5.78 vs Pc 5.6-6.0 at the domain scale), where individual closures matter most, but Berkowitz et al. (2000) give ensemble statistics, not a verdict on this particular gap. Base coverage: 100% of its dots already lie within 300 m of the 0.2477 emission. Status: class-level holdout validation only."}}, {"type": "Feature", "geometry": {"type": "LineString", "coordinates": [[-117.44357, 40.29415], [-117.43877, 40.27975]]}, "properties": {"id": "T27-0085", "z": 4, "kind": "end-to-end", "gap_km": 1.649, "mutual": true, "strike": 165.964, "strike_compat": 0.283, "merged_km": 5.922, "base_overlap": 0.8, "argument": "Closing this 1.6 km gap would join two currently disconnected mapped systems (3.6 km and 0.7 km) into one 5.9 km system. Geometry: tip-to-tip along strike; mutual nearest tips; the tip points 14 deg off the link and 14 deg. The link strikes N166 E and 28% of the distance-weighted catalogued fault length within ~40 km lies within 20 deg of that strike (data-driven kinematic domain; no external stress model). Structural-setting label (geometry only; mapping to settings is ours): linkage/termination/step-over settings host ~25%/32% of characterised Great Basin geothermal systems (Faulds & Hinz 2015). Connectivity context: the catalogue network is near its critical connectivity (Berkowitz-style P=5.78 vs Pc 5.6-6.0 at the domain scale), where individual closures matter most, but Berkowitz et al. (2000) give ensemble statistics, not a verdict on this particular gap. Base coverage: 80% of its dots already lie within 300 m of the 0.2477 emission. Status: class-level holdout validation only."}}, {"type": "Feature", "geometry": {"type": "LineString", "coordinates": [[-116.43252, 40.47829], [-116.41827, 40.48903]]}, "properties": {"id": "T27-0086", "z": 4, "kind": "end-to-end", "gap_km": 1.697, "mutual": false, "strike": 45.0, "strike_compat": 0.457, "merged_km": 4.56, "base_overlap": 0.0, "argument": "Closing this 1.7 km gap would join two currently disconnected mapped systems (2.0 km and 0.9 km) into one 4.6 km system. Geometry: tip-to-tip along strike; one-sided; the tip points 8 deg off the link and 0 deg. The link strikes N45 E and 46% of the distance-weighted catalogued fault length within ~40 km lies within 20 deg of that strike (data-driven kinematic domain; no external stress model). Structural-setting label (geometry only; mapping to settings is ours): linkage/termination/step-over settings host ~25%/32% of characterised Great Basin geothermal systems (Faulds & Hinz 2015). Connectivity context: the catalogue network is near its critical connectivity (Berkowitz-style P=5.78 vs Pc 5.6-6.0 at the domain scale), where individual closures matter most, but Berkowitz et al. (2000) give ensemble statistics, not a verdict on this particular gap. Base coverage: 0% of its dots already lie within 300 m of the 0.2477 emission. Status: class-level holdout validation only."}}, {"type": "Feature", "geometry": {"type": "LineString", "coordinates": [[-116.94721, 40.09498], [-116.93312, 40.10578]]}, "properties": {"id": "T27-0087", "z": 4, "kind": "end-to-end", "gap_km": 1.697, "mutual": false, "strike": 45.0, "strike_compat": 0.478, "merged_km": 6.084, "base_overlap": 0.667, "argument": "Closing this 1.7 km gap would join two currently disconnected mapped systems (0.6 km and 3.8 km) into one 6.1 km system. Geometry: tip-to-tip along strike; one-sided; the tip points 14 deg off the link and 9 deg. The link strikes N45 E and 48% of the distance-weighted catalogued fault length within ~40 km lies within 20 deg of that strike (data-driven kinematic domain; no external stress model). Structural-setting label (geometry only; mapping to settings is ours): linkage/termination/step-over settings host ~25%/32% of characterised Great Basin geothermal systems (Faulds & Hinz 2015). Connectivity context: the catalogue network is near its critical connectivity (Berkowitz-style P=5.78 vs Pc 5.6-6.0 at the domain scale), where individual closures matter most, but Berkowitz et al. (2000) give ensemble statistics, not a verdict on this particular gap. Base coverage: 67% of its dots already lie within 300 m of the 0.2477 emission. Status: class-level holdout validation only."}}, {"type": "Feature", "geometry": {"type": "LineString", "coordinates": [[-119.00687, 40.2839], [-118.99786, 40.29757]]}, "properties": {"id": "T27-0088", "z": 4, "kind": "end-to-end", "gap_km": 1.7, "mutual": false, "strike": 28.072, "strike_compat": 0.644, "merged_km": 3.656, "base_overlap": 0.5, "argument": "Closing this 1.7 km gap would join two currently disconnected mapped systems (0.4 km and 1.6 km) into one 3.7 km system. Geometry: tip-to-tip along strike; one-sided; the tip points 6 deg off the link and 4 deg. The link strikes N28 E and 64% of the distance-weighted catalogued fault length within ~40 km lies within 20 deg of that strike (data-driven kinematic domain; no external stress model). Structural-setting label (geometry only; mapping to settings is ours): linkage/termination/step-over settings host ~25%/32% of characterised Great Basin geothermal systems (Faulds & Hinz 2015). Connectivity context: the catalogue network is near its critical connectivity (Berkowitz-style P=5.78 vs Pc 5.6-6.0 at the domain scale), where individual closures matter most, but Berkowitz et al. (2000) give ensemble statistics, not a verdict on this particular gap. Base coverage: 50% of its dots already lie within 300 m of the 0.2477 emission. Status: class-level holdout validation only."}}, {"type": "Feature", "geometry": {"type": "LineString", "coordinates": [[-118.48695, 39.79895], [-118.48662, 39.78363]]}, "properties": {"id": "T27-0089", "z": 4, "kind": "end-to-end", "gap_km": 1.7, "mutual": true, "strike": 0.0, "strike_compat": 0.38, "merged_km": 5.014, "base_overlap": 0.0, "argument": "Closing this 1.7 km gap would join two currently disconnected mapped systems (2.1 km and 1.2 km) into one 5.0 km system. Geometry: tip-to-tip along strike; mutual nearest tips; the tip points 11 deg off the link and 7 deg. The link strikes N0 E and 38% of the distance-weighted catalogued fault length within ~40 km lies within 20 deg of that strike (data-driven kinematic domain; no external stress model). Structural-setting label (geometry only; mapping to settings is ours): linkage/termination/step-over settings host ~25%/32% of characterised Great Basin geothermal systems (Faulds & Hinz 2015). Connectivity context: the catalogue network is near its critical connectivity (Berkowitz-style P=5.78 vs Pc 5.6-6.0 at the domain scale), where individual closures matter most, but Berkowitz et al. (2000) give ensemble statistics, not a verdict on this particular gap. Base coverage: 0% of its dots already lie within 300 m of the 0.2477 emission. Status: class-level holdout validation only."}}, {"type": "Feature", "geometry": {"type": "LineString", "coordinates": [[-118.21573, 39.38584], [-118.22245, 39.37135]]}, "properties": {"id": "T27-0090", "z": 4, "kind": "end-to-end", "gap_km": 1.709, "mutual": true, "strike": 20.556, "strike_compat": 0.649, "merged_km": 2.892, "base_overlap": 0.0, "argument": "Closing this 1.7 km gap would join two currently disconnected mapped systems (0.6 km and 0.6 km) into one 2.9 km system. Geometry: tip-to-tip along strike; mutual nearest tips; the tip points 21 deg off the link and 1 deg. The link strikes N21 E and 65% of the distance-weighted catalogued fault length within ~40 km lies within 20 deg of that strike (data-driven kinematic domain; no external stress model). Structural-setting label (geometry only; mapping to settings is ours): linkage/termination/step-over settings host ~25%/32% of characterised Great Basin geothermal systems (Faulds & Hinz 2015). Connectivity context: the catalogue network is near its critical connectivity (Berkowitz-style P=5.78 vs Pc 5.6-6.0 at the domain scale), where individual closures matter most, but Berkowitz et al. (2000) give ensemble statistics, not a verdict on this particular gap. Base coverage: 0% of its dots already lie within 300 m of the 0.2477 emission. Status: class-level holdout validation only."}}, {"type": "Feature", "geometry": {"type": "LineString", "coordinates": [[-118.45123, 38.81187], [-118.43947, 38.7994]]}, "properties": {"id": "T27-0091", "z": 4, "kind": "end-to-end", "gap_km": 1.72, "mutual": true, "strike": 144.462, "strike_compat": 0.533, "merged_km": 9.926, "base_overlap": 0.0, "argument": "Closing this 1.7 km gap would join two currently disconnected mapped systems (7.6 km and 0.6 km) into one 9.9 km system. Geometry: tip-to-tip along strike; mutual nearest tips; the tip points 14 deg off the link and 9 deg. The link strikes N144 E and 53% of the distance-weighted catalogued fault length within ~40 km lies within 20 deg of that strike (data-driven kinematic domain; no external stress model). Structural-setting label (geometry only; mapping to settings is ours): linkage/termination/step-over settings host ~25%/32% of characterised Great Basin geothermal systems (Faulds & Hinz 2015). Connectivity context: the catalogue network is near its critical connectivity (Berkowitz-style P=5.78 vs Pc 5.6-6.0 at the domain scale), where individual closures matter most, but Berkowitz et al. (2000) give ensemble statistics, not a verdict on this particular gap. Base coverage: 0% of its dots already lie within 300 m of the 0.2477 emission. Status: class-level holdout validation only."}}, {"type": "Feature", "geometry": {"type": "LineString", "coordinates": [[-117.57211, 40.04943], [-117.58019, 40.03497]]}, "properties": {"id": "T27-0092", "z": 4, "kind": "end-to-end", "gap_km": 1.746, "mutual": false, "strike": 23.629, "strike_compat": 0.672, "merged_km": 5.185, "base_overlap": 0.4, "argument": "Closing this 1.7 km gap would join two currently disconnected mapped systems (2.3 km and 1.1 km) into one 5.2 km system. Geometry: tip-to-tip along strike; one-sided; the tip points 10 deg off the link and 34 deg. The link strikes N24 E and 67% of the distance-weighted catalogued fault length within ~40 km lies within 20 deg of that strike (data-driven kinematic domain; no external stress model). Structural-setting label (geometry only; mapping to settings is ours): linkage/termination/step-over settings host ~25%/32% of characterised Great Basin geothermal systems (Faulds & Hinz 2015). Connectivity context: the catalogue network is near its critical connectivity (Berkowitz-style P=5.78 vs Pc 5.6-6.0 at the domain scale), where individual closures matter most, but Berkowitz et al. (2000) give ensemble statistics, not a verdict on this particular gap. Base coverage: 40% of its dots already lie within 300 m of the 0.2477 emission. Status: class-level holdout validation only."}}, {"type": "Feature", "geometry": {"type": "LineString", "coordinates": [[-118.80651, 39.64666], [-118.80029, 39.63144]]}, "properties": {"id": "T27-0093", "z": 4, "kind": "end-to-end", "gap_km": 1.772, "mutual": true, "strike": 163.61, "strike_compat": 0.229, "merged_km": 3.113, "base_overlap": 0.2, "argument": "Closing this 1.8 km gap would join two currently disconnected mapped systems (0.5 km and 0.8 km) into one 3.1 km system. Geometry: tip-to-tip along strike; mutual nearest tips; the tip points 5 deg off the link and 16 deg. The link strikes N164 E and 23% of the distance-weighted catalogued fault length within ~40 km lies within 20 deg of that strike (data-driven kinematic domain; no external stress model). Structural-setting label (geometry only; mapping to settings is ours): linkage/termination/step-over settings host ~25%/32% of characterised Great Basin geothermal systems (Faulds & Hinz 2015). Connectivity context: the catalogue network is near its critical connectivity (Berkowitz-style P=5.78 vs Pc 5.6-6.0 at the domain scale), where individual closures matter most, but Berkowitz et al. (2000) give ensemble statistics, not a verdict on this particular gap. Base coverage: 20% of its dots already lie within 300 m of the 0.2477 emission. Status: class-level holdout validation only."}}, {"type": "Feature", "geometry": {"type": "LineString", "coordinates": [[-119.26151, 39.62607], [-119.26098, 39.60987]]}, "properties": {"id": "T27-0094", "z": 4, "kind": "end-to-end", "gap_km": 1.8, "mutual": true, "strike": 0.0, "strike_compat": 0.308, "merged_km": 5.873, "base_overlap": 0.0, "argument": "Closing this 1.8 km gap would join two currently disconnected mapped systems (1.9 km and 2.2 km) into one 5.9 km system. Geometry: tip-to-tip along strike; mutual nearest tips; the tip points 7 deg off the link and 14 deg. The link strikes N0 E and 31% of the distance-weighted catalogued fault length within ~40 km lies within 20 deg of that strike (data-driven kinematic domain; no external stress model). Structural-setting label (geometry only; mapping to settings is ours): linkage/termination/step-over settings host ~25%/32% of characterised Great Basin geothermal systems (Faulds & Hinz 2015). Connectivity context: the catalogue network is near its critical connectivity (Berkowitz-style P=5.78 vs Pc 5.6-6.0 at the domain scale), where individual closures matter most, but Berkowitz et al. (2000) give ensemble statistics, not a verdict on this particular gap. Base coverage: 0% of its dots already lie within 300 m of the 0.2477 emission. Status: class-level holdout validation only."}}, {"type": "Feature", "geometry": {"type": "LineString", "coordinates": [[-119.18294, 39.53568], [-119.17089, 39.52239]]}, "properties": {"id": "T27-0095", "z": 4, "kind": "end-to-end", "gap_km": 1.803, "mutual": true, "strike": 146.31, "strike_compat": 0.16, "merged_km": 4.634, "base_overlap": 0.0, "argument": "Closing this 1.8 km gap would join two currently disconnected mapped systems (1.0 km and 1.8 km) into one 4.6 km system. Geometry: tip-to-tip along strike; mutual nearest tips; the tip points 13 deg off the link and 20 deg. The link strikes N146 E and 16% of the distance-weighted catalogued fault length within ~40 km lies within 20 deg of that strike (data-driven kinematic domain; no external stress model). Structural-setting label (geometry only; mapping to settings is ours): linkage/termination/step-over settings host ~25%/32% of characterised Great Basin geothermal systems (Faulds & Hinz 2015). Connectivity context: the catalogue network is near its critical connectivity (Berkowitz-style P=5.78 vs Pc 5.6-6.0 at the domain scale), where individual closures matter most, but Berkowitz et al. (2000) give ensemble statistics, not a verdict on this particular gap. Base coverage: 0% of its dots already lie within 300 m of the 0.2477 emission. Status: class-level holdout validation only."}}, {"type": "Feature", "geometry": {"type": "LineString", "coordinates": [[-118.82164, 40.04373], [-118.82472, 40.02746]]}, "properties": {"id": "T27-0096", "z": 4, "kind": "end-to-end", "gap_km": 1.825, "mutual": false, "strike": 9.462, "strike_compat": 0.508, "merged_km": 4.073, "base_overlap": 1.0, "argument": "Closing this 1.8 km gap would join two currently disconnected mapped systems (1.7 km and 0.6 km) into one 4.1 km system. Geometry: tip-to-tip along strike; one-sided; the tip points 5 deg off the link and 31 deg. The link strikes N9 E and 51% of the distance-weighted catalogued fault length within ~40 km lies within 20 deg of that strike (data-driven kinematic domain; no external stress model). Structural-setting label (geometry only; mapping to settings is ours): linkage/termination/step-over settings host ~25%/32% of characterised Great Basin geothermal systems (Faulds & Hinz 2015). Connectivity context: the catalogue network is near its critical connectivity (Berkowitz-style P=5.78 vs Pc 5.6-6.0 at the domain scale), where individual closures matter most, but Berkowitz et al. (2000) give ensemble statistics, not a verdict on this particular gap. Base coverage: 100% of its dots already lie within 300 m of the 0.2477 emission. Status: class-level holdout validation only."}}, {"type": "Feature", "geometry": {"type": "LineString", "coordinates": [[-117.20544, 40.14256], [-117.1961, 40.15789]]}, "properties": {"id": "T27-0097", "z": 4, "kind": "end-to-end", "gap_km": 1.879, "mutual": false, "strike": 25.201, "strike_compat": 0.608, "merged_km": 5.586, "base_overlap": 0.0, "argument": "Closing this 1.9 km gap would join two currently disconnected mapped systems (2.6 km and 1.1 km) into one 5.6 km system. Geometry: tip-to-tip along strike; one-sided; the tip points 5 deg off the link and 32 deg. The link strikes N25 E and 61% of the distance-weighted catalogued fault length within ~40 km lies within 20 deg of that strike (data-driven kinematic domain; no external stress model). Structural-setting label (geometry only; mapping to settings is ours): linkage/termination/step-over settings host ~25%/32% of characterised Great Basin geothermal systems (Faulds & Hinz 2015). Connectivity context: the catalogue network is near its critical connectivity (Berkowitz-style P=5.78 vs Pc 5.6-6.0 at the domain scale), where individual closures matter most, but Berkowitz et al. (2000) give ensemble statistics, not a verdict on this particular gap. Base coverage: 0% of its dots already lie within 300 m of the 0.2477 emission. Status: class-level holdout validation only."}}, {"type": "Feature", "geometry": {"type": "LineString", "coordinates": [[-118.58547, 38.05496], [-118.57092, 38.06778]]}, "properties": {"id": "T27-0098", "z": 4, "kind": "end-to-end", "gap_km": 1.91, "mutual": false, "strike": 42.879, "strike_compat": 0.506, "merged_km": 5.739, "base_overlap": 0.0, "argument": "Closing this 1.9 km gap would join two currently disconnected mapped systems (2.1 km and 1.7 km) into one 5.7 km system. Geometry: tip-to-tip along strike; one-sided; the tip points 2 deg off the link and 7 deg. The link strikes N43 E and 51% of the distance-weighted catalogued fault length within ~40 km lies within 20 deg of that strike (data-driven kinematic domain; no external stress model). Structural-setting label (geometry only; mapping to settings is ours): linkage/termination/step-over settings host ~25%/32% of characterised Great Basin geothermal systems (Faulds & Hinz 2015). Connectivity context: the catalogue network is near its critical connectivity (Berkowitz-style P=5.78 vs Pc 5.6-6.0 at the domain scale), where individual closures matter most, but Berkowitz et al. (2000) give ensemble statistics, not a verdict on this particular gap. Base coverage: 0% of its dots already lie within 300 m of the 0.2477 emission. Status: class-level holdout validation only."}}, {"type": "Feature", "geometry": {"type": "LineString", "coordinates": [[-118.10323, 39.09772], [-118.10643, 39.08057]]}, "properties": {"id": "T27-0099", "z": 4, "kind": "end-to-end", "gap_km": 1.924, "mutual": false, "strike": 8.973, "strike_compat": 0.611, "merged_km": 4.455, "base_overlap": 0.0, "argument": "Closing this 1.9 km gap would join two currently disconnected mapped systems (1.7 km and 0.8 km) into one 4.5 km system. Geometry: tip-to-tip along strike; one-sided; the tip points 12 deg off the link and 32 deg. The link strikes N9 E and 61% of the distance-weighted catalogued fault length within ~40 km lies within 20 deg of that strike (data-driven kinematic domain; no external stress model). Structural-setting label (geometry only; mapping to settings is ours): linkage/termination/step-over settings host ~25%/32% of characterised Great Basin geothermal systems (Faulds & Hinz 2015). Connectivity context: the catalogue network is near its critical connectivity (Berkowitz-style P=5.78 vs Pc 5.6-6.0 at the domain scale), where individual closures matter most, but Berkowitz et al. (2000) give ensemble statistics, not a verdict on this particular gap. Base coverage: 0% of its dots already lie within 300 m of the 0.2477 emission. Status: class-level holdout validation only."}}, {"type": "Feature", "geometry": {"type": "LineString", "coordinates": [[-119.05716, 39.53167], [-119.06247, 39.51446]]}, "properties": {"id": "T27-0100", "z": 4, "kind": "end-to-end", "gap_km": 1.965, "mutual": true, "strike": 14.744, "strike_compat": 0.334, "merged_km": 7.917, "base_overlap": 0.167, "argument": "Closing this 2.0 km gap would join two currently disconnected mapped systems (3.6 km and 2.4 km) into one 7.9 km system. Geometry: tip-to-tip along strike; mutual nearest tips; the tip points 6 deg off the link and 22 deg. The link strikes N15 E and 33% of the distance-weighted catalogued fault length within ~40 km lies within 20 deg of that strike (data-driven kinematic domain; no external stress model). Structural-setting label (geometry only; mapping to settings is ours): linkage/termination/step-over settings host ~25%/32% of characterised Great Basin geothermal systems (Faulds & Hinz 2015). Connectivity context: the catalogue network is near its critical connectivity (Berkowitz-style P=5.78 vs Pc 5.6-6.0 at the domain scale), where individual closures matter most, but Berkowitz et al. (2000) give ensemble statistics, not a verdict on this particular gap. Base coverage: 17% of its dots already lie within 300 m of the 0.2477 emission. Status: class-level holdout validation only."}}, {"type": "Feature", "geometry": {"type": "LineString", "coordinates": [[-117.86824, 38.41303], [-117.85888, 38.39688]]}, "properties": {"id": "T27-0101", "z": 4, "kind": "end-to-end", "gap_km": 1.97, "mutual": false, "strike": 156.038, "strike_compat": 0.677, "merged_km": 3.777, "base_overlap": 0.8, "argument": "Closing this 2.0 km gap would join two currently disconnected mapped systems (1.5 km and 0.3 km) into one 3.8 km system. Geometry: tip-to-tip along strike; one-sided; the tip points 3 deg off the link and 24 deg. The link strikes N156 E and 68% of the distance-weighted catalogued fault length within ~40 km lies within 20 deg of that strike (data-driven kinematic domain; no external stress model). Structural-setting label (geometry only; mapping to settings is ours): linkage/termination/step-over settings host ~25%/32% of characterised Great Basin geothermal systems (Faulds & Hinz 2015). Connectivity context: the catalogue network is near its critical connectivity (Berkowitz-style P=5.78 vs Pc 5.6-6.0 at the domain scale), where individual closures matter most, but Berkowitz et al. (2000) give ensemble statistics, not a verdict on this particular gap. Base coverage: 80% of its dots already lie within 300 m of the 0.2477 emission. Status: class-level holdout validation only."}}, {"type": "Feature", "geometry": {"type": "LineString", "coordinates": [[-118.19489, 39.32118], [-118.19575, 39.30315]]}, "properties": {"id": "T27-0102", "z": 4, "kind": "end-to-end", "gap_km": 2.002, "mutual": true, "strike": 2.862, "strike_compat": 0.558, "merged_km": 4.634, "base_overlap": 0.0, "argument": "Closing this 2.0 km gap would join two currently disconnected mapped systems (1.4 km and 1.3 km) into one 4.6 km system. Geometry: tip-to-tip along strike; mutual nearest tips; the tip points 18 deg off the link and 11 deg. The link strikes N3 E and 56% of the distance-weighted catalogued fault length within ~40 km lies within 20 deg of that strike (data-driven kinematic domain; no external stress model). Structural-setting label (geometry only; mapping to settings is ours): linkage/termination/step-over settings host ~25%/32% of characterised Great Basin geothermal systems (Faulds & Hinz 2015). Connectivity context: the catalogue network is near its critical connectivity (Berkowitz-style P=5.78 vs Pc 5.6-6.0 at the domain scale), where individual closures matter most, but Berkowitz et al. (2000) give ensemble statistics, not a verdict on this particular gap. Base coverage: 0% of its dots already lie within 300 m of the 0.2477 emission. Status: class-level holdout validation only."}}, {"type": "Feature", "geometry": {"type": "LineString", "coordinates": [[-118.19227, 39.30319], [-118.19489, 39.32118]]}, "properties": {"id": "T27-0103", "z": 4, "kind": "end-to-end", "gap_km": 2.01, "mutual": false, "strike": 174.289, "strike_compat": 0.428, "merged_km": 5.0, "base_overlap": 0.0, "argument": "Closing this 2.0 km gap would join two currently disconnected mapped systems (1.6 km and 1.4 km) into one 5.0 km system. Geometry: tip-to-tip along strike; one-sided; the tip points 6 deg off the link and 26 deg. The link strikes N174 E and 43% of the distance-weighted catalogued fault length within ~40 km lies within 20 deg of that strike (data-driven kinematic domain; no external stress model). Structural-setting label (geometry only; mapping to settings is ours): linkage/termination/step-over settings host ~25%/32% of characterised Great Basin geothermal systems (Faulds & Hinz 2015). Connectivity context: the catalogue network is near its critical connectivity (Berkowitz-style P=5.78 vs Pc 5.6-6.0 at the domain scale), where individual closures matter most, but Berkowitz et al. (2000) give ensemble statistics, not a verdict on this particular gap. Base coverage: 0% of its dots already lie within 300 m of the 0.2477 emission. Status: class-level holdout validation only."}}, {"type": "Feature", "geometry": {"type": "LineString", "coordinates": [[-119.22172, 39.72954], [-119.23169, 39.71314]]}, "properties": {"id": "T27-0104", "z": 4, "kind": "end-to-end", "gap_km": 2.012, "mutual": true, "strike": 26.565, "strike_compat": 0.397, "merged_km": 5.651, "base_overlap": 0.0, "argument": "Closing this 2.0 km gap would join two currently disconnected mapped systems (0.8 km and 2.8 km) into one 5.7 km system. Geometry: tip-to-tip along strike; mutual nearest tips; the tip points 3 deg off the link and 6 deg. The link strikes N27 E and 40% of the distance-weighted catalogued fault length within ~40 km lies within 20 deg of that strike (data-driven kinematic domain; no external stress model). Structural-setting label (geometry only; mapping to settings is ours): linkage/termination/step-over settings host ~25%/32% of characterised Great Basin geothermal systems (Faulds & Hinz 2015). Connectivity context: the catalogue network is near its critical connectivity (Berkowitz-style P=5.78 vs Pc 5.6-6.0 at the domain scale), where individual closures matter most, but Berkowitz et al. (2000) give ensemble statistics, not a verdict on this particular gap. Base coverage: 0% of its dots already lie within 300 m of the 0.2477 emission. Status: class-level holdout validation only."}}, {"type": "Feature", "geometry": {"type": "LineString", "coordinates": [[-119.70811, 39.87505], [-119.69927, 39.85814]]}, "properties": {"id": "T27-0105", "z": 4, "kind": "end-to-end", "gap_km": 2.025, "mutual": true, "strike": 159.775, "strike_compat": 0.459, "merged_km": 6.885, "base_overlap": 0.0, "argument": "Closing this 2.0 km gap would join two currently disconnected mapped systems (1.4 km and 3.4 km) into one 6.9 km system. Geometry: tip-to-tip along strike; mutual nearest tips; the tip points 25 deg off the link and 29 deg. The link strikes N160 E and 46% of the distance-weighted catalogued fault length within ~40 km lies within 20 deg of that strike (data-driven kinematic domain; no external stress model). Structural-setting label (geometry only; mapping to settings is ours): linkage/termination/step-over settings host ~25%/32% of characterised Great Basin geothermal systems (Faulds & Hinz 2015). Connectivity context: the catalogue network is near its critical connectivity (Berkowitz-style P=5.78 vs Pc 5.6-6.0 at the domain scale), where individual closures matter most, but Berkowitz et al. (2000) give ensemble statistics, not a verdict on this particular gap. Base coverage: 0% of its dots already lie within 300 m of the 0.2477 emission. Status: class-level holdout validation only."}}, {"type": "Feature", "geometry": {"type": "LineString", "coordinates": [[-117.8741, 38.4247], [-117.88689, 38.43993]]}, "properties": {"id": "T27-0106", "z": 4, "kind": "end-to-end", "gap_km": 2.025, "mutual": false, "strike": 147.095, "strike_compat": 0.639, "merged_km": 3.873, "base_overlap": 1.0, "argument": "Closing this 2.0 km gap would join two currently disconnected mapped systems (1.5 km and 0.3 km) into one 3.9 km system. Geometry: tip-to-tip along strike; one-sided; the tip points 12 deg off the link and 14 deg. The link strikes N147 E and 64% of the distance-weighted catalogued fault length within ~40 km lies within 20 deg of that strike (data-driven kinematic domain; no external stress model). Structural-setting label (geometry only; mapping to settings is ours): linkage/termination/step-over settings host ~25%/32% of characterised Great Basin geothermal systems (Faulds & Hinz 2015). Connectivity context: the catalogue network is near its critical connectivity (Berkowitz-style P=5.78 vs Pc 5.6-6.0 at the domain scale), where individual closures matter most, but Berkowitz et al. (2000) give ensemble statistics, not a verdict on this particular gap. Base coverage: 100% of its dots already lie within 300 m of the 0.2477 emission. Status: class-level holdout validation only."}}, {"type": "Feature", "geometry": {"type": "LineString", "coordinates": [[-117.06832, 40.37156], [-117.05655, 40.38778]]}, "properties": {"id": "T27-0107", "z": 4, "kind": "end-to-end", "gap_km": 2.059, "mutual": false, "strike": 29.055, "strike_compat": 0.526, "merged_km": 6.305, "base_overlap": 0.0, "argument": "Closing this 2.1 km gap would join two currently disconnected mapped systems (3.3 km and 1.0 km) into one 6.3 km system. Geometry: tip-to-tip along strike; one-sided; the tip points 11 deg off the link and 34 deg. The link strikes N29 E and 53% of the distance-weighted catalogued fault length within ~40 km lies within 20 deg of that strike (data-driven kinematic domain; no external stress model). Structural-setting label (geometry only; mapping to settings is ours): linkage/termination/step-over settings host ~25%/32% of characterised Great Basin geothermal systems (Faulds & Hinz 2015). Connectivity context: the catalogue network is near its critical connectivity (Berkowitz-style P=5.78 vs Pc 5.6-6.0 at the domain scale), where individual closures matter most, but Berkowitz et al. (2000) give ensemble statistics, not a verdict on this particular gap. Base coverage: 0% of its dots already lie within 300 m of the 0.2477 emission. Status: class-level holdout validation only."}}, {"type": "Feature", "geometry": {"type": "LineString", "coordinates": [[-117.11956, 40.03546], [-117.10434, 40.04989]]}, "properties": {"id": "T27-0108", "z": 4, "kind": "end-to-end", "gap_km": 2.062, "mutual": false, "strike": 39.094, "strike_compat": 0.579, "merged_km": 4.017, "base_overlap": 1.0, "argument": "Closing this 2.1 km gap would join two currently disconnected mapped systems (0.8 km and 1.2 km) into one 4.0 km system. Geometry: tip-to-tip along strike; one-sided; the tip points 6 deg off the link and 2 deg. The link strikes N39 E and 58% of the distance-weighted catalogued fault length within ~40 km lies within 20 deg of that strike (data-driven kinematic domain; no external stress model). Structural-setting label (geometry only; mapping to settings is ours): linkage/termination/step-over settings host ~25%/32% of characterised Great Basin geothermal systems (Faulds & Hinz 2015). Connectivity context: the catalogue network is near its critical connectivity (Berkowitz-style P=5.78 vs Pc 5.6-6.0 at the domain scale), where individual closures matter most, but Berkowitz et al. (2000) give ensemble statistics, not a verdict on this particular gap. Base coverage: 100% of its dots already lie within 300 m of the 0.2477 emission. Status: class-level holdout validation only."}}, {"type": "Feature", "geometry": {"type": "LineString", "coordinates": [[-119.75354, 39.90011], [-119.76931, 39.91414]]}, "properties": {"id": "T27-0109", "z": 4, "kind": "end-to-end", "gap_km": 2.062, "mutual": false, "strike": 140.906, "strike_compat": 0.508, "merged_km": 4.017, "base_overlap": 0.2, "argument": "Closing this 2.1 km gap would join two currently disconnected mapped systems (0.6 km and 1.3 km) into one 4.0 km system. Geometry: tip-to-tip along strike; one-sided; the tip points 6 deg off the link and 10 deg. The link strikes N141 E and 51% of the distance-weighted catalogued fault length within ~40 km lies within 20 deg of that strike (data-driven kinematic domain; no external stress model). Structural-setting label (geometry only; mapping to settings is ours): linkage/termination/step-over settings host ~25%/32% of characterised Great Basin geothermal systems (Faulds & Hinz 2015). Connectivity context: the catalogue network is near its critical connectivity (Berkowitz-style P=5.78 vs Pc 5.6-6.0 at the domain scale), where individual closures matter most, but Berkowitz et al. (2000) give ensemble statistics, not a verdict on this particular gap. Base coverage: 20% of its dots already lie within 300 m of the 0.2477 emission. Status: class-level holdout validation only."}}, {"type": "Feature", "geometry": {"type": "LineString", "coordinates": [[-116.47344, 40.37578], [-116.45918, 40.39103]]}, "properties": {"id": "T27-0110", "z": 4, "kind": "end-to-end", "gap_km": 2.081, "mutual": false, "strike": 35.218, "strike_compat": 0.537, "merged_km": 4.029, "base_overlap": 0.0, "argument": "Closing this 2.1 km gap would join two currently disconnected mapped systems (1.2 km and 0.8 km) into one 4.0 km system. Geometry: tip-to-tip along strike; one-sided; the tip points 15 deg off the link and 19 deg. The link strikes N35 E and 54% of the distance-weighted catalogued fault length within ~40 km lies within 20 deg of that strike (data-driven kinematic domain; no external stress model). Structural-setting label (geometry only; mapping to settings is ours): linkage/termination/step-over settings host ~25%/32% of characterised Great Basin geothermal systems (Faulds & Hinz 2015). Connectivity context: the catalogue network is near its critical connectivity (Berkowitz-style P=5.78 vs Pc 5.6-6.0 at the domain scale), where individual closures matter most, but Berkowitz et al. (2000) give ensemble statistics, not a verdict on this particular gap. Base coverage: 0% of its dots already lie within 300 m of the 0.2477 emission. Status: class-level holdout validation only."}}, {"type": "Feature", "geometry": {"type": "LineString", "coordinates": [[-119.21888, 39.20165], [-119.21944, 39.18272]]}, "properties": {"id": "T27-0111", "z": 4, "kind": "end-to-end", "gap_km": 2.102, "mutual": true, "strike": 2.726, "strike_compat": 0.245, "merged_km": 4.575, "base_overlap": 0.0, "argument": "Closing this 2.1 km gap would join two currently disconnected mapped systems (0.8 km and 1.7 km) into one 4.6 km system. Geometry: tip-to-tip along strike; mutual nearest tips; the tip points 3 deg off the link and 29 deg. The link strikes N3 E and 25% of the distance-weighted catalogued fault length within ~40 km lies within 20 deg of that strike (data-driven kinematic domain; no external stress model). Structural-setting label (geometry only; mapping to settings is ours): linkage/termination/step-over settings host ~25%/32% of characterised Great Basin geothermal systems (Faulds & Hinz 2015). Connectivity context: the catalogue network is near its critical connectivity (Berkowitz-style P=5.78 vs Pc 5.6-6.0 at the domain scale), where individual closures matter most, but Berkowitz et al. (2000) give ensemble statistics, not a verdict on this particular gap. Base coverage: 0% of its dots already lie within 300 m of the 0.2477 emission. Status: class-level holdout validation only."}}, {"type": "Feature", "geometry": {"type": "LineString", "coordinates": [[-118.17126, 38.66452], [-118.16064, 38.64751]]}, "properties": {"id": "T27-0112", "z": 4, "kind": "end-to-end", "gap_km": 2.102, "mutual": true, "strike": 154.654, "strike_compat": 0.569, "merged_km": 11.956, "base_overlap": 0.167, "argument": "Closing this 2.1 km gap would join two currently disconnected mapped systems (6.2 km and 3.6 km) into one 12.0 km system. Geometry: tip-to-tip along strike; mutual nearest tips; the tip points 7 deg off the link and 28 deg. The link strikes N155 E and 57% of the distance-weighted catalogued fault length within ~40 km lies within 20 deg of that strike (data-driven kinematic domain; no external stress model). Structural-setting label (geometry only; mapping to settings is ours): linkage/termination/step-over settings host ~25%/32% of characterised Great Basin geothermal systems (Faulds & Hinz 2015). Connectivity context: the catalogue network is near its critical connectivity (Berkowitz-style P=5.78 vs Pc 5.6-6.0 at the domain scale), where individual closures matter most, but Berkowitz et al. (2000) give ensemble statistics, not a verdict on this particular gap. Base coverage: 17% of its dots already lie within 300 m of the 0.2477 emission. Status: class-level holdout validation only."}}, {"type": "Feature", "geometry": {"type": "LineString", "coordinates": [[-117.88765, 40.15375], [-117.89563, 40.13567]]}, "properties": {"id": "T27-0113", "z": 4, "kind": "end-to-end", "gap_km": 2.119, "mutual": true, "strike": 19.29, "strike_compat": 0.656, "merged_km": 8.52, "base_overlap": 1.0, "argument": "Closing this 2.1 km gap would join two currently disconnected mapped systems (0.9 km and 5.5 km) into one 8.5 km system. Geometry: tip-to-tip along strike; mutual nearest tips; the tip points 10 deg off the link and 5 deg. The link strikes N19 E and 66% of the distance-weighted catalogued fault length within ~40 km lies within 20 deg of that strike (data-driven kinematic domain; no external stress model). Structural-setting label (geometry only; mapping to settings is ours): linkage/termination/step-over settings host ~25%/32% of characterised Great Basin geothermal systems (Faulds & Hinz 2015). Connectivity context: the catalogue network is near its critical connectivity (Berkowitz-style P=5.78 vs Pc 5.6-6.0 at the domain scale), where individual closures matter most, but Berkowitz et al. (2000) give ensemble statistics, not a verdict on this particular gap. Base coverage: 100% of its dots already lie within 300 m of the 0.2477 emission. Status: class-level holdout validation only."}}, {"type": "Feature", "geometry": {"type": "LineString", "coordinates": [[-118.41691, 39.85748], [-118.42002, 39.83853]]}, "properties": {"id": "T27-0114", "z": 4, "kind": "end-to-end", "gap_km": 2.121, "mutual": false, "strike": 8.13, "strike_compat": 0.46, "merged_km": 4.253, "base_overlap": 0.0, "argument": "Closing this 2.1 km gap would join two currently disconnected mapped systems (0.3 km and 1.8 km) into one 4.3 km system. Geometry: tip-to-tip along strike; one-sided; the tip points 8 deg off the link and 12 deg. The link strikes N8 E and 46% of the distance-weighted catalogued fault length within ~40 km lies within 20 deg of that strike (data-driven kinematic domain; no external stress model). Structural-setting label (geometry only; mapping to settings is ours): linkage/termination/step-over settings host ~25%/32% of characterised Great Basin geothermal systems (Faulds & Hinz 2015). Connectivity context: the catalogue network is near its critical connectivity (Berkowitz-style P=5.78 vs Pc 5.6-6.0 at the domain scale), where individual closures matter most, but Berkowitz et al. (2000) give ensemble statistics, not a verdict on this particular gap. Base coverage: 0% of its dots already lie within 300 m of the 0.2477 emission. Status: class-level holdout validation only."}}, {"type": "Feature", "geometry": {"type": "LineString", "coordinates": [[-118.57301, 39.21487], [-118.56911, 39.196]]}, "properties": {"id": "T27-0115", "z": 4, "kind": "end-to-end", "gap_km": 2.121, "mutual": true, "strike": 171.87, "strike_compat": 0.369, "merged_km": 4.263, "base_overlap": 0.5, "argument": "Closing this 2.1 km gap would join two currently disconnected mapped systems (1.1 km and 1.0 km) into one 4.3 km system. Geometry: tip-to-tip along strike; mutual nearest tips; the tip points 8 deg off the link and 8 deg. The link strikes N172 E and 37% of the distance-weighted catalogued fault length within ~40 km lies within 20 deg of that strike (data-driven kinematic domain; no external stress model). Structural-setting label (geometry only; mapping to settings is ours): linkage/termination/step-over settings host ~25%/32% of characterised Great Basin geothermal systems (Faulds & Hinz 2015). Connectivity context: the catalogue network is near its critical connectivity (Berkowitz-style P=5.78 vs Pc 5.6-6.0 at the domain scale), where individual closures matter most, but Berkowitz et al. (2000) give ensemble statistics, not a verdict on this particular gap. Base coverage: 50% of its dots already lie within 300 m of the 0.2477 emission. Status: class-level holdout validation only."}}, {"type": "Feature", "geometry": {"type": "LineString", "coordinates": [[-117.05878, 40.23552], [-117.07404, 40.2202]]}, "properties": {"id": "T27-0116", "z": 4, "kind": "end-to-end", "gap_km": 2.14, "mutual": true, "strike": 37.405, "strike_compat": 0.485, "merged_km": 6.113, "base_overlap": 0.0, "argument": "Closing this 2.1 km gap would join two currently disconnected mapped systems (2.5 km and 1.4 km) into one 6.1 km system. Geometry: tip-to-tip along strike; mutual nearest tips; the tip points 23 deg off the link and 30 deg. The link strikes N37 E and 49% of the distance-weighted catalogued fault length within ~40 km lies within 20 deg of that strike (data-driven kinematic domain; no external stress model). Structural-setting label (geometry only; mapping to settings is ours): linkage/termination/step-over settings host ~25%/32% of characterised Great Basin geothermal systems (Faulds & Hinz 2015). Connectivity context: the catalogue network is near its critical connectivity (Berkowitz-style P=5.78 vs Pc 5.6-6.0 at the domain scale), where individual closures matter most, but Berkowitz et al. (2000) give ensemble statistics, not a verdict on this particular gap. Base coverage: 0% of its dots already lie within 300 m of the 0.2477 emission. Status: class-level holdout validation only."}}, {"type": "Feature", "geometry": {"type": "LineString", "coordinates": [[-119.37811, 39.39041], [-119.39744, 39.3783]]}, "properties": {"id": "T27-0117", "z": 4, "kind": "end-to-end", "gap_km": 2.14, "mutual": true, "strike": 52.595, "strike_compat": 0.384, "merged_km": 5.237, "base_overlap": 0.0, "argument": "Closing this 2.1 km gap would join two currently disconnected mapped systems (1.1 km and 2.0 km) into one 5.2 km system. Geometry: tip-to-tip along strike; mutual nearest tips; the tip points 11 deg off the link and 12 deg. The link strikes N53 E and 38% of the distance-weighted catalogued fault length within ~40 km lies within 20 deg of that strike (data-driven kinematic domain; no external stress model). Structural-setting label (geometry only; mapping to settings is ours): linkage/termination/step-over settings host ~25%/32% of characterised Great Basin geothermal systems (Faulds & Hinz 2015). Connectivity context: the catalogue network is near its critical connectivity (Berkowitz-style P=5.78 vs Pc 5.6-6.0 at the domain scale), where individual closures matter most, but Berkowitz et al. (2000) give ensemble statistics, not a verdict on this particular gap. Base coverage: 0% of its dots already lie within 300 m of the 0.2477 emission. Status: class-level holdout validation only."}}, {"type": "Feature", "geometry": {"type": "LineString", "coordinates": [[-119.09252, 39.74005], [-119.10603, 39.72359]]}, "properties": {"id": "T27-0118", "z": 4, "kind": "end-to-end", "gap_km": 2.163, "mutual": false, "strike": 33.69, "strike_compat": 0.45, "merged_km": 7.192, "base_overlap": 0.0, "argument": "Closing this 2.2 km gap would join two currently disconnected mapped systems (1.9 km and 3.1 km) into one 7.2 km system. Geometry: tip-to-tip along strike; one-sided; the tip points 13 deg off the link and 7 deg. The link strikes N34 E and 45% of the distance-weighted catalogued fault length within ~40 km lies within 20 deg of that strike (data-driven kinematic domain; no external stress model). Structural-setting label (geometry only; mapping to settings is ours): linkage/termination/step-over settings host ~25%/32% of characterised Great Basin geothermal systems (Faulds & Hinz 2015). Connectivity context: the catalogue network is near its critical connectivity (Berkowitz-style P=5.78 vs Pc 5.6-6.0 at the domain scale), where individual closures matter most, but Berkowitz et al. (2000) give ensemble statistics, not a verdict on this particular gap. Base coverage: 0% of its dots already lie within 300 m of the 0.2477 emission. Status: class-level holdout validation only."}}, {"type": "Feature", "geometry": {"type": "LineString", "coordinates": [[-118.21325, 39.44353], [-118.22807, 39.42716]]}, "properties": {"id": "T27-0119", "z": 4, "kind": "end-to-end", "gap_km": 2.22, "mutual": true, "strike": 35.838, "strike_compat": 0.421, "merged_km": 5.093, "base_overlap": 1.0, "argument": "Closing this 2.2 km gap would join two currently disconnected mapped systems (1.0 km and 1.8 km) into one 5.1 km system. Geometry: tip-to-tip along strike; mutual nearest tips; the tip points 22 deg off the link and 29 deg. The link strikes N36 E and 42% of the distance-weighted catalogued fault length within ~40 km lies within 20 deg of that strike (data-driven kinematic domain; no external stress model). Structural-setting label (geometry only; mapping to settings is ours): linkage/termination/step-over settings host ~25%/32% of characterised Great Basin geothermal systems (Faulds & Hinz 2015). Connectivity context: the catalogue network is near its critical connectivity (Berkowitz-style P=5.78 vs Pc 5.6-6.0 at the domain scale), where individual closures matter most, but Berkowitz et al. (2000) give ensemble statistics, not a verdict on this particular gap. Base coverage: 100% of its dots already lie within 300 m of the 0.2477 emission. Status: class-level holdout validation only."}}, {"type": "Feature", "geometry": {"type": "LineString", "coordinates": [[-118.49236, 39.77905], [-118.48695, 39.79895]]}, "properties": {"id": "T27-0120", "z": 4, "kind": "end-to-end", "gap_km": 2.256, "mutual": false, "strike": 12.804, "strike_compat": 0.468, "merged_km": 6.953, "base_overlap": 0.0, "argument": "Closing this 2.3 km gap would join two currently disconnected mapped systems (2.6 km and 2.1 km) into one 7.0 km system. Geometry: tip-to-tip along strike; one-sided; the tip points 6 deg off the link and 1 deg. The link strikes N13 E and 47% of the distance-weighted catalogued fault length within ~40 km lies within 20 deg of that strike (data-driven kinematic domain; no external stress model). Structural-setting label (geometry only; mapping to settings is ours): linkage/termination/step-over settings host ~25%/32% of characterised Great Basin geothermal systems (Faulds & Hinz 2015). Connectivity context: the catalogue network is near its critical connectivity (Berkowitz-style P=5.78 vs Pc 5.6-6.0 at the domain scale), where individual closures matter most, but Berkowitz et al. (2000) give ensemble statistics, not a verdict on this particular gap. Base coverage: 0% of its dots already lie within 300 m of the 0.2477 emission. Status: class-level holdout validation only."}}, {"type": "Feature", "geometry": {"type": "LineString", "coordinates": [[-118.2934, 39.3787], [-118.31406, 39.36585]]}, "properties": {"id": "T27-0121", "z": 4, "kind": "end-to-end", "gap_km": 2.28, "mutual": true, "strike": 52.125, "strike_compat": 0.197, "merged_km": 6.933, "base_overlap": 0.0, "argument": "Closing this 2.3 km gap would join two currently disconnected mapped systems (4.1 km and 0.5 km) into one 6.9 km system. Geometry: tip-to-tip along strike; mutual nearest tips; the tip points 12 deg off the link and 15 deg. The link strikes N52 E and 20% of the distance-weighted catalogued fault length within ~40 km lies within 20 deg of that strike (data-driven kinematic domain; no external stress model). Structural-setting label (geometry only; mapping to settings is ours): linkage/termination/step-over settings host ~25%/32% of characterised Great Basin geothermal systems (Faulds & Hinz 2015). Connectivity context: the catalogue network is near its critical connectivity (Berkowitz-style P=5.78 vs Pc 5.6-6.0 at the domain scale), where individual closures matter most, but Berkowitz et al. (2000) give ensemble statistics, not a verdict on this particular gap. Base coverage: 0% of its dots already lie within 300 m of the 0.2477 emission. Status: class-level holdout validation only."}}, {"type": "Feature", "geometry": {"type": "LineString", "coordinates": [[-119.2785, 39.82394], [-119.27315, 39.80332]]}, "properties": {"id": "T27-0122", "z": 4, "kind": "end-to-end", "gap_km": 2.335, "mutual": true, "strike": 170.134, "strike_compat": 0.335, "merged_km": 5.0, "base_overlap": 0.857, "argument": "Closing this 2.3 km gap would join two currently disconnected mapped systems (0.8 km and 1.9 km) into one 5.0 km system. Geometry: tip-to-tip along strike; mutual nearest tips; the tip points 10 deg off the link and 4 deg. The link strikes N170 E and 34% of the distance-weighted catalogued fault length within ~40 km lies within 20 deg of that strike (data-driven kinematic domain; no external stress model). Structural-setting label (geometry only; mapping to settings is ours): linkage/termination/step-over settings host ~25%/32% of characterised Great Basin geothermal systems (Faulds & Hinz 2015). Connectivity context: the catalogue network is near its critical connectivity (Berkowitz-style P=5.78 vs Pc 5.6-6.0 at the domain scale), where individual closures matter most, but Berkowitz et al. (2000) give ensemble statistics, not a verdict on this particular gap. Base coverage: 86% of its dots already lie within 300 m of the 0.2477 emission. Status: class-level holdout validation only."}}, {"type": "Feature", "geometry": {"type": "LineString", "coordinates": [[-117.04356, 40.32832], [-117.06591, 40.3157]]}, "properties": {"id": "T27-0123", "z": 4, "kind": "end-to-end", "gap_km": 2.36, "mutual": true, "strike": 53.616, "strike_compat": 0.35, "merged_km": 7.906, "base_overlap": 0.333, "argument": "Closing this 2.4 km gap would join two currently disconnected mapped systems (0.9 km and 4.7 km) into one 7.9 km system. Geometry: tip-to-tip along strike; mutual nearest tips; the tip points 7 deg off the link and 22 deg. The link strikes N54 E and 35% of the distance-weighted catalogued fault length within ~40 km lies within 20 deg of that strike (data-driven kinematic domain; no external stress model). Structural-setting label (geometry only; mapping to settings is ours): linkage/termination/step-over settings host ~25%/32% of characterised Great Basin geothermal systems (Faulds & Hinz 2015). Connectivity context: the catalogue network is near its critical connectivity (Berkowitz-style P=5.78 vs Pc 5.6-6.0 at the domain scale), where individual closures matter most, but Berkowitz et al. (2000) give ensemble statistics, not a verdict on this particular gap. Base coverage: 33% of its dots already lie within 300 m of the 0.2477 emission. Status: class-level holdout validation only."}}, {"type": "Feature", "geometry": {"type": "LineString", "coordinates": [[-119.25631, 39.3577], [-119.25909, 39.33602]]}, "properties": {"id": "T27-0124", "z": 4, "kind": "end-to-end", "gap_km": 2.419, "mutual": true, "strike": 7.125, "strike_compat": 0.223, "merged_km": 6.202, "base_overlap": 0.714, "argument": "Closing this 2.4 km gap would join two currently disconnected mapped systems (1.5 km and 2.2 km) into one 6.2 km system. Geometry: tip-to-tip along strike; mutual nearest tips; the tip points 7 deg off the link and 7 deg. The link strikes N7 E and 22% of the distance-weighted catalogued fault length within ~40 km lies within 20 deg of that strike (data-driven kinematic domain; no external stress model). Structural-setting label (geometry only; mapping to settings is ours): linkage/termination/step-over settings host ~25%/32% of characterised Great Basin geothermal systems (Faulds & Hinz 2015). Connectivity context: the catalogue network is near its critical connectivity (Berkowitz-style P=5.78 vs Pc 5.6-6.0 at the domain scale), where individual closures matter most, but Berkowitz et al. (2000) give ensemble statistics, not a verdict on this particular gap. Base coverage: 71% of its dots already lie within 300 m of the 0.2477 emission. Status: class-level holdout validation only."}}, {"type": "Feature", "geometry": {"type": "LineString", "coordinates": [[-116.97643, 40.395], [-117.0, 40.38239]]}, "properties": {"id": "T27-0125", "z": 4, "kind": "end-to-end", "gap_km": 2.441, "mutual": false, "strike": 55.008, "strike_compat": 0.402, "merged_km": 5.156, "base_overlap": 0.0, "argument": "Closing this 2.4 km gap would join two currently disconnected mapped systems (1.5 km and 1.2 km) into one 5.2 km system. Geometry: tip-to-tip along strike; one-sided; the tip points 8 deg off the link and 14 deg. The link strikes N55 E and 40% of the distance-weighted catalogued fault length within ~40 km lies within 20 deg of that strike (data-driven kinematic domain; no external stress model). Structural-setting label (geometry only; mapping to settings is ours): linkage/termination/step-over settings host ~25%/32% of characterised Great Basin geothermal systems (Faulds & Hinz 2015). Connectivity context: the catalogue network is near its critical connectivity (Berkowitz-style P=5.78 vs Pc 5.6-6.0 at the domain scale), where individual closures matter most, but Berkowitz et al. (2000) give ensemble statistics, not a verdict on this particular gap. Base coverage: 0% of its dots already lie within 300 m of the 0.2477 emission. Status: class-level holdout validation only."}}, {"type": "Feature", "geometry": {"type": "LineString", "coordinates": [[-118.187, 38.92118], [-118.19935, 38.90123]]}, "properties": {"id": "T27-0126", "z": 4, "kind": "end-to-end", "gap_km": 2.46, "mutual": true, "strike": 26.565, "strike_compat": 0.457, "merged_km": 10.427, "base_overlap": 0.0, "argument": "Closing this 2.5 km gap would join two currently disconnected mapped systems (1.9 km and 6.1 km) into one 10.4 km system. Geometry: tip-to-tip along strike; mutual nearest tips; the tip points 13 deg off the link and 27 deg. The link strikes N27 E and 46% of the distance-weighted catalogued fault length within ~40 km lies within 20 deg of that strike (data-driven kinematic domain; no external stress model). Structural-setting label (geometry only; mapping to settings is ours): linkage/termination/step-over settings host ~25%/32% of characterised Great Basin geothermal systems (Faulds & Hinz 2015). Connectivity context: the catalogue network is near its critical connectivity (Berkowitz-style P=5.78 vs Pc 5.6-6.0 at the domain scale), where individual closures matter most, but Berkowitz et al. (2000) give ensemble statistics, not a verdict on this particular gap. Base coverage: 0% of its dots already lie within 300 m of the 0.2477 emission. Status: class-level holdout validation only."}}, {"type": "Feature", "geometry": {"type": "LineString", "coordinates": [[-119.08124, 39.75287], [-119.06783, 39.77293]]}, "properties": {"id": "T27-0127", "z": 4, "kind": "end-to-end", "gap_km": 2.506, "mutual": false, "strike": 28.61, "strike_compat": 0.503, "merged_km": 5.862, "base_overlap": 0.571, "argument": "Closing this 2.5 km gap would join two currently disconnected mapped systems (1.6 km and 1.7 km) into one 5.9 km system. Geometry: tip-to-tip along strike; one-sided; the tip points 8 deg off the link and 8 deg. The link strikes N29 E and 50% of the distance-weighted catalogued fault length within ~40 km lies within 20 deg of that strike (data-driven kinematic domain; no external stress model). Structural-setting label (geometry only; mapping to settings is ours): linkage/termination/step-over settings host ~25%/32% of characterised Great Basin geothermal systems (Faulds & Hinz 2015). Connectivity context: the catalogue network is near its critical connectivity (Berkowitz-style P=5.78 vs Pc 5.6-6.0 at the domain scale), where individual closures matter most, but Berkowitz et al. (2000) give ensemble statistics, not a verdict on this particular gap. Base coverage: 57% of its dots already lie within 300 m of the 0.2477 emission. Status: class-level holdout validation only."}}, {"type": "Feature", "geometry": {"type": "LineString", "coordinates": [[-118.07596, 38.97723], [-118.0895, 38.95728]]}, "properties": {"id": "T27-0128", "z": 4, "kind": "end-to-end", "gap_km": 2.506, "mutual": false, "strike": 28.61, "strike_compat": 0.548, "merged_km": 6.634, "base_overlap": 0.143, "argument": "Closing this 2.5 km gap would join two currently disconnected mapped systems (3.5 km and 0.6 km) into one 6.6 km system. Geometry: tip-to-tip along strike; one-sided; the tip points 13 deg off the link and 19 deg. The link strikes N29 E and 55% of the distance-weighted catalogued fault length within ~40 km lies within 20 deg of that strike (data-driven kinematic domain; no external stress model). Structural-setting label (geometry only; mapping to settings is ours): linkage/termination/step-over settings host ~25%/32% of characterised Great Basin geothermal systems (Faulds & Hinz 2015). Connectivity context: the catalogue network is near its critical connectivity (Berkowitz-style P=5.78 vs Pc 5.6-6.0 at the domain scale), where individual closures matter most, but Berkowitz et al. (2000) give ensemble statistics, not a verdict on this particular gap. Base coverage: 14% of its dots already lie within 300 m of the 0.2477 emission. Status: class-level holdout validation only."}}, {"type": "Feature", "geometry": {"type": "LineString", "coordinates": [[-117.09033, 40.09135], [-117.09382, 40.06882]]}, "properties": {"id": "T27-0129", "z": 4, "kind": "end-to-end", "gap_km": 2.518, "mutual": false, "strike": 6.843, "strike_compat": 0.431, "merged_km": 3.501, "base_overlap": 1.0, "argument": "Closing this 2.5 km gap would join two currently disconnected mapped systems (0.3 km and 0.7 km) into one 3.5 km system. Geometry: tip-to-tip along strike; one-sided; the tip points 7 deg off the link and 12 deg. The link strikes N7 E and 43% of the distance-weighted catalogued fault length within ~40 km lies within 20 deg of that strike (data-driven kinematic domain; no external stress model). Structural-setting label (geometry only; mapping to settings is ours): linkage/termination/step-over settings host ~25%/32% of characterised Great Basin geothermal systems (Faulds & Hinz 2015). Connectivity context: the catalogue network is near its critical connectivity (Berkowitz-style P=5.78 vs Pc 5.6-6.0 at the domain scale), where individual closures matter most, but Berkowitz et al. (2000) give ensemble statistics, not a verdict on this particular gap. Base coverage: 100% of its dots already lie within 300 m of the 0.2477 emission. Status: class-level holdout validation only."}}, {"type": "Feature", "geometry": {"type": "LineString", "coordinates": [[-119.34724, 39.71536], [-119.3558, 39.69266]]}, "properties": {"id": "T27-0130", "z": 4, "kind": "end-to-end", "gap_km": 2.625, "mutual": true, "strike": 17.745, "strike_compat": 0.361, "merged_km": 6.081, "base_overlap": 0.0, "argument": "Closing this 2.6 km gap would join two currently disconnected mapped systems (2.3 km and 1.1 km) into one 6.1 km system. Geometry: tip-to-tip along strike; mutual nearest tips; the tip points 4 deg off the link and 9 deg. The link strikes N18 E and 36% of the distance-weighted catalogued fault length within ~40 km lies within 20 deg of that strike (data-driven kinematic domain; no external stress model). Structural-setting label (geometry only; mapping to settings is ours): linkage/termination/step-over settings host ~25%/32% of characterised Great Basin geothermal systems (Faulds & Hinz 2015). Connectivity context: the catalogue network is near its critical connectivity (Berkowitz-style P=5.78 vs Pc 5.6-6.0 at the domain scale), where individual closures matter most, but Berkowitz et al. (2000) give ensemble statistics, not a verdict on this particular gap. Base coverage: 0% of its dots already lie within 300 m of the 0.2477 emission. Status: class-level holdout validation only."}}, {"type": "Feature", "geometry": {"type": "LineString", "coordinates": [[-116.90022, 40.13639], [-116.87906, 40.15439]]}, "properties": {"id": "T27-0131", "z": 4, "kind": "end-to-end", "gap_km": 2.691, "mutual": false, "strike": 41.987, "strike_compat": 0.532, "merged_km": 6.536, "base_overlap": 0.0, "argument": "Closing this 2.7 km gap would join two currently disconnected mapped systems (2.1 km and 1.8 km) into one 6.5 km system. Geometry: tip-to-tip along strike; one-sided; the tip points 10 deg off the link and 5 deg. The link strikes N42 E and 53% of the distance-weighted catalogued fault length within ~40 km lies within 20 deg of that strike (data-driven kinematic domain; no external stress model). Structural-setting label (geometry only; mapping to settings is ours): linkage/termination/step-over settings host ~25%/32% of characterised Great Basin geothermal systems (Faulds & Hinz 2015). Connectivity context: the catalogue network is near its critical connectivity (Berkowitz-style P=5.78 vs Pc 5.6-6.0 at the domain scale), where individual closures matter most, but Berkowitz et al. (2000) give ensemble statistics, not a verdict on this particular gap. Base coverage: 0% of its dots already lie within 300 m of the 0.2477 emission. Status: class-level holdout validation only."}}, {"type": "Feature", "geometry": {"type": "LineString", "coordinates": [[-117.33802, 40.59721], [-117.35801, 40.57823]]}, "properties": {"id": "T27-0132", "z": 4, "kind": "end-to-end", "gap_km": 2.702, "mutual": true, "strike": 38.991, "strike_compat": 0.388, "merged_km": 7.43, "base_overlap": 0.0, "argument": "Closing this 2.7 km gap would join two currently disconnected mapped systems (3.3 km and 1.4 km) into one 7.4 km system. Geometry: tip-to-tip along strike; mutual nearest tips; the tip points 3 deg off the link and 19 deg. The link strikes N39 E and 39% of the distance-weighted catalogued fault length within ~40 km lies within 20 deg of that strike (data-driven kinematic domain; no external stress model). Structural-setting label (geometry only; mapping to settings is ours): linkage/termination/step-over settings host ~25%/32% of characterised Great Basin geothermal systems (Faulds & Hinz 2015). Connectivity context: the catalogue network is near its critical connectivity (Berkowitz-style P=5.78 vs Pc 5.6-6.0 at the domain scale), where individual closures matter most, but Berkowitz et al. (2000) give ensemble statistics, not a verdict on this particular gap. Base coverage: 0% of its dots already lie within 300 m of the 0.2477 emission. Status: class-level holdout validation only."}}, {"type": "Feature", "geometry": {"type": "LineString", "coordinates": [[-119.062, 39.77303], [-119.08124, 39.75287]]}, "properties": {"id": "T27-0133", "z": 4, "kind": "end-to-end", "gap_km": 2.78, "mutual": false, "strike": 37.694, "strike_compat": 0.443, "merged_km": 6.177, "base_overlap": 0.571, "argument": "Closing this 2.8 km gap would join two currently disconnected mapped systems (1.8 km and 1.6 km) into one 6.2 km system. Geometry: tip-to-tip along strike; one-sided; the tip points 6 deg off the link and 17 deg. The link strikes N38 E and 44% of the distance-weighted catalogued fault length within ~40 km lies within 20 deg of that strike (data-driven kinematic domain; no external stress model). Structural-setting label (geometry only; mapping to settings is ours): linkage/termination/step-over settings host ~25%/32% of characterised Great Basin geothermal systems (Faulds & Hinz 2015). Connectivity context: the catalogue network is near its critical connectivity (Berkowitz-style P=5.78 vs Pc 5.6-6.0 at the domain scale), where individual closures matter most, but Berkowitz et al. (2000) give ensemble statistics, not a verdict on this particular gap. Base coverage: 57% of its dots already lie within 300 m of the 0.2477 emission. Status: class-level holdout validation only."}}, {"type": "Feature", "geometry": {"type": "LineString", "coordinates": [[-116.905, 40.07873], [-116.90855, 40.05351]]}, "properties": {"id": "T27-0134", "z": 4, "kind": "end-to-end", "gap_km": 2.816, "mutual": true, "strike": 6.116, "strike_compat": 0.309, "merged_km": 4.806, "base_overlap": 0.889, "argument": "Closing this 2.8 km gap would join two currently disconnected mapped systems (0.9 km and 1.1 km) into one 4.8 km system. Geometry: tip-to-tip along strike; mutual nearest tips; the tip points 14 deg off the link and 20 deg. The link strikes N6 E and 31% of the distance-weighted catalogued fault length within ~40 km lies within 20 deg of that strike (data-driven kinematic domain; no external stress model). Structural-setting label (geometry only; mapping to settings is ours): linkage/termination/step-over settings host ~25%/32% of characterised Great Basin geothermal systems (Faulds & Hinz 2015). Connectivity context: the catalogue network is near its critical connectivity (Berkowitz-style P=5.78 vs Pc 5.6-6.0 at the domain scale), where individual closures matter most, but Berkowitz et al. (2000) give ensemble statistics, not a verdict on this particular gap. Base coverage: 89% of its dots already lie within 300 m of the 0.2477 emission. Status: class-level holdout validation only."}}, {"type": "Feature", "geometry": {"type": "LineString", "coordinates": [[-119.38208, 40.4173], [-119.37234, 40.44182]]}, "properties": {"id": "T27-0135", "z": 4, "kind": "end-to-end", "gap_km": 2.846, "mutual": false, "strike": 18.435, "strike_compat": 0.559, "merged_km": 4.836, "base_overlap": 0.0, "argument": "Closing this 2.8 km gap would join two currently disconnected mapped systems (1.4 km and 0.6 km) into one 4.8 km system. Geometry: tip-to-tip along strike; one-sided; the tip points 2 deg off the link and 13 deg. The link strikes N18 E and 56% of the distance-weighted catalogued fault length within ~40 km lies within 20 deg of that strike (data-driven kinematic domain; no external stress model). Structural-setting label (geometry only; mapping to settings is ours): linkage/termination/step-over settings host ~25%/32% of characterised Great Basin geothermal systems (Faulds & Hinz 2015). Connectivity context: the catalogue network is near its critical connectivity (Berkowitz-style P=5.78 vs Pc 5.6-6.0 at the domain scale), where individual closures matter most, but Berkowitz et al. (2000) give ensemble statistics, not a verdict on this particular gap. Base coverage: 0% of its dots already lie within 300 m of the 0.2477 emission. Status: class-level holdout validation only."}}, {"type": "Feature", "geometry": {"type": "LineString", "coordinates": [[-119.24265, 39.6913], [-119.26059, 39.66933]]}, "properties": {"id": "T27-0136", "z": 4, "kind": "end-to-end", "gap_km": 2.884, "mutual": true, "strike": 33.69, "strike_compat": 0.354, "merged_km": 6.323, "base_overlap": 0.571, "argument": "Closing this 2.9 km gap would join two currently disconnected mapped systems (2.8 km and 0.6 km) into one 6.3 km system. Geometry: tip-to-tip along strike; mutual nearest tips; the tip points 13 deg off the link and 3 deg. The link strikes N34 E and 35% of the distance-weighted catalogued fault length within ~40 km lies within 20 deg of that strike (data-driven kinematic domain; no external stress model). Structural-setting label (geometry only; mapping to settings is ours): linkage/termination/step-over settings host ~25%/32% of characterised Great Basin geothermal systems (Faulds & Hinz 2015). Connectivity context: the catalogue network is near its critical connectivity (Berkowitz-style P=5.78 vs Pc 5.6-6.0 at the domain scale), where individual closures matter most, but Berkowitz et al. (2000) give ensemble statistics, not a verdict on this particular gap. Base coverage: 57% of its dots already lie within 300 m of the 0.2477 emission. Status: class-level holdout validation only."}}, {"type": "Feature", "geometry": {"type": "LineString", "coordinates": [[-118.93712, 39.94095], [-118.95998, 39.92165]]}, "properties": {"id": "T27-0137", "z": 4, "kind": "end-to-end", "gap_km": 2.9, "mutual": true, "strike": 43.603, "strike_compat": 0.402, "merged_km": 5.938, "base_overlap": 0.667, "argument": "Closing this 2.9 km gap would join two currently disconnected mapped systems (1.2 km and 1.8 km) into one 5.9 km system. Geometry: tip-to-tip along strike; mutual nearest tips; the tip points 17 deg off the link and 26 deg. The link strikes N44 E and 40% of the distance-weighted catalogued fault length within ~40 km lies within 20 deg of that strike (data-driven kinematic domain; no external stress model). Structural-setting label (geometry only; mapping to settings is ours): linkage/termination/step-over settings host ~25%/32% of characterised Great Basin geothermal systems (Faulds & Hinz 2015). Connectivity context: the catalogue network is near its critical connectivity (Berkowitz-style P=5.78 vs Pc 5.6-6.0 at the domain scale), where individual closures matter most, but Berkowitz et al. (2000) give ensemble statistics, not a verdict on this particular gap. Base coverage: 67% of its dots already lie within 300 m of the 0.2477 emission. Status: class-level holdout validation only."}}, {"type": "Feature", "geometry": {"type": "LineString", "coordinates": [[-119.21296, 39.2342], [-119.21908, 39.20795]]}, "properties": {"id": "T27-0138", "z": 4, "kind": "end-to-end", "gap_km": 2.961, "mutual": true, "strike": 11.689, "strike_compat": 0.244, "merged_km": 5.634, "base_overlap": 0.778, "argument": "Closing this 3.0 km gap would join two currently disconnected mapped systems (1.9 km and 0.8 km) into one 5.6 km system. Geometry: tip-to-tip along strike; mutual nearest tips; the tip points 15 deg off the link and 12 deg. The link strikes N12 E and 24% of the distance-weighted catalogued fault length within ~40 km lies within 20 deg of that strike (data-driven kinematic domain; no external stress model). Structural-setting label (geometry only; mapping to settings is ours): linkage/termination/step-over settings host ~25%/32% of characterised Great Basin geothermal systems (Faulds & Hinz 2015). Connectivity context: the catalogue network is near its critical connectivity (Berkowitz-style P=5.78 vs Pc 5.6-6.0 at the domain scale), where individual closures matter most, but Berkowitz et al. (2000) give ensemble statistics, not a verdict on this particular gap. Base coverage: 78% of its dots already lie within 300 m of the 0.2477 emission. Status: class-level holdout validation only."}}, {"type": "Feature", "geometry": {"type": "LineString", "coordinates": [[-118.02251, 38.30634], [-118.02213, 38.27931]]}, "properties": {"id": "T27-0139", "z": 4, "kind": "end-to-end", "gap_km": 3.0, "mutual": true, "strike": 0.0, "strike_compat": 0.36, "merged_km": 6.556, "base_overlap": 0.778, "argument": "Closing this 3.0 km gap would join two currently disconnected mapped systems (0.3 km and 3.3 km) into one 6.6 km system. Geometry: tip-to-tip along strike; mutual nearest tips; the tip points 0 deg off the link and 14 deg. The link strikes N0 E and 36% of the distance-weighted catalogued fault length within ~40 km lies within 20 deg of that strike (data-driven kinematic domain; no external stress model). Structural-setting label (geometry only; mapping to settings is ours): linkage/termination/step-over settings host ~25%/32% of characterised Great Basin geothermal systems (Faulds & Hinz 2015). Connectivity context: the catalogue network is near its critical connectivity (Berkowitz-style P=5.78 vs Pc 5.6-6.0 at the domain scale), where individual closures matter most, but Berkowitz et al. (2000) give ensemble statistics, not a verdict on this particular gap. Base coverage: 78% of its dots already lie within 300 m of the 0.2477 emission. Status: class-level holdout validation only."}}, {"type": "Feature", "geometry": {"type": "LineString", "coordinates": [[-117.84234, 37.45516], [-117.82513, 37.43185]]}, "properties": {"id": "T27-0140", "z": 4, "kind": "end-to-end", "gap_km": 3.002, "mutual": false, "strike": 150.018, "strike_compat": 0.511, "merged_km": 4.143, "base_overlap": 0.0, "argument": "Closing this 3.0 km gap would join two currently disconnected mapped systems (0.3 km and 0.8 km) into one 4.1 km system. Geometry: tip-to-tip along strike; one-sided; the tip points 12 deg off the link and 30 deg. The link strikes N150 E and 51% of the distance-weighted catalogued fault length within ~40 km lies within 20 deg of that strike (data-driven kinematic domain; no external stress model). Structural-setting label (geometry only; mapping to settings is ours): linkage/termination/step-over settings host ~25%/32% of characterised Great Basin geothermal systems (Faulds & Hinz 2015). Connectivity context: the catalogue network is near its critical connectivity (Berkowitz-style P=5.78 vs Pc 5.6-6.0 at the domain scale), where individual closures matter most, but Berkowitz et al. (2000) give ensemble statistics, not a verdict on this particular gap. Base coverage: 0% of its dots already lie within 300 m of the 0.2477 emission. Status: class-level holdout validation only."}}, {"type": "Feature", "geometry": {"type": "LineString", "coordinates": [[-117.34159, 40.6026], [-117.35801, 40.57823]]}, "properties": {"id": "T27-0141", "z": 4, "kind": "end-to-end", "gap_km": 3.041, "mutual": false, "strike": 27.408, "strike_compat": 0.618, "merged_km": 7.263, "base_overlap": 0.0, "argument": "Closing this 3.0 km gap would join two currently disconnected mapped systems (2.8 km and 1.4 km) into one 7.3 km system. Geometry: tip-to-tip along strike; one-sided; the tip points 2 deg off the link and 31 deg. The link strikes N27 E and 62% of the distance-weighted catalogued fault length within ~40 km lies within 20 deg of that strike (data-driven kinematic domain; no external stress model). Structural-setting label (geometry only; mapping to settings is ours): linkage/termination/step-over settings host ~25%/32% of characterised Great Basin geothermal systems (Faulds & Hinz 2015). Connectivity context: the catalogue network is near its critical connectivity (Berkowitz-style P=5.78 vs Pc 5.6-6.0 at the domain scale), where individual closures matter most, but Berkowitz et al. (2000) give ensemble statistics, not a verdict on this particular gap. Base coverage: 0% of its dots already lie within 300 m of the 0.2477 emission. Status: class-level holdout validation only."}}, {"type": "Feature", "geometry": {"type": "LineString", "coordinates": [[-118.12489, 38.93261], [-118.13833, 38.90725]]}, "properties": {"id": "T27-0142", "z": 4, "kind": "end-to-end", "gap_km": 3.046, "mutual": false, "strike": 23.199, "strike_compat": 0.503, "merged_km": 7.068, "base_overlap": 0.0, "argument": "Closing this 3.0 km gap would join two currently disconnected mapped systems (2.6 km and 1.4 km) into one 7.1 km system. Geometry: tip-to-tip along strike; one-sided; the tip points 3 deg off the link and 3 deg. The link strikes N23 E and 50% of the distance-weighted catalogued fault length within ~40 km lies within 20 deg of that strike (data-driven kinematic domain; no external stress model). Structural-setting label (geometry only; mapping to settings is ours): linkage/termination/step-over settings host ~25%/32% of characterised Great Basin geothermal systems (Faulds & Hinz 2015). Connectivity context: the catalogue network is near its critical connectivity (Berkowitz-style P=5.78 vs Pc 5.6-6.0 at the domain scale), where individual closures matter most, but Berkowitz et al. (2000) give ensemble statistics, not a verdict on this particular gap. Base coverage: 0% of its dots already lie within 300 m of the 0.2477 emission. Status: class-level holdout validation only."}}, {"type": "Feature", "geometry": {"type": "LineString", "coordinates": [[-118.84174, 40.09386], [-118.85276, 40.06756]]}, "properties": {"id": "T27-0143", "z": 4, "kind": "end-to-end", "gap_km": 3.068, "mutual": true, "strike": 19.026, "strike_compat": 0.432, "merged_km": 5.875, "base_overlap": 0.0, "argument": "Closing this 3.1 km gap would join two currently disconnected mapped systems (1.3 km and 1.5 km) into one 5.9 km system. Geometry: tip-to-tip along strike; mutual nearest tips; the tip points 19 deg off the link and 8 deg. The link strikes N19 E and 43% of the distance-weighted catalogued fault length within ~40 km lies within 20 deg of that strike (data-driven kinematic domain; no external stress model). Structural-setting label (geometry only; mapping to settings is ours): linkage/termination/step-over settings host ~25%/32% of characterised Great Basin geothermal systems (Faulds & Hinz 2015). Connectivity context: the catalogue network is near its critical connectivity (Berkowitz-style P=5.78 vs Pc 5.6-6.0 at the domain scale), where individual closures matter most, but Berkowitz et al. (2000) give ensemble statistics, not a verdict on this particular gap. Base coverage: 0% of its dots already lie within 300 m of the 0.2477 emission. Status: class-level holdout validation only."}}, {"type": "Feature", "geometry": {"type": "LineString", "coordinates": [[-118.93956, 39.94451], [-118.95998, 39.92165]]}, "properties": {"id": "T27-0144", "z": 4, "kind": "end-to-end", "gap_km": 3.081, "mutual": false, "strike": 35.754, "strike_compat": 0.487, "merged_km": 5.736, "base_overlap": 0.75, "argument": "Closing this 3.1 km gap would join two currently disconnected mapped systems (0.9 km and 1.8 km) into one 5.7 km system. Geometry: tip-to-tip along strike; one-sided; the tip points 6 deg off the link and 34 deg. The link strikes N36 E and 49% of the distance-weighted catalogued fault length within ~40 km lies within 20 deg of that strike (data-driven kinematic domain; no external stress model). Structural-setting label (geometry only; mapping to settings is ours): linkage/termination/step-over settings host ~25%/32% of characterised Great Basin geothermal systems (Faulds & Hinz 2015). Connectivity context: the catalogue network is near its critical connectivity (Berkowitz-style P=5.78 vs Pc 5.6-6.0 at the domain scale), where individual closures matter most, but Berkowitz et al. (2000) give ensemble statistics, not a verdict on this particular gap. Base coverage: 75% of its dots already lie within 300 m of the 0.2477 emission. Status: class-level holdout validation only."}}, {"type": "Feature", "geometry": {"type": "LineString", "coordinates": [[-118.21131, 39.26425], [-118.1932, 39.28966]]}, "properties": {"id": "T27-0145", "z": 4, "kind": "end-to-end", "gap_km": 3.225, "mutual": false, "strike": 29.745, "strike_compat": 0.555, "merged_km": 5.432, "base_overlap": 0.111, "argument": "Closing this 3.2 km gap would join two currently disconnected mapped systems (0.6 km and 1.6 km) into one 5.4 km system. Geometry: tip-to-tip along strike; one-sided; the tip points 8 deg off the link and 23 deg. The link strikes N30 E and 55% of the distance-weighted catalogued fault length within ~40 km lies within 20 deg of that strike (data-driven kinematic domain; no external stress model). Structural-setting label (geometry only; mapping to settings is ours): linkage/termination/step-over settings host ~25%/32% of characterised Great Basin geothermal systems (Faulds & Hinz 2015). Connectivity context: the catalogue network is near its critical connectivity (Berkowitz-style P=5.78 vs Pc 5.6-6.0 at the domain scale), where individual closures matter most, but Berkowitz et al. (2000) give ensemble statistics, not a verdict on this particular gap. Base coverage: 11% of its dots already lie within 300 m of the 0.2477 emission. Status: class-level holdout validation only."}}, {"type": "Feature", "geometry": {"type": "LineString", "coordinates": [[-119.05517, 40.01369], [-119.05779, 39.98392]]}, "properties": {"id": "T27-0146", "z": 4, "kind": "end-to-end", "gap_km": 3.314, "mutual": false, "strike": 5.194, "strike_compat": 0.51, "merged_km": 5.121, "base_overlap": 0.5, "argument": "Closing this 3.3 km gap would join two currently disconnected mapped systems (0.9 km and 0.9 km) into one 5.1 km system. Geometry: tip-to-tip along strike; one-sided; the tip points 5 deg off the link and 30 deg. The link strikes N5 E and 51% of the distance-weighted catalogued fault length within ~40 km lies within 20 deg of that strike (data-driven kinematic domain; no external stress model). Structural-setting label (geometry only; mapping to settings is ours): linkage/termination/step-over settings host ~25%/32% of characterised Great Basin geothermal systems (Faulds & Hinz 2015). Connectivity context: the catalogue network is near its critical connectivity (Berkowitz-style P=5.78 vs Pc 5.6-6.0 at the domain scale), where individual closures matter most, but Berkowitz et al. (2000) give ensemble statistics, not a verdict on this particular gap. Base coverage: 50% of its dots already lie within 300 m of the 0.2477 emission. Status: class-level holdout validation only."}}, {"type": "Feature", "geometry": {"type": "LineString", "coordinates": [[-116.42492, 40.67735], [-116.43582, 40.64858]]}, "properties": {"id": "T27-0147", "z": 4, "kind": "end-to-end", "gap_km": 3.324, "mutual": false, "strike": 15.709, "strike_compat": 0.459, "merged_km": 7.163, "base_overlap": 0.3, "argument": "Closing this 3.3 km gap would join two currently disconnected mapped systems (2.1 km and 1.7 km) into one 7.2 km system. Geometry: tip-to-tip along strike; one-sided; the tip points 5 deg off the link and 11 deg. The link strikes N16 E and 46% of the distance-weighted catalogued fault length within ~40 km lies within 20 deg of that strike (data-driven kinematic domain; no external stress model). Structural-setting label (geometry only; mapping to settings is ours): linkage/termination/step-over settings host ~25%/32% of characterised Great Basin geothermal systems (Faulds & Hinz 2015). Connectivity context: the catalogue network is near its critical connectivity (Berkowitz-style P=5.78 vs Pc 5.6-6.0 at the domain scale), where individual closures matter most, but Berkowitz et al. (2000) give ensemble statistics, not a verdict on this particular gap. Base coverage: 30% of its dots already lie within 300 m of the 0.2477 emission. Status: class-level holdout validation only."}}, {"type": "Feature", "geometry": {"type": "LineString", "coordinates": [[-117.92656, 37.4996], [-117.90363, 37.47454]]}, "properties": {"id": "T27-0148", "z": 4, "kind": "end-to-end", "gap_km": 3.441, "mutual": true, "strike": 144.462, "strike_compat": 0.497, "merged_km": 7.587, "base_overlap": 0.0, "argument": "Closing this 3.4 km gap would join two currently disconnected mapped systems (1.7 km and 2.4 km) into one 7.6 km system. Geometry: tip-to-tip along strike; mutual nearest tips; the tip points 22 deg off the link and 15 deg. The link strikes N144 E and 50% of the distance-weighted catalogued fault length within ~40 km lies within 20 deg of that strike (data-driven kinematic domain; no external stress model). Structural-setting label (geometry only; mapping to settings is ours): linkage/termination/step-over settings host ~25%/32% of characterised Great Basin geothermal systems (Faulds & Hinz 2015). Connectivity context: the catalogue network is near its critical connectivity (Berkowitz-style P=5.78 vs Pc 5.6-6.0 at the domain scale), where individual closures matter most, but Berkowitz et al. (2000) give ensemble statistics, not a verdict on this particular gap. Base coverage: 0% of its dots already lie within 300 m of the 0.2477 emission. Status: class-level holdout validation only."}}, {"type": "Feature", "geometry": {"type": "LineString", "coordinates": [[-118.07212, 39.7873], [-118.08801, 39.75832]]}, "properties": {"id": "T27-0149", "z": 4, "kind": "end-to-end", "gap_km": 3.493, "mutual": true, "strike": 23.629, "strike_compat": 0.489, "merged_km": 9.328, "base_overlap": 0.0, "argument": "Closing this 3.5 km gap would join two currently disconnected mapped systems (1.4 km and 4.4 km) into one 9.3 km system. Geometry: tip-to-tip along strike; mutual nearest tips; the tip points 14 deg off the link and 18 deg. The link strikes N24 E and 49% of the distance-weighted catalogued fault length within ~40 km lies within 20 deg of that strike (data-driven kinematic domain; no external stress model). Structural-setting label (geometry only; mapping to settings is ours): linkage/termination/step-over settings host ~25%/32% of characterised Great Basin geothermal systems (Faulds & Hinz 2015). Connectivity context: the catalogue network is near its critical connectivity (Berkowitz-style P=5.78 vs Pc 5.6-6.0 at the domain scale), where individual closures matter most, but Berkowitz et al. (2000) give ensemble statistics, not a verdict on this particular gap. Base coverage: 0% of its dots already lie within 300 m of the 0.2477 emission. Status: class-level holdout validation only."}}, {"type": "Feature", "geometry": {"type": "LineString", "coordinates": [[-118.79543, 39.84864], [-118.8193, 39.82304]]}, "properties": {"id": "T27-0150", "z": 4, "kind": "end-to-end", "gap_km": 3.5, "mutual": true, "strike": 36.87, "strike_compat": 0.47, "merged_km": 8.353, "base_overlap": 0.0, "argument": "Closing this 3.5 km gap would join two currently disconnected mapped systems (1.1 km and 3.7 km) into one 8.4 km system. Geometry: tip-to-tip along strike; mutual nearest tips; the tip points 0 deg off the link and 10 deg. The link strikes N37 E and 47% of the distance-weighted catalogued fault length within ~40 km lies within 20 deg of that strike (data-driven kinematic domain; no external stress model). Structural-setting label (geometry only; mapping to settings is ours): linkage/termination/step-over settings host ~25%/32% of characterised Great Basin geothermal systems (Faulds & Hinz 2015). Connectivity context: the catalogue network is near its critical connectivity (Berkowitz-style P=5.78 vs Pc 5.6-6.0 at the domain scale), where individual closures matter most, but Berkowitz et al. (2000) give ensemble statistics, not a verdict on this particular gap. Base coverage: 0% of its dots already lie within 300 m of the 0.2477 emission. Status: class-level holdout validation only."}}, {"type": "Feature", "geometry": {"type": "LineString", "coordinates": [[-117.95056, 37.60757], [-117.94902, 37.57603]]}, "properties": {"id": "T27-0151", "z": 4, "kind": "end-to-end", "gap_km": 3.501, "mutual": true, "strike": 178.363, "strike_compat": 0.394, "merged_km": 5.567, "base_overlap": 0.091, "argument": "Closing this 3.5 km gap would join two currently disconnected mapped systems (0.9 km and 1.2 km) into one 5.6 km system. Geometry: tip-to-tip along strike; mutual nearest tips; the tip points 2 deg off the link and 5 deg. The link strikes N178 E and 39% of the distance-weighted catalogued fault length within ~40 km lies within 20 deg of that strike (data-driven kinematic domain; no external stress model). Structural-setting label (geometry only; mapping to settings is ours): linkage/termination/step-over settings host ~25%/32% of characterised Great Basin geothermal systems (Faulds & Hinz 2015). Connectivity context: the catalogue network is near its critical connectivity (Berkowitz-style P=5.78 vs Pc 5.6-6.0 at the domain scale), where individual closures matter most, but Berkowitz et al. (2000) give ensemble statistics, not a verdict on this particular gap. Base coverage: 9% of its dots already lie within 300 m of the 0.2477 emission. Status: class-level holdout validation only."}}, {"type": "Feature", "geometry": {"type": "LineString", "coordinates": [[-116.90147, 40.08594], [-116.88617, 40.11565]]}, "properties": {"id": "T27-0152", "z": 4, "kind": "end-to-end", "gap_km": 3.547, "mutual": false, "strike": 21.501, "strike_compat": 0.519, "merged_km": 7.502, "base_overlap": 0.4, "argument": "Closing this 3.5 km gap would join two currently disconnected mapped systems (0.9 km and 3.0 km) into one 7.5 km system. Geometry: tip-to-tip along strike; one-sided; the tip points 1 deg off the link and 22 deg. The link strikes N22 E and 52% of the distance-weighted catalogued fault length within ~40 km lies within 20 deg of that strike (data-driven kinematic domain; no external stress model). Structural-setting label (geometry only; mapping to settings is ours): linkage/termination/step-over settings host ~25%/32% of characterised Great Basin geothermal systems (Faulds & Hinz 2015). Connectivity context: the catalogue network is near its critical connectivity (Berkowitz-style P=5.78 vs Pc 5.6-6.0 at the domain scale), where individual closures matter most, but Berkowitz et al. (2000) give ensemble statistics, not a verdict on this particular gap. Base coverage: 40% of its dots already lie within 300 m of the 0.2477 emission. Status: class-level holdout validation only."}}, {"type": "Feature", "geometry": {"type": "LineString", "coordinates": [[-117.5558, 40.06212], [-117.58019, 40.03497]]}, "properties": {"id": "T27-0153", "z": 4, "kind": "end-to-end", "gap_km": 3.662, "mutual": true, "strike": 34.992, "strike_compat": 0.569, "merged_km": 6.193, "base_overlap": 0.556, "argument": "Closing this 3.7 km gap would join two currently disconnected mapped systems (1.4 km and 1.1 km) into one 6.2 km system. Geometry: tip-to-tip along strike; mutual nearest tips; the tip points 21 deg off the link and 23 deg. The link strikes N35 E and 57% of the distance-weighted catalogued fault length within ~40 km lies within 20 deg of that strike (data-driven kinematic domain; no external stress model). Structural-setting label (geometry only; mapping to settings is ours): linkage/termination/step-over settings host ~25%/32% of characterised Great Basin geothermal systems (Faulds & Hinz 2015). Connectivity context: the catalogue network is near its critical connectivity (Berkowitz-style P=5.78 vs Pc 5.6-6.0 at the domain scale), where individual closures matter most, but Berkowitz et al. (2000) give ensemble statistics, not a verdict on this particular gap. Base coverage: 56% of its dots already lie within 300 m of the 0.2477 emission. Status: class-level holdout validation only."}}, {"type": "Feature", "geometry": {"type": "LineString", "coordinates": [[-116.20831, 40.07967], [-116.16708, 40.0947]]}, "properties": {"id": "T27-0154", "z": 4, "kind": "end-to-end", "gap_km": 3.891, "mutual": false, "strike": 64.093, "strike_compat": 0.418, "merged_km": 4.798, "base_overlap": 0.636, "argument": "Closing this 3.9 km gap would join two currently disconnected mapped systems (0.5 km and 0.4 km) into one 4.8 km system. Geometry: tip-to-tip along strike; one-sided; the tip points 11 deg off the link and 30 deg. The link strikes N64 E and 42% of the distance-weighted catalogued fault length within ~40 km lies within 20 deg of that strike (data-driven kinematic domain; no external stress model). Structural-setting label (geometry only; mapping to settings is ours): linkage/termination/step-over settings host ~25%/32% of characterised Great Basin geothermal systems (Faulds & Hinz 2015). Connectivity context: the catalogue network is near its critical connectivity (Berkowitz-style P=5.78 vs Pc 5.6-6.0 at the domain scale), where individual closures matter most, but Berkowitz et al. (2000) give ensemble statistics, not a verdict on this particular gap. Base coverage: 64% of its dots already lie within 300 m of the 0.2477 emission. Status: class-level holdout validation only."}}, {"type": "Feature", "geometry": {"type": "LineString", "coordinates": [[-118.73305, 40.52345], [-118.72615, 40.53076]]}, "properties": {"id": "T27-0155", "z": 3, "kind": "abutting", "gap_km": 1.0, "mutual": false, "strike": 36.87, "strike_compat": 0.651, "merged_km": 4.18, "base_overlap": 0.5, "argument": "Closing this 1.0 km gap would join two currently disconnected mapped systems (3.1 km and 0.1 km) into one 4.2 km system. Geometry: tip abutting a through-going trace; one-sided; the tip points 5 deg off the link. The link strikes N37 E and 65% of the distance-weighted catalogued fault length within ~40 km lies within 20 deg of that strike (data-driven kinematic domain; no external stress model). Structural-setting label (geometry only; mapping to settings is ours): linkage/termination/step-over settings host ~25%/32% of characterised Great Basin geothermal systems (Faulds & Hinz 2015). Connectivity context: the catalogue network is near its critical connectivity (Berkowitz-style P=5.78 vs Pc 5.6-6.0 at the domain scale), where individual closures matter most, but Berkowitz et al. (2000) give ensemble statistics, not a verdict on this particular gap. Base coverage: 50% of its dots already lie within 300 m of the 0.2477 emission. Status: class-level holdout validation only."}}, {"type": "Feature", "geometry": {"type": "LineString", "coordinates": [[-117.96793, 39.93598], [-117.97485, 39.92871]]}, "properties": {"id": "T27-0156", "z": 3, "kind": "end-to-end", "gap_km": 1.0, "mutual": true, "strike": 36.87, "strike_compat": 0.504, "merged_km": 8.008, "base_overlap": 1.0, "argument": "Closing this 1.0 km gap would join two currently disconnected mapped systems (2.9 km and 4.1 km) into one 8.0 km system. Geometry: tip-to-tip along strike; mutual nearest tips; the tip points 16 deg off the link and 10 deg. The link strikes N37 E and 50% of the distance-weighted catalogued fault length within ~40 km lies within 20 deg of that strike (data-driven kinematic domain; no external stress model). Structural-setting label (geometry only; mapping to settings is ours): linkage/termination/step-over settings host ~25%/32% of characterised Great Basin geothermal systems (Faulds & Hinz 2015). Connectivity context: the catalogue network is near its critical connectivity (Berkowitz-style P=5.78 vs Pc 5.6-6.0 at the domain scale), where individual closures matter most, but Berkowitz et al. (2000) give ensemble statistics, not a verdict on this particular gap. Base coverage: 100% of its dots already lie within 300 m of the 0.2477 emission. Status: class-level holdout validation only."}}, {"type": "Feature", "geometry": {"type": "LineString", "coordinates": [[-118.16415, 39.70443], [-118.1643, 39.71343]]}, "properties": {"id": "T27-0157", "z": 3, "kind": "abutting", "gap_km": 1.0, "mutual": false, "strike": 0.0, "strike_compat": 0.589, "merged_km": 5.763, "base_overlap": 0.0, "argument": "Closing this 1.0 km gap would join two currently disconnected mapped systems (3.8 km and 0.9 km) into one 5.8 km system. Geometry: tip abutting a through-going trace; one-sided; the tip points 14 deg off the link. The link strikes N0 E and 59% of the distance-weighted catalogued fault length within ~40 km lies within 20 deg of that strike (data-driven kinematic domain; no external stress model). Structural-setting label (geometry only; mapping to settings is ours): linkage/termination/step-over settings host ~25%/32% of characterised Great Basin geothermal systems (Faulds & Hinz 2015). Connectivity context: the catalogue network is near its critical connectivity (Berkowitz-style P=5.78 vs Pc 5.6-6.0 at the domain scale), where individual closures matter most, but Berkowitz et al. (2000) give ensemble statistics, not a verdict on this particular gap. Base coverage: 0% of its dots already lie within 300 m of the 0.2477 emission. Status: class-level holdout validation only."}}, {"type": "Feature", "geometry": {"type": "LineString", "coordinates": [[-118.89067, 39.13987], [-118.89043, 39.13086]]}, "properties": {"id": "T27-0158", "z": 3, "kind": "end-to-end", "gap_km": 1.0, "mutual": false, "strike": 0.0, "strike_compat": 0.314, "merged_km": 6.163, "base_overlap": 0.0, "argument": "Closing this 1.0 km gap would join two currently disconnected mapped systems (3.6 km and 1.5 km) into one 6.2 km system. Geometry: tip-to-tip along strike; one-sided; the tip points 7 deg off the link and 32 deg. The link strikes N0 E and 31% of the distance-weighted catalogued fault length within ~40 km lies within 20 deg of that strike (data-driven kinematic domain; no external stress model). Structural-setting label (geometry only; mapping to settings is ours): linkage/termination/step-over settings host ~25%/32% of characterised Great Basin geothermal systems (Faulds & Hinz 2015). Connectivity context: the catalogue network is near its critical connectivity (Berkowitz-style P=5.78 vs Pc 5.6-6.0 at the domain scale), where individual closures matter most, but Berkowitz et al. (2000) give ensemble statistics, not a verdict on this particular gap. Base coverage: 0% of its dots already lie within 300 m of the 0.2477 emission. Status: class-level holdout validation only."}}, {"type": "Feature", "geometry": {"type": "LineString", "coordinates": [[-116.80157, 40.55339], [-116.80278, 40.54438]]}, "properties": {"id": "T27-0159", "z": 3, "kind": "end-to-end", "gap_km": 1.005, "mutual": false, "strike": 5.711, "strike_compat": 0.382, "merged_km": 6.882, "base_overlap": 0.0, "argument": "Closing this 1.0 km gap would join two currently disconnected mapped systems (4.2 km and 1.6 km) into one 6.9 km system. Geometry: tip-to-tip along strike; one-sided; the tip points 13 deg off the link and 15 deg. The link strikes N6 E and 38% of the distance-weighted catalogued fault length within ~40 km lies within 20 deg of that strike (data-driven kinematic domain; no external stress model). Structural-setting label (geometry only; mapping to settings is ours): linkage/termination/step-over settings host ~25%/32% of characterised Great Basin geothermal systems (Faulds & Hinz 2015). Connectivity context: the catalogue network is near its critical connectivity (Berkowitz-style P=5.78 vs Pc 5.6-6.0 at the domain scale), where individual closures matter most, but Berkowitz et al. (2000) give ensemble statistics, not a verdict on this particular gap. Base coverage: 0% of its dots already lie within 300 m of the 0.2477 emission. Status: class-level holdout validation only."}}, {"type": "Feature", "geometry": {"type": "LineString", "coordinates": [[-116.75849, 40.38214], [-116.7597, 40.37313]]}, "properties": {"id": "T27-0160", "z": 3, "kind": "end-to-end", "gap_km": 1.005, "mutual": true, "strike": 5.711, "strike_compat": 0.344, "merged_km": 9.799, "base_overlap": 0.0, "argument": "Closing this 1.0 km gap would join two currently disconnected mapped systems (6.1 km and 2.7 km) into one 9.8 km system. Geometry: tip-to-tip along strike; mutual nearest tips; the tip points 1 deg off the link and 20 deg. The link strikes N6 E and 34% of the distance-weighted catalogued fault length within ~40 km lies within 20 deg of that strike (data-driven kinematic domain; no external stress model). Structural-setting label (geometry only; mapping to settings is ours): linkage/termination/step-over settings host ~25%/32% of characterised Great Basin geothermal systems (Faulds & Hinz 2015). Connectivity context: the catalogue network is near its critical connectivity (Berkowitz-style P=5.78 vs Pc 5.6-6.0 at the domain scale), where individual closures matter most, but Berkowitz et al. (2000) give ensemble statistics, not a verdict on this particular gap. Base coverage: 0% of its dots already lie within 300 m of the 0.2477 emission. Status: class-level holdout validation only."}}, {"type": "Feature", "geometry": {"type": "LineString", "coordinates": [[-117.8755, 40.21331], [-117.87421, 40.20431]]}, "properties": {"id": "T27-0161", "z": 3, "kind": "end-to-end", "gap_km": 1.005, "mutual": true, "strike": 174.289, "strike_compat": 0.328, "merged_km": 3.678, "base_overlap": 1.0, "argument": "Closing this 1.0 km gap would join two currently disconnected mapped systems (0.9 km and 1.7 km) into one 3.7 km system. Geometry: tip-to-tip along strike; mutual nearest tips; the tip points 26 deg off the link and 26 deg. The link strikes N174 E and 33% of the distance-weighted catalogued fault length within ~40 km lies within 20 deg of that strike (data-driven kinematic domain; no external stress model). Structural-setting label (geometry only; mapping to settings is ours): linkage/termination/step-over settings host ~25%/32% of characterised Great Basin geothermal systems (Faulds & Hinz 2015). Connectivity context: the catalogue network is near its critical connectivity (Berkowitz-style P=5.78 vs Pc 5.6-6.0 at the domain scale), where individual closures matter most, but Berkowitz et al. (2000) give ensemble statistics, not a verdict on this particular gap. Base coverage: 100% of its dots already lie within 300 m of the 0.2477 emission. Status: class-level holdout validation only."}}, {"type": "Feature", "geometry": {"type": "LineString", "coordinates": [[-118.40884, 39.86299], [-118.40748, 39.85399]]}, "properties": {"id": "T27-0162", "z": 3, "kind": "end-to-end", "gap_km": 1.005, "mutual": false, "strike": 174.289, "strike_compat": 0.366, "merged_km": 4.726, "base_overlap": 0.0, "argument": "Closing this 1.0 km gap would join two currently disconnected mapped systems (3.3 km and 0.4 km) into one 4.7 km system. Geometry: tip-to-tip along strike; one-sided; the tip points 13 deg off the link and 6 deg. The link strikes N174 E and 37% of the distance-weighted catalogued fault length within ~40 km lies within 20 deg of that strike (data-driven kinematic domain; no external stress model). Structural-setting label (geometry only; mapping to settings is ours): linkage/termination/step-over settings host ~25%/32% of characterised Great Basin geothermal systems (Faulds & Hinz 2015). Connectivity context: the catalogue network is near its critical connectivity (Berkowitz-style P=5.78 vs Pc 5.6-6.0 at the domain scale), where individual closures matter most, but Berkowitz et al. (2000) give ensemble statistics, not a verdict on this particular gap. Base coverage: 0% of its dots already lie within 300 m of the 0.2477 emission. Status: class-level holdout validation only."}}, {"type": "Feature", "geometry": {"type": "LineString", "coordinates": [[-116.77926, 40.51551], [-116.77687, 40.52452]]}, "properties": {"id": "T27-0163", "z": 3, "kind": "end-to-end", "gap_km": 1.02, "mutual": true, "strike": 11.31, "strike_compat": 0.335, "merged_km": 20.136, "base_overlap": 0.0, "argument": "Closing this 1.0 km gap would join two currently disconnected mapped systems (1.5 km and 17.6 km) into one 20.1 km system. Geometry: tip-to-tip along strike; mutual nearest tips; the tip points 11 deg off the link and 15 deg. The link strikes N11 E and 34% of the distance-weighted catalogued fault length within ~40 km lies within 20 deg of that strike (data-driven kinematic domain; no external stress model). Structural-setting label (geometry only; mapping to settings is ours): linkage/termination/step-over settings host ~25%/32% of characterised Great Basin geothermal systems (Faulds & Hinz 2015). Connectivity context: the catalogue network is near its critical connectivity (Berkowitz-style P=5.78 vs Pc 5.6-6.0 at the domain scale), where individual closures matter most, but Berkowitz et al. (2000) give ensemble statistics, not a verdict on this particular gap. Base coverage: 0% of its dots already lie within 300 m of the 0.2477 emission. Status: class-level holdout validation only."}}, {"type": "Feature", "geometry": {"type": "LineString", "coordinates": [[-117.01648, 40.34094], [-117.02708, 40.33644]]}, "properties": {"id": "T27-0164", "z": 3, "kind": "end-to-end", "gap_km": 1.03, "mutual": true, "strike": 60.945, "strike_compat": 0.278, "merged_km": 2.561, "base_overlap": 0.0, "argument": "Closing this 1.0 km gap would join two currently disconnected mapped systems (0.6 km and 0.9 km) into one 2.6 km system. Geometry: tip-to-tip along strike; mutual nearest tips; the tip points 30 deg off the link and 25 deg. The link strikes N61 E and 28% of the distance-weighted catalogued fault length within ~40 km lies within 20 deg of that strike (data-driven kinematic domain; no external stress model). Structural-setting label (geometry only; mapping to settings is ours): linkage/termination/step-over settings host ~25%/32% of characterised Great Basin geothermal systems (Faulds & Hinz 2015). Connectivity context: the catalogue network is near its critical connectivity (Berkowitz-style P=5.78 vs Pc 5.6-6.0 at the domain scale), where individual closures matter most, but Berkowitz et al. (2000) give ensemble statistics, not a verdict on this particular gap. Base coverage: 0% of its dots already lie within 300 m of the 0.2477 emission. Status: class-level holdout validation only."}}, {"type": "Feature", "geometry": {"type": "LineString", "coordinates": [[-118.8817, 39.06343], [-118.87571, 39.05541]]}, "properties": {"id": "T27-0165", "z": 3, "kind": "tip-to-tip oblique", "gap_km": 1.03, "mutual": false, "strike": 150.945, "strike_compat": 0.569, "merged_km": 2.861, "base_overlap": 0.0, "argument": "Closing this 1.0 km gap would join two currently disconnected mapped systems (1.1 km and 0.8 km) into one 2.9 km system. Geometry: oblique tip-to-tip (step-over-like); one-sided; the tip points 8 deg off the link and 63 deg. The link strikes N151 E and 57% of the distance-weighted catalogued fault length within ~40 km lies within 20 deg of that strike (data-driven kinematic domain; no external stress model). Structural-setting label (geometry only; mapping to settings is ours): linkage/termination/step-over settings host ~25%/32% of characterised Great Basin geothermal systems (Faulds & Hinz 2015). Connectivity context: the catalogue network is near its critical connectivity (Berkowitz-style P=5.78 vs Pc 5.6-6.0 at the domain scale), where individual closures matter most, but Berkowitz et al. (2000) give ensemble statistics, not a verdict on this particular gap. Base coverage: 0% of its dots already lie within 300 m of the 0.2477 emission. Status: class-level holdout validation only."}}, {"type": "Feature", "geometry": {"type": "LineString", "coordinates": [[-116.79921, 40.55339], [-116.80278, 40.54438]]}, "properties": {"id": "T27-0166", "z": 3, "kind": "end-to-end", "gap_km": 1.044, "mutual": false, "strike": 16.699, "strike_compat": 0.475, "merged_km": 6.921, "base_overlap": 0.0, "argument": "Closing this 1.0 km gap would join two currently disconnected mapped systems (4.2 km and 1.6 km) into one 6.9 km system. Geometry: tip-to-tip along strike; one-sided; the tip points 24 deg off the link and 4 deg. The link strikes N17 E and 47% of the distance-weighted catalogued fault length within ~40 km lies within 20 deg of that strike (data-driven kinematic domain; no external stress model). Structural-setting label (geometry only; mapping to settings is ours): linkage/termination/step-over settings host ~25%/32% of characterised Great Basin geothermal systems (Faulds & Hinz 2015). Connectivity context: the catalogue network is near its critical connectivity (Berkowitz-style P=5.78 vs Pc 5.6-6.0 at the domain scale), where individual closures matter most, but Berkowitz et al. (2000) give ensemble statistics, not a verdict on this particular gap. Base coverage: 0% of its dots already lie within 300 m of the 0.2477 emission. Status: class-level holdout validation only."}}, {"type": "Feature", "geometry": {"type": "LineString", "coordinates": [[-117.8652, 40.23501], [-117.86179, 40.24404]]}, "properties": {"id": "T27-0167", "z": 3, "kind": "tip-to-tip oblique", "gap_km": 1.044, "mutual": false, "strike": 16.699, "strike_compat": 0.652, "merged_km": 3.717, "base_overlap": 0.333, "argument": "Closing this 1.0 km gap would join two currently disconnected mapped systems (1.0 km and 1.6 km) into one 3.7 km system. Geometry: oblique tip-to-tip (step-over-like); one-sided; the tip points 4 deg off the link and 43 deg. The link strikes N17 E and 65% of the distance-weighted catalogued fault length within ~40 km lies within 20 deg of that strike (data-driven kinematic domain; no external stress model). Structural-setting label (geometry only; mapping to settings is ours): linkage/termination/step-over settings host ~25%/32% of characterised Great Basin geothermal systems (Faulds & Hinz 2015). Connectivity context: the catalogue network is near its critical connectivity (Berkowitz-style P=5.78 vs Pc 5.6-6.0 at the domain scale), where individual closures matter most, but Berkowitz et al. (2000) give ensemble statistics, not a verdict on this particular gap. Base coverage: 33% of its dots already lie within 300 m of the 0.2477 emission. Status: class-level holdout validation only."}}, {"type": "Feature", "geometry": {"type": "LineString", "coordinates": [[-118.16765, 39.70439], [-118.1643, 39.71343]]}, "properties": {"id": "T27-0168", "z": 3, "kind": "abutting", "gap_km": 1.044, "mutual": false, "strike": 16.699, "strike_compat": 0.697, "merged_km": 2.31, "base_overlap": 0.0, "argument": "Closing this 1.0 km gap would join two currently disconnected mapped systems (0.3 km and 0.9 km) into one 2.3 km system. Geometry: tip abutting a through-going trace; one-sided; the tip points 2 deg off the link. The link strikes N17 E and 70% of the distance-weighted catalogued fault length within ~40 km lies within 20 deg of that strike (data-driven kinematic domain; no external stress model). Structural-setting label (geometry only; mapping to settings is ours): linkage/termination/step-over settings host ~25%/32% of characterised Great Basin geothermal systems (Faulds & Hinz 2015). Connectivity context: the catalogue network is near its critical connectivity (Berkowitz-style P=5.78 vs Pc 5.6-6.0 at the domain scale), where individual closures matter most, but Berkowitz et al. (2000) give ensemble statistics, not a verdict on this particular gap. Base coverage: 0% of its dots already lie within 300 m of the 0.2477 emission. Status: class-level holdout validation only."}}, {"type": "Feature", "geometry": {"type": "LineString", "coordinates": [[-118.17837, 39.51147], [-118.18521, 39.50329]]}, "properties": {"id": "T27-0169", "z": 3, "kind": "end-to-end", "gap_km": 1.082, "mutual": false, "strike": 33.69, "strike_compat": 0.445, "merged_km": 2.972, "base_overlap": 0.0, "argument": "Closing this 1.1 km gap would join two currently disconnected mapped systems (0.8 km and 1.1 km) into one 3.0 km system. Geometry: tip-to-tip along strike; one-sided; the tip points 18 deg off the link and 0 deg. The link strikes N34 E and 44% of the distance-weighted catalogued fault length within ~40 km lies within 20 deg of that strike (data-driven kinematic domain; no external stress model). Structural-setting label (geometry only; mapping to settings is ours): linkage/termination/step-over settings host ~25%/32% of characterised Great Basin geothermal systems (Faulds & Hinz 2015). Connectivity context: the catalogue network is near its critical connectivity (Berkowitz-style P=5.78 vs Pc 5.6-6.0 at the domain scale), where individual closures matter most, but Berkowitz et al. (2000) give ensemble statistics, not a verdict on this particular gap. Base coverage: 0% of its dots already lie within 300 m of the 0.2477 emission. Status: class-level holdout validation only."}}, {"type": "Feature", "geometry": {"type": "LineString", "coordinates": [[-119.21664, 39.75306], [-119.21632, 39.74316]]}, "properties": {"id": "T27-0170", "z": 3, "kind": "end-to-end", "gap_km": 1.1, "mutual": true, "strike": 0.0, "strike_compat": 0.351, "merged_km": 4.349, "base_overlap": 1.0, "argument": "Closing this 1.1 km gap would join two currently disconnected mapped systems (1.8 km and 1.4 km) into one 4.3 km system. Geometry: tip-to-tip along strike; mutual nearest tips; the tip points 27 deg off the link and 0 deg. The link strikes N0 E and 35% of the distance-weighted catalogued fault length within ~40 km lies within 20 deg of that strike (data-driven kinematic domain; no external stress model). Structural-setting label (geometry only; mapping to settings is ours): linkage/termination/step-over settings host ~25%/32% of characterised Great Basin geothermal systems (Faulds & Hinz 2015). Connectivity context: the catalogue network is near its critical connectivity (Berkowitz-style P=5.78 vs Pc 5.6-6.0 at the domain scale), where individual closures matter most, but Berkowitz et al. (2000) give ensemble statistics, not a verdict on this particular gap. Base coverage: 100% of its dots already lie within 300 m of the 0.2477 emission. Status: class-level holdout validation only."}}, {"type": "Feature", "geometry": {"type": "LineString", "coordinates": [[-118.59219, 38.7803], [-118.59241, 38.79021]]}, "properties": {"id": "T27-0171", "z": 3, "kind": "end-to-end", "gap_km": 1.1, "mutual": true, "strike": 0.0, "strike_compat": 0.228, "merged_km": 18.415, "base_overlap": 0.0, "argument": "Closing this 1.1 km gap would join two currently disconnected mapped systems (3.3 km and 14.0 km) into one 18.4 km system. Geometry: tip-to-tip along strike; mutual nearest tips; the tip points 7 deg off the link and 21 deg. The link strikes N0 E and 23% of the distance-weighted catalogued fault length within ~40 km lies within 20 deg of that strike (data-driven kinematic domain; no external stress model). Structural-setting label (geometry only; mapping to settings is ours): linkage/termination/step-over settings host ~25%/32% of characterised Great Basin geothermal systems (Faulds & Hinz 2015). Connectivity context: the catalogue network is near its critical connectivity (Berkowitz-style P=5.78 vs Pc 5.6-6.0 at the domain scale), where individual closures matter most, but Berkowitz et al. (2000) give ensemble statistics, not a verdict on this particular gap. Base coverage: 0% of its dots already lie within 300 m of the 0.2477 emission. Status: class-level holdout validation only."}}, {"type": "Feature", "geometry": {"type": "LineString", "coordinates": [[-116.45918, 40.39103], [-116.46044, 40.38113]]}, "properties": {"id": "T27-0172", "z": 3, "kind": "end-to-end", "gap_km": 1.105, "mutual": false, "strike": 5.194, "strike_compat": 0.344, "merged_km": 3.736, "base_overlap": 0.0, "argument": "Closing this 1.1 km gap would join two currently disconnected mapped systems (0.8 km and 1.8 km) into one 3.7 km system. Geometry: tip-to-tip along strike; one-sided; the tip points 11 deg off the link and 30 deg. The link strikes N5 E and 34% of the distance-weighted catalogued fault length within ~40 km lies within 20 deg of that strike (data-driven kinematic domain; no external stress model). Structural-setting label (geometry only; mapping to settings is ours): linkage/termination/step-over settings host ~25%/32% of characterised Great Basin geothermal systems (Faulds & Hinz 2015). Connectivity context: the catalogue network is near its critical connectivity (Berkowitz-style P=5.78 vs Pc 5.6-6.0 at the domain scale), where individual closures matter most, but Berkowitz et al. (2000) give ensemble statistics, not a verdict on this particular gap. Base coverage: 0% of its dots already lie within 300 m of the 0.2477 emission. Status: class-level holdout validation only."}}, {"type": "Feature", "geometry": {"type": "LineString", "coordinates": [[-117.65243, 40.60127], [-117.65825, 40.59223]]}, "properties": {"id": "T27-0173", "z": 3, "kind": "end-to-end", "gap_km": 1.118, "mutual": true, "strike": 26.565, "strike_compat": 0.472, "merged_km": 8.468, "base_overlap": 0.0, "argument": "Closing this 1.1 km gap would join two currently disconnected mapped systems (4.1 km and 3.3 km) into one 8.5 km system. Geometry: tip-to-tip along strike; mutual nearest tips; the tip points 26 deg off the link and 18 deg. The link strikes N27 E and 47% of the distance-weighted catalogued fault length within ~40 km lies within 20 deg of that strike (data-driven kinematic domain; no external stress model). Structural-setting label (geometry only; mapping to settings is ours): linkage/termination/step-over settings host ~25%/32% of characterised Great Basin geothermal systems (Faulds & Hinz 2015). Connectivity context: the catalogue network is near its critical connectivity (Berkowitz-style P=5.78 vs Pc 5.6-6.0 at the domain scale), where individual closures matter most, but Berkowitz et al. (2000) give ensemble statistics, not a verdict on this particular gap. Base coverage: 0% of its dots already lie within 300 m of the 0.2477 emission. Status: class-level holdout validation only."}}, {"type": "Feature", "geometry": {"type": "LineString", "coordinates": [[-118.10356, 40.50685], [-118.09751, 40.4979]]}, "properties": {"id": "T27-0174", "z": 3, "kind": "end-to-end", "gap_km": 1.118, "mutual": true, "strike": 153.435, "strike_compat": 0.171, "merged_km": 5.608, "base_overlap": 0.667, "argument": "Closing this 1.1 km gap would join two currently disconnected mapped systems (1.3 km and 3.2 km) into one 5.6 km system. Geometry: tip-to-tip along strike; mutual nearest tips; the tip points 19 deg off the link and 13 deg. The link strikes N153 E and 17% of the distance-weighted catalogued fault length within ~40 km lies within 20 deg of that strike (data-driven kinematic domain; no external stress model). Structural-setting label (geometry only; mapping to settings is ours): linkage/termination/step-over settings host ~25%/32% of characterised Great Basin geothermal systems (Faulds & Hinz 2015). Connectivity context: the catalogue network is near its critical connectivity (Berkowitz-style P=5.78 vs Pc 5.6-6.0 at the domain scale), where individual closures matter most, but Berkowitz et al. (2000) give ensemble statistics, not a verdict on this particular gap. Base coverage: 67% of its dots already lie within 300 m of the 0.2477 emission. Status: class-level holdout validation only."}}, {"type": "Feature", "geometry": {"type": "LineString", "coordinates": [[-119.11793, 40.41254], [-119.12354, 40.40342]]}, "properties": {"id": "T27-0175", "z": 3, "kind": "end-to-end", "gap_km": 1.118, "mutual": false, "strike": 26.565, "strike_compat": 0.714, "merged_km": 3.257, "base_overlap": 0.0, "argument": "Closing this 1.1 km gap would join two currently disconnected mapped systems (0.8 km and 1.3 km) into one 3.3 km system. Geometry: tip-to-tip along strike; one-sided; the tip points 24 deg off the link and 22 deg. The link strikes N27 E and 71% of the distance-weighted catalogued fault length within ~40 km lies within 20 deg of that strike (data-driven kinematic domain; no external stress model). Structural-setting label (geometry only; mapping to settings is ours): linkage/termination/step-over settings host ~25%/32% of characterised Great Basin geothermal systems (Faulds & Hinz 2015). Connectivity context: the catalogue network is near its critical connectivity (Berkowitz-style P=5.78 vs Pc 5.6-6.0 at the domain scale), where individual closures matter most, but Berkowitz et al. (2000) give ensemble statistics, not a verdict on this particular gap. Base coverage: 0% of its dots already lie within 300 m of the 0.2477 emission. Status: class-level holdout validation only."}}, {"type": "Feature", "geometry": {"type": "LineString", "coordinates": [[-117.88807, 38.44262], [-117.89048, 38.45252]]}, "properties": {"id": "T27-0176", "z": 3, "kind": "tip-to-tip oblique", "gap_km": 1.118, "mutual": false, "strike": 169.695, "strike_compat": 0.593, "merged_km": 2.467, "base_overlap": 0.667, "argument": "Closing this 1.1 km gap would join two currently disconnected mapped systems (0.3 km and 1.0 km) into one 2.5 km system. Geometry: oblique tip-to-tip (step-over-like); one-sided; the tip points 8 deg off the link and 39 deg. The link strikes N170 E and 59% of the distance-weighted catalogued fault length within ~40 km lies within 20 deg of that strike (data-driven kinematic domain; no external stress model). Structural-setting label (geometry only; mapping to settings is ours): linkage/termination/step-over settings host ~25%/32% of characterised Great Basin geothermal systems (Faulds & Hinz 2015). Connectivity context: the catalogue network is near its critical connectivity (Berkowitz-style P=5.78 vs Pc 5.6-6.0 at the domain scale), where individual closures matter most, but Berkowitz et al. (2000) give ensemble statistics, not a verdict on this particular gap. Base coverage: 67% of its dots already lie within 300 m of the 0.2477 emission. Status: class-level holdout validation only."}}, {"type": "Feature", "geometry": {"type": "LineString", "coordinates": [[-117.61409, 38.02169], [-117.61971, 38.01265]]}, "properties": {"id": "T27-0177", "z": 3, "kind": "end-to-end", "gap_km": 1.118, "mutual": true, "strike": 26.565, "strike_compat": 0.674, "merged_km": 11.351, "base_overlap": 0.0, "argument": "Closing this 1.1 km gap would join two currently disconnected mapped systems (4.7 km and 5.5 km) into one 11.4 km system. Geometry: tip-to-tip along strike; mutual nearest tips; the tip points 25 deg off the link and 13 deg. The link strikes N27 E and 67% of the distance-weighted catalogued fault length within ~40 km lies within 20 deg of that strike (data-driven kinematic domain; no external stress model). Structural-setting label (geometry only; mapping to settings is ours): linkage/termination/step-over settings host ~25%/32% of characterised Great Basin geothermal systems (Faulds & Hinz 2015). Connectivity context: the catalogue network is near its critical connectivity (Berkowitz-style P=5.78 vs Pc 5.6-6.0 at the domain scale), where individual closures matter most, but Berkowitz et al. (2000) give ensemble statistics, not a verdict on this particular gap. Base coverage: 0% of its dots already lie within 300 m of the 0.2477 emission. Status: class-level holdout validation only."}}, {"type": "Feature", "geometry": {"type": "LineString", "coordinates": [[-118.18699, 37.7992], [-118.19281, 37.80816]]}, "properties": {"id": "T27-0178", "z": 3, "kind": "end-to-end", "gap_km": 1.118, "mutual": true, "strike": 153.435, "strike_compat": 0.317, "merged_km": 8.454, "base_overlap": 0.0, "argument": "Closing this 1.1 km gap would join two currently disconnected mapped systems (5.9 km and 1.4 km) into one 8.5 km system. Geometry: tip-to-tip along strike; mutual nearest tips; the tip points 6 deg off the link and 19 deg. The link strikes N153 E and 32% of the distance-weighted catalogued fault length within ~40 km lies within 20 deg of that strike (data-driven kinematic domain; no external stress model). Structural-setting label (geometry only; mapping to settings is ours): linkage/termination/step-over settings host ~25%/32% of characterised Great Basin geothermal systems (Faulds & Hinz 2015). Connectivity context: the catalogue network is near its critical connectivity (Berkowitz-style P=5.78 vs Pc 5.6-6.0 at the domain scale), where individual closures matter most, but Berkowitz et al. (2000) give ensemble statistics, not a verdict on this particular gap. Base coverage: 0% of its dots already lie within 300 m of the 0.2477 emission. Status: class-level holdout validation only."}}, {"type": "Feature", "geometry": {"type": "LineString", "coordinates": [[-116.15809, 40.1577], [-116.16641, 40.14965]]}, "properties": {"id": "T27-0179", "z": 3, "kind": "end-to-end", "gap_km": 1.14, "mutual": false, "strike": 37.875, "strike_compat": 0.55, "merged_km": 2.164, "base_overlap": 0.0, "argument": "Closing this 1.1 km gap would join two currently disconnected mapped systems (0.7 km and 0.3 km) into one 2.2 km system. Geometry: tip-to-tip along strike; one-sided; the tip points 19 deg off the link and 19 deg. The link strikes N38 E and 55% of the distance-weighted catalogued fault length within ~40 km lies within 20 deg of that strike (data-driven kinematic domain; no external stress model). Structural-setting label (geometry only; mapping to settings is ours): linkage/termination/step-over settings host ~25%/32% of characterised Great Basin geothermal systems (Faulds & Hinz 2015). Connectivity context: the catalogue network is near its critical connectivity (Berkowitz-style P=5.78 vs Pc 5.6-6.0 at the domain scale), where individual closures matter most, but Berkowitz et al. (2000) give ensemble statistics, not a verdict on this particular gap. Base coverage: 0% of its dots already lie within 300 m of the 0.2477 emission. Status: class-level holdout validation only."}}, {"type": "Feature", "geometry": {"type": "LineString", "coordinates": [[-119.05733, 40.12446], [-119.05411, 40.13443]]}, "properties": {"id": "T27-0180", "z": 3, "kind": "end-to-end", "gap_km": 1.14, "mutual": false, "strike": 15.255, "strike_compat": 0.601, "merged_km": 2.123, "base_overlap": 1.0, "argument": "Closing this 1.1 km gap would join two currently disconnected mapped systems (0.4 km and 0.5 km) into one 2.1 km system. Geometry: tip-to-tip along strike; one-sided; the tip points 29 deg off the link and 4 deg. The link strikes N15 E and 60% of the distance-weighted catalogued fault length within ~40 km lies within 20 deg of that strike (data-driven kinematic domain; no external stress model). Structural-setting label (geometry only; mapping to settings is ours): linkage/termination/step-over settings host ~25%/32% of characterised Great Basin geothermal systems (Faulds & Hinz 2015). Connectivity context: the catalogue network is near its critical connectivity (Berkowitz-style P=5.78 vs Pc 5.6-6.0 at the domain scale), where individual closures matter most, but Berkowitz et al. (2000) give ensemble statistics, not a verdict on this particular gap. Base coverage: 100% of its dots already lie within 300 m of the 0.2477 emission. Status: class-level holdout validation only."}}, {"type": "Feature", "geometry": {"type": "LineString", "coordinates": [[-118.00877, 38.6345], [-118.00062, 38.62645]]}, "properties": {"id": "T27-0181", "z": 3, "kind": "end-to-end", "gap_km": 1.14, "mutual": false, "strike": 142.125, "strike_compat": 0.531, "merged_km": 9.076, "base_overlap": 1.0, "argument": "Closing this 1.1 km gap would join two currently disconnected mapped systems (2.7 km and 5.2 km) into one 9.1 km system. Geometry: tip-to-tip along strike; one-sided; the tip points 11 deg off the link and 17 deg. The link strikes N142 E and 53% of the distance-weighted catalogued fault length within ~40 km lies within 20 deg of that strike (data-driven kinematic domain; no external stress model). Structural-setting label (geometry only; mapping to settings is ours): linkage/termination/step-over settings host ~25%/32% of characterised Great Basin geothermal systems (Faulds & Hinz 2015). Connectivity context: the catalogue network is near its critical connectivity (Berkowitz-style P=5.78 vs Pc 5.6-6.0 at the domain scale), where individual closures matter most, but Berkowitz et al. (2000) give ensemble statistics, not a verdict on this particular gap. Base coverage: 100% of its dots already lie within 300 m of the 0.2477 emission. Status: class-level holdout validation only."}}, {"type": "Feature", "geometry": {"type": "LineString", "coordinates": [[-118.23369, 38.48455], [-118.2373, 38.49442]]}, "properties": {"id": "T27-0182", "z": 3, "kind": "abutting", "gap_km": 1.14, "mutual": false, "strike": 164.745, "strike_compat": 0.448, "merged_km": 6.837, "base_overlap": 0.333, "argument": "Closing this 1.1 km gap would join two currently disconnected mapped systems (4.9 km and 0.8 km) into one 6.8 km system. Geometry: tip abutting a through-going trace; one-sided; the tip points 1 deg off the link. The link strikes N165 E and 45% of the distance-weighted catalogued fault length within ~40 km lies within 20 deg of that strike (data-driven kinematic domain; no external stress model). Structural-setting label (geometry only; mapping to settings is ours): linkage/termination/step-over settings host ~25%/32% of characterised Great Basin geothermal systems (Faulds & Hinz 2015). Connectivity context: the catalogue network is near its critical connectivity (Berkowitz-style P=5.78 vs Pc 5.6-6.0 at the domain scale), where individual closures matter most, but Berkowitz et al. (2000) give ensemble statistics, not a verdict on this particular gap. Base coverage: 33% of its dots already lie within 300 m of the 0.2477 emission. Status: class-level holdout validation only."}}, {"type": "Feature", "geometry": {"type": "LineString", "coordinates": [[-119.28565, 39.65173], [-119.29294, 39.66059]]}, "properties": {"id": "T27-0183", "z": 3, "kind": "end-to-end", "gap_km": 1.166, "mutual": false, "strike": 149.036, "strike_compat": 0.255, "merged_km": 4.439, "base_overlap": 0.667, "argument": "Closing this 1.2 km gap would join two currently disconnected mapped systems (0.3 km and 2.9 km) into one 4.4 km system. Geometry: tip-to-tip along strike; one-sided; the tip points 13 deg off the link and 17 deg. The link strikes N149 E and 25% of the distance-weighted catalogued fault length within ~40 km lies within 20 deg of that strike (data-driven kinematic domain; no external stress model). Structural-setting label (geometry only; mapping to settings is ours): linkage/termination/step-over settings host ~25%/32% of characterised Great Basin geothermal systems (Faulds & Hinz 2015). Connectivity context: the catalogue network is near its critical connectivity (Berkowitz-style P=5.78 vs Pc 5.6-6.0 at the domain scale), where individual closures matter most, but Berkowitz et al. (2000) give ensemble statistics, not a verdict on this particular gap. Base coverage: 67% of its dots already lie within 300 m of the 0.2477 emission. Status: class-level holdout validation only."}}, {"type": "Feature", "geometry": {"type": "LineString", "coordinates": [[-118.21933, 38.58473], [-118.21229, 38.57579]]}, "properties": {"id": "T27-0184", "z": 3, "kind": "end-to-end", "gap_km": 1.166, "mutual": false, "strike": 149.036, "strike_compat": 0.589, "merged_km": 3.946, "base_overlap": 0.0, "argument": "Closing this 1.2 km gap would join two currently disconnected mapped systems (2.1 km and 0.7 km) into one 3.9 km system. Geometry: tip-to-tip along strike; one-sided; the tip points 22 deg off the link and 8 deg. The link strikes N149 E and 59% of the distance-weighted catalogued fault length within ~40 km lies within 20 deg of that strike (data-driven kinematic domain; no external stress model). Structural-setting label (geometry only; mapping to settings is ours): linkage/termination/step-over settings host ~25%/32% of characterised Great Basin geothermal systems (Faulds & Hinz 2015). Connectivity context: the catalogue network is near its critical connectivity (Berkowitz-style P=5.78 vs Pc 5.6-6.0 at the domain scale), where individual closures matter most, but Berkowitz et al. (2000) give ensemble statistics, not a verdict on this particular gap. Base coverage: 0% of its dots already lie within 300 m of the 0.2477 emission. Status: class-level holdout validation only."}}, {"type": "Feature", "geometry": {"type": "LineString", "coordinates": [[-117.4376, 38.03871], [-117.43071, 38.02972]]}, "properties": {"id": "T27-0185", "z": 3, "kind": "end-to-end", "gap_km": 1.166, "mutual": true, "strike": 149.036, "strike_compat": 0.047, "merged_km": 46.658, "base_overlap": 0.0, "argument": "Closing this 1.2 km gap would join two currently disconnected mapped systems (6.6 km and 38.9 km) into one 46.7 km system. Geometry: tip-to-tip along strike; mutual nearest tips; the tip points 10 deg off the link and 17 deg. The link strikes N149 E and 5% of the distance-weighted catalogued fault length within ~40 km lies within 20 deg of that strike (data-driven kinematic domain; no external stress model). Structural-setting label (geometry only; mapping to settings is ours): linkage/termination/step-over settings host ~25%/32% of characterised Great Basin geothermal systems (Faulds & Hinz 2015). Connectivity context: the catalogue network is near its critical connectivity (Berkowitz-style P=5.78 vs Pc 5.6-6.0 at the domain scale), where individual closures matter most, but Berkowitz et al. (2000) give ensemble statistics, not a verdict on this particular gap. Base coverage: 0% of its dots already lie within 300 m of the 0.2477 emission. Status: class-level holdout validation only."}}, {"type": "Feature", "geometry": {"type": "LineString", "coordinates": [[-117.49698, 40.19663], [-117.5016, 40.1867]]}, "properties": {"id": "T27-0186", "z": 3, "kind": "tip-to-tip oblique", "gap_km": 1.17, "mutual": false, "strike": 19.983, "strike_compat": 0.66, "merged_km": 3.136, "base_overlap": 1.0, "argument": "Closing this 1.2 km gap would join two currently disconnected mapped systems (0.6 km and 1.3 km) into one 3.1 km system. Geometry: oblique tip-to-tip (step-over-like); one-sided; the tip points 11 deg off the link and 41 deg. The link strikes N20 E and 66% of the distance-weighted catalogued fault length within ~40 km lies within 20 deg of that strike (data-driven kinematic domain; no external stress model). Structural-setting label (geometry only; mapping to settings is ours): linkage/termination/step-over settings host ~25%/32% of characterised Great Basin geothermal systems (Faulds & Hinz 2015). Connectivity context: the catalogue network is near its critical connectivity (Berkowitz-style P=5.78 vs Pc 5.6-6.0 at the domain scale), where individual closures matter most, but Berkowitz et al. (2000) give ensemble statistics, not a verdict on this particular gap. Base coverage: 100% of its dots already lie within 300 m of the 0.2477 emission. Status: class-level holdout validation only."}}, {"type": "Feature", "geometry": {"type": "LineString", "coordinates": [[-118.47547, 39.8081], [-118.47407, 39.79731]]}, "properties": {"id": "T27-0187", "z": 3, "kind": "end-to-end", "gap_km": 1.204, "mutual": false, "strike": 175.236, "strike_compat": 0.362, "merged_km": 3.953, "base_overlap": 0.0, "argument": "Closing this 1.2 km gap would join two currently disconnected mapped systems (1.0 km and 1.7 km) into one 4.0 km system. Geometry: tip-to-tip along strike; one-sided; the tip points 12 deg off the link and 5 deg. The link strikes N175 E and 36% of the distance-weighted catalogued fault length within ~40 km lies within 20 deg of that strike (data-driven kinematic domain; no external stress model). Structural-setting label (geometry only; mapping to settings is ours): linkage/termination/step-over settings host ~25%/32% of characterised Great Basin geothermal systems (Faulds & Hinz 2015). Connectivity context: the catalogue network is near its critical connectivity (Berkowitz-style P=5.78 vs Pc 5.6-6.0 at the domain scale), where individual closures matter most, but Berkowitz et al. (2000) give ensemble statistics, not a verdict on this particular gap. Base coverage: 0% of its dots already lie within 300 m of the 0.2477 emission. Status: class-level holdout validation only."}}, {"type": "Feature", "geometry": {"type": "LineString", "coordinates": [[-118.40578, 38.43124], [-118.41623, 38.43833]]}, "properties": {"id": "T27-0188", "z": 3, "kind": "abutting", "gap_km": 1.204, "mutual": false, "strike": 131.634, "strike_compat": 0.418, "merged_km": 2.011, "base_overlap": 0.0, "argument": "Closing this 1.2 km gap would join two currently disconnected mapped systems (0.5 km and 0.3 km) into one 2.0 km system. Geometry: tip abutting a through-going trace; one-sided; the tip points 5 deg off the link. The link strikes N132 E and 42% of the distance-weighted catalogued fault length within ~40 km lies within 20 deg of that strike (data-driven kinematic domain; no external stress model). Structural-setting label (geometry only; mapping to settings is ours): linkage/termination/step-over settings host ~25%/32% of characterised Great Basin geothermal systems (Faulds & Hinz 2015). Connectivity context: the catalogue network is near its critical connectivity (Berkowitz-style P=5.78 vs Pc 5.6-6.0 at the domain scale), where individual closures matter most, but Berkowitz et al. (2000) give ensemble statistics, not a verdict on this particular gap. Base coverage: 0% of its dots already lie within 300 m of the 0.2477 emission. Status: class-level holdout validation only."}}, {"type": "Feature", "geometry": {"type": "LineString", "coordinates": [[-118.229, 40.26595], [-118.2347, 40.25598]]}, "properties": {"id": "T27-0189", "z": 3, "kind": "abutting", "gap_km": 1.208, "mutual": false, "strike": 24.444, "strike_compat": 0.491, "merged_km": 6.037, "base_overlap": 0.333, "argument": "Closing this 1.2 km gap would join two currently disconnected mapped systems (3.4 km and 1.4 km) into one 6.0 km system. Geometry: tip abutting a through-going trace; one-sided; the tip points 11 deg off the link. The link strikes N24 E and 49% of the distance-weighted catalogued fault length within ~40 km lies within 20 deg of that strike (data-driven kinematic domain; no external stress model). Structural-setting label (geometry only; mapping to settings is ours): linkage/termination/step-over settings host ~25%/32% of characterised Great Basin geothermal systems (Faulds & Hinz 2015). Connectivity context: the catalogue network is near its critical connectivity (Berkowitz-style P=5.78 vs Pc 5.6-6.0 at the domain scale), where individual closures matter most, but Berkowitz et al. (2000) give ensemble statistics, not a verdict on this particular gap. Base coverage: 33% of its dots already lie within 300 m of the 0.2477 emission. Status: class-level holdout validation only."}}, {"type": "Feature", "geometry": {"type": "LineString", "coordinates": [[-119.19599, 39.21019], [-119.19797, 39.19934]]}, "properties": {"id": "T27-0190", "z": 3, "kind": "end-to-end", "gap_km": 1.217, "mutual": true, "strike": 9.462, "strike_compat": 0.235, "merged_km": 4.565, "base_overlap": 1.0, "argument": "Closing this 1.2 km gap would join two currently disconnected mapped systems (1.6 km and 1.8 km) into one 4.6 km system. Geometry: tip-to-tip along strike; mutual nearest tips; the tip points 23 deg off the link and 21 deg. The link strikes N9 E and 23% of the distance-weighted catalogued fault length within ~40 km lies within 20 deg of that strike (data-driven kinematic domain; no external stress model). Structural-setting label (geometry only; mapping to settings is ours): linkage/termination/step-over settings host ~25%/32% of characterised Great Basin geothermal systems (Faulds & Hinz 2015). Connectivity context: the catalogue network is near its critical connectivity (Berkowitz-style P=5.78 vs Pc 5.6-6.0 at the domain scale), where individual closures matter most, but Berkowitz et al. (2000) give ensemble statistics, not a verdict on this particular gap. Base coverage: 100% of its dots already lie within 300 m of the 0.2477 emission. Status: class-level holdout validation only."}}, {"type": "Feature", "geometry": {"type": "LineString", "coordinates": [[-117.82168, 38.34758], [-117.82409, 38.35837]]}, "properties": {"id": "T27-0191", "z": 3, "kind": "end-to-end", "gap_km": 1.217, "mutual": false, "strike": 170.538, "strike_compat": 0.631, "merged_km": 2.224, "base_overlap": 0.0, "argument": "Closing this 1.2 km gap would join two currently disconnected mapped systems (0.4 km and 0.6 km) into one 2.2 km system. Geometry: tip-to-tip along strike; one-sided; the tip points 24 deg off the link and 22 deg. The link strikes N171 E and 63% of the distance-weighted catalogued fault length within ~40 km lies within 20 deg of that strike (data-driven kinematic domain; no external stress model). Structural-setting label (geometry only; mapping to settings is ours): linkage/termination/step-over settings host ~25%/32% of characterised Great Basin geothermal systems (Faulds & Hinz 2015). Connectivity context: the catalogue network is near its critical connectivity (Berkowitz-style P=5.78 vs Pc 5.6-6.0 at the domain scale), where individual closures matter most, but Berkowitz et al. (2000) give ensemble statistics, not a verdict on this particular gap. Base coverage: 0% of its dots already lie within 300 m of the 0.2477 emission. Status: class-level holdout validation only."}}, {"type": "Feature", "geometry": {"type": "LineString", "coordinates": [[-118.09884, 38.66432], [-118.10246, 38.6751]]}, "properties": {"id": "T27-0192", "z": 3, "kind": "abutting", "gap_km": 1.237, "mutual": false, "strike": 165.964, "strike_compat": 0.45, "merged_km": 2.444, "base_overlap": 0.333, "argument": "Closing this 1.2 km gap would join two currently disconnected mapped systems (0.9 km and 0.3 km) into one 2.4 km system. Geometry: tip abutting a through-going trace; one-sided; the tip points 7 deg off the link. The link strikes N166 E and 45% of the distance-weighted catalogued fault length within ~40 km lies within 20 deg of that strike (data-driven kinematic domain; no external stress model). Structural-setting label (geometry only; mapping to settings is ours): linkage/termination/step-over settings host ~25%/32% of characterised Great Basin geothermal systems (Faulds & Hinz 2015). Connectivity context: the catalogue network is near its critical connectivity (Berkowitz-style P=5.78 vs Pc 5.6-6.0 at the domain scale), where individual closures matter most, but Berkowitz et al. (2000) give ensemble statistics, not a verdict on this particular gap. Base coverage: 33% of its dots already lie within 300 m of the 0.2477 emission. Status: class-level holdout validation only."}}, {"type": "Feature", "geometry": {"type": "LineString", "coordinates": [[-116.30603, 40.274], [-116.31319, 40.26413]]}, "properties": {"id": "T27-0193", "z": 3, "kind": "end-to-end", "gap_km": 1.253, "mutual": true, "strike": 28.61, "strike_compat": 0.351, "merged_km": 4.681, "base_overlap": 0.333, "argument": "Closing this 1.3 km gap would join two currently disconnected mapped systems (1.8 km and 1.6 km) into one 4.7 km system. Geometry: tip-to-tip along strike; mutual nearest tips; the tip points 16 deg off the link and 12 deg. The link strikes N29 E and 35% of the distance-weighted catalogued fault length within ~40 km lies within 20 deg of that strike (data-driven kinematic domain; no external stress model). Structural-setting label (geometry only; mapping to settings is ours): linkage/termination/step-over settings host ~25%/32% of characterised Great Basin geothermal systems (Faulds & Hinz 2015). Connectivity context: the catalogue network is near its critical connectivity (Berkowitz-style P=5.78 vs Pc 5.6-6.0 at the domain scale), where individual closures matter most, but Berkowitz et al. (2000) give ensemble statistics, not a verdict on this particular gap. Base coverage: 33% of its dots already lie within 300 m of the 0.2477 emission. Status: class-level holdout validation only."}}, {"type": "Feature", "geometry": {"type": "LineString", "coordinates": [[-117.90618, 39.9572], [-117.89218, 39.96091]]}, "properties": {"id": "T27-0194", "z": 3, "kind": "end-to-end", "gap_km": 1.265, "mutual": false, "strike": 71.565, "strike_compat": 0.147, "merged_km": 4.986, "base_overlap": 0.667, "argument": "Closing this 1.3 km gap would join two currently disconnected mapped systems (2.6 km and 1.1 km) into one 5.0 km system. Geometry: tip-to-tip along strike; one-sided; the tip points 4 deg off the link and 30 deg. The link strikes N72 E and 15% of the distance-weighted catalogued fault length within ~40 km lies within 20 deg of that strike (data-driven kinematic domain; no external stress model). Structural-setting label (geometry only; mapping to settings is ours): linkage/termination/step-over settings host ~25%/32% of characterised Great Basin geothermal systems (Faulds & Hinz 2015). Connectivity context: the catalogue network is near its critical connectivity (Berkowitz-style P=5.78 vs Pc 5.6-6.0 at the domain scale), where individual closures matter most, but Berkowitz et al. (2000) give ensemble statistics, not a verdict on this particular gap. Base coverage: 67% of its dots already lie within 300 m of the 0.2477 emission. Status: class-level holdout validation only."}}, {"type": "Feature", "geometry": {"type": "LineString", "coordinates": [[-119.25458, 39.59197], [-119.25888, 39.58108]]}, "properties": {"id": "T27-0195", "z": 3, "kind": "end-to-end", "gap_km": 1.265, "mutual": true, "strike": 18.435, "strike_compat": 0.345, "merged_km": 4.155, "base_overlap": 0.0, "argument": "Closing this 1.3 km gap would join two currently disconnected mapped systems (2.2 km and 0.7 km) into one 4.2 km system. Geometry: tip-to-tip along strike; mutual nearest tips; the tip points 26 deg off the link and 18 deg. The link strikes N18 E and 35% of the distance-weighted catalogued fault length within ~40 km lies within 20 deg of that strike (data-driven kinematic domain; no external stress model). Structural-setting label (geometry only; mapping to settings is ours): linkage/termination/step-over settings host ~25%/32% of characterised Great Basin geothermal systems (Faulds & Hinz 2015). Connectivity context: the catalogue network is near its critical connectivity (Berkowitz-style P=5.78 vs Pc 5.6-6.0 at the domain scale), where individual closures matter most, but Berkowitz et al. (2000) give ensemble statistics, not a verdict on this particular gap. Base coverage: 0% of its dots already lie within 300 m of the 0.2477 emission. Status: class-level holdout validation only."}}, {"type": "Feature", "geometry": {"type": "LineString", "coordinates": [[-118.07787, 37.79394], [-118.08798, 37.78574]]}, "properties": {"id": "T27-0196", "z": 3, "kind": "end-to-end", "gap_km": 1.273, "mutual": false, "strike": 45.0, "strike_compat": 0.289, "merged_km": 3.511, "base_overlap": 0.0, "argument": "Closing this 1.3 km gap would join two currently disconnected mapped systems (1.0 km and 1.2 km) into one 3.5 km system. Geometry: tip-to-tip along strike; one-sided; the tip points 8 deg off the link and 8 deg. The link strikes N45 E and 29% of the distance-weighted catalogued fault length within ~40 km lies within 20 deg of that strike (data-driven kinematic domain; no external stress model). Structural-setting label (geometry only; mapping to settings is ours): linkage/termination/step-over settings host ~25%/32% of characterised Great Basin geothermal systems (Faulds & Hinz 2015). Connectivity context: the catalogue network is near its critical connectivity (Berkowitz-style P=5.78 vs Pc 5.6-6.0 at the domain scale), where individual closures matter most, but Berkowitz et al. (2000) give ensemble statistics, not a verdict on this particular gap. Base coverage: 0% of its dots already lie within 300 m of the 0.2477 emission. Status: class-level holdout validation only."}}, {"type": "Feature", "geometry": {"type": "LineString", "coordinates": [[-117.56198, 40.52607], [-117.57384, 40.53322]]}, "properties": {"id": "T27-0197", "z": 3, "kind": "end-to-end", "gap_km": 1.281, "mutual": true, "strike": 128.66, "strike_compat": 0.029, "merged_km": 10.872, "base_overlap": 0.0, "argument": "Closing this 1.3 km gap would join two currently disconnected mapped systems (6.7 km and 2.9 km) into one 10.9 km system. Geometry: tip-to-tip along strike; mutual nearest tips; the tip points 1 deg off the link and 19 deg. The link strikes N129 E and 3% of the distance-weighted catalogued fault length within ~40 km lies within 20 deg of that strike (data-driven kinematic domain; no external stress model). Structural-setting label (geometry only; mapping to settings is ours): linkage/termination/step-over settings host ~25%/32% of characterised Great Basin geothermal systems (Faulds & Hinz 2015). Connectivity context: the catalogue network is near its critical connectivity (Berkowitz-style P=5.78 vs Pc 5.6-6.0 at the domain scale), where individual closures matter most, but Berkowitz et al. (2000) give ensemble statistics, not a verdict on this particular gap. Base coverage: 0% of its dots already lie within 300 m of the 0.2477 emission. Status: class-level holdout validation only."}}, {"type": "Feature", "geometry": {"type": "LineString", "coordinates": [[-117.84578, 40.37479], [-117.83625, 40.36585]]}, "properties": {"id": "T27-0198", "z": 3, "kind": "end-to-end", "gap_km": 1.281, "mutual": true, "strike": 141.34, "strike_compat": 0.104, "merged_km": 7.316, "base_overlap": 0.667, "argument": "Closing this 1.3 km gap would join two currently disconnected mapped systems (1.2 km and 4.8 km) into one 7.3 km system. Geometry: tip-to-tip along strike; mutual nearest tips; the tip points 25 deg off the link and 18 deg. The link strikes N141 E and 10% of the distance-weighted catalogued fault length within ~40 km lies within 20 deg of that strike (data-driven kinematic domain; no external stress model). Structural-setting label (geometry only; mapping to settings is ours): linkage/termination/step-over settings host ~25%/32% of characterised Great Basin geothermal systems (Faulds & Hinz 2015). Connectivity context: the catalogue network is near its critical connectivity (Berkowitz-style P=5.78 vs Pc 5.6-6.0 at the domain scale), where individual closures matter most, but Berkowitz et al. (2000) give ensemble statistics, not a verdict on this particular gap. Base coverage: 67% of its dots already lie within 300 m of the 0.2477 emission. Status: class-level holdout validation only."}}, {"type": "Feature", "geometry": {"type": "LineString", "coordinates": [[-117.13896, 40.35528], [-117.13309, 40.3661]]}, "properties": {"id": "T27-0199", "z": 3, "kind": "tip-to-tip oblique", "gap_km": 1.3, "mutual": false, "strike": 22.62, "strike_compat": 0.585, "merged_km": 3.149, "base_overlap": 0.0, "argument": "Closing this 1.3 km gap would join two currently disconnected mapped systems (1.3 km and 0.5 km) into one 3.1 km system. Geometry: oblique tip-to-tip (step-over-like); one-sided; the tip points 4 deg off the link and 56 deg. The link strikes N23 E and 58% of the distance-weighted catalogued fault length within ~40 km lies within 20 deg of that strike (data-driven kinematic domain; no external stress model). Structural-setting label (geometry only; mapping to settings is ours): linkage/termination/step-over settings host ~25%/32% of characterised Great Basin geothermal systems (Faulds & Hinz 2015). Connectivity context: the catalogue network is near its critical connectivity (Berkowitz-style P=5.78 vs Pc 5.6-6.0 at the domain scale), where individual closures matter most, but Berkowitz et al. (2000) give ensemble statistics, not a verdict on this particular gap. Base coverage: 0% of its dots already lie within 300 m of the 0.2477 emission. Status: class-level holdout validation only."}}, {"type": "Feature", "geometry": {"type": "LineString", "coordinates": [[-118.54389, 38.83591], [-118.5379, 38.82518]]}, "properties": {"id": "T27-0200", "z": 3, "kind": "tip-to-tip oblique", "gap_km": 1.3, "mutual": false, "strike": 157.38, "strike_compat": 0.568, "merged_km": 2.166, "base_overlap": 0.0, "argument": "Closing this 1.3 km gap would join two currently disconnected mapped systems (0.5 km and 0.3 km) into one 2.2 km system. Geometry: oblique tip-to-tip (step-over-like); one-sided; the tip points 14 deg off the link and 41 deg. The link strikes N157 E and 57% of the distance-weighted catalogued fault length within ~40 km lies within 20 deg of that strike (data-driven kinematic domain; no external stress model). Structural-setting label (geometry only; mapping to settings is ours): linkage/termination/step-over settings host ~25%/32% of characterised Great Basin geothermal systems (Faulds & Hinz 2015). Connectivity context: the catalogue network is near its critical connectivity (Berkowitz-style P=5.78 vs Pc 5.6-6.0 at the domain scale), where individual closures matter most, but Berkowitz et al. (2000) give ensemble statistics, not a verdict on this particular gap. Base coverage: 0% of its dots already lie within 300 m of the 0.2477 emission. Status: class-level holdout validation only."}}, {"type": "Feature", "geometry": {"type": "LineString", "coordinates": [[-117.92908, 38.60181], [-117.9232, 38.59104]]}, "properties": {"id": "T27-0201", "z": 3, "kind": "abutting", "gap_km": 1.3, "mutual": false, "strike": 157.38, "strike_compat": 0.623, "merged_km": 1.941, "base_overlap": 0.0, "argument": "Closing this 1.3 km gap would join two currently disconnected mapped systems (0.5 km and 0.1 km) into one 1.9 km system. Geometry: tip abutting a through-going trace; one-sided; the tip points 11 deg off the link. The link strikes N157 E and 62% of the distance-weighted catalogued fault length within ~40 km lies within 20 deg of that strike (data-driven kinematic domain; no external stress model). Structural-setting label (geometry only; mapping to settings is ours): linkage/termination/step-over settings host ~25%/32% of characterised Great Basin geothermal systems (Faulds & Hinz 2015). Connectivity context: the catalogue network is near its critical connectivity (Berkowitz-style P=5.78 vs Pc 5.6-6.0 at the domain scale), where individual closures matter most, but Berkowitz et al. (2000) give ensemble statistics, not a verdict on this particular gap. Base coverage: 0% of its dots already lie within 300 m of the 0.2477 emission. Status: class-level holdout validation only."}}, {"type": "Feature", "geometry": {"type": "LineString", "coordinates": [[-118.98141, 39.69065], [-118.97942, 39.7024]]}, "properties": {"id": "T27-0202", "z": 3, "kind": "tip-to-tip oblique", "gap_km": 1.315, "mutual": false, "strike": 8.746, "strike_compat": 0.459, "merged_km": 5.378, "base_overlap": 0.25, "argument": "Closing this 1.3 km gap would join two currently disconnected mapped systems (0.7 km and 3.3 km) into one 5.4 km system. Geometry: oblique tip-to-tip (step-over-like); one-sided; the tip points 1 deg off the link and 55 deg. The link strikes N9 E and 46% of the distance-weighted catalogued fault length within ~40 km lies within 20 deg of that strike (data-driven kinematic domain; no external stress model). Structural-setting label (geometry only; mapping to settings is ours): linkage/termination/step-over settings host ~25%/32% of characterised Great Basin geothermal systems (Faulds & Hinz 2015). Connectivity context: the catalogue network is near its critical connectivity (Berkowitz-style P=5.78 vs Pc 5.6-6.0 at the domain scale), where individual closures matter most, but Berkowitz et al. (2000) give ensemble statistics, not a verdict on this particular gap. Base coverage: 25% of its dots already lie within 300 m of the 0.2477 emission. Status: class-level holdout validation only."}}, {"type": "Feature", "geometry": {"type": "LineString", "coordinates": [[-119.26275, 39.59271], [-119.25888, 39.58108]]}, "properties": {"id": "T27-0203", "z": 3, "kind": "end-to-end", "gap_km": 1.334, "mutual": false, "strike": 167.005, "strike_compat": 0.284, "merged_km": 2.658, "base_overlap": 0.0, "argument": "Closing this 1.3 km gap would join two currently disconnected mapped systems (0.6 km and 0.7 km) into one 2.7 km system. Geometry: tip-to-tip along strike; one-sided; the tip points 4 deg off the link and 13 deg. The link strikes N167 E and 28% of the distance-weighted catalogued fault length within ~40 km lies within 20 deg of that strike (data-driven kinematic domain; no external stress model). Structural-setting label (geometry only; mapping to settings is ours): linkage/termination/step-over settings host ~25%/32% of characterised Great Basin geothermal systems (Faulds & Hinz 2015). Connectivity context: the catalogue network is near its critical connectivity (Berkowitz-style P=5.78 vs Pc 5.6-6.0 at the domain scale), where individual closures matter most, but Berkowitz et al. (2000) give ensemble statistics, not a verdict on this particular gap. Base coverage: 0% of its dots already lie within 300 m of the 0.2477 emission. Status: class-level holdout validation only."}}, {"type": "Feature", "geometry": {"type": "LineString", "coordinates": [[-118.12837, 37.75381], [-118.13196, 37.7655]]}, "properties": {"id": "T27-0204", "z": 3, "kind": "end-to-end", "gap_km": 1.334, "mutual": false, "strike": 167.005, "strike_compat": 0.39, "merged_km": 3.807, "base_overlap": 0.0, "argument": "Closing this 1.3 km gap would join two currently disconnected mapped systems (1.9 km and 0.6 km) into one 3.8 km system. Geometry: tip-to-tip along strike; one-sided; the tip points 9 deg off the link and 35 deg. The link strikes N167 E and 39% of the distance-weighted catalogued fault length within ~40 km lies within 20 deg of that strike (data-driven kinematic domain; no external stress model). Structural-setting label (geometry only; mapping to settings is ours): linkage/termination/step-over settings host ~25%/32% of characterised Great Basin geothermal systems (Faulds & Hinz 2015). Connectivity context: the catalogue network is near its critical connectivity (Berkowitz-style P=5.78 vs Pc 5.6-6.0 at the domain scale), where individual closures matter most, but Berkowitz et al. (2000) give ensemble statistics, not a verdict on this particular gap. Base coverage: 0% of its dots already lie within 300 m of the 0.2477 emission. Status: class-level holdout validation only."}}, {"type": "Feature", "geometry": {"type": "LineString", "coordinates": [[-117.81736, 37.44542], [-117.82063, 37.43368]]}, "properties": {"id": "T27-0205", "z": 3, "kind": "end-to-end", "gap_km": 1.334, "mutual": true, "strike": 12.995, "strike_compat": 0.328, "merged_km": 4.524, "base_overlap": 0.0, "argument": "Closing this 1.3 km gap would join two currently disconnected mapped systems (1.9 km and 1.3 km) into one 4.5 km system. Geometry: tip-to-tip along strike; mutual nearest tips; the tip points 20 deg off the link and 6 deg. The link strikes N13 E and 33% of the distance-weighted catalogued fault length within ~40 km lies within 20 deg of that strike (data-driven kinematic domain; no external stress model). Structural-setting label (geometry only; mapping to settings is ours): linkage/termination/step-over settings host ~25%/32% of characterised Great Basin geothermal systems (Faulds & Hinz 2015). Connectivity context: the catalogue network is near its critical connectivity (Berkowitz-style P=5.78 vs Pc 5.6-6.0 at the domain scale), where individual closures matter most, but Berkowitz et al. (2000) give ensemble statistics, not a verdict on this particular gap. Base coverage: 0% of its dots already lie within 300 m of the 0.2477 emission. Status: class-level holdout validation only."}}, {"type": "Feature", "geometry": {"type": "LineString", "coordinates": [[-117.37286, 40.48719], [-117.38343, 40.47815]]}, "properties": {"id": "T27-0206", "z": 3, "kind": "end-to-end", "gap_km": 1.345, "mutual": true, "strike": 41.987, "strike_compat": 0.332, "merged_km": 2.552, "base_overlap": 0.0, "argument": "Closing this 1.3 km gap would join two currently disconnected mapped systems (0.6 km and 0.6 km) into one 2.6 km system. Geometry: tip-to-tip along strike; mutual nearest tips; the tip points 26 deg off the link and 11 deg. The link strikes N42 E and 33% of the distance-weighted catalogued fault length within ~40 km lies within 20 deg of that strike (data-driven kinematic domain; no external stress model). Structural-setting label (geometry only; mapping to settings is ours): linkage/termination/step-over settings host ~25%/32% of characterised Great Basin geothermal systems (Faulds & Hinz 2015). Connectivity context: the catalogue network is near its critical connectivity (Berkowitz-style P=5.78 vs Pc 5.6-6.0 at the domain scale), where individual closures matter most, but Berkowitz et al. (2000) give ensemble statistics, not a verdict on this particular gap. Base coverage: 0% of its dots already lie within 300 m of the 0.2477 emission. Status: class-level holdout validation only."}}, {"type": "Feature", "geometry": {"type": "LineString", "coordinates": [[-116.87909, 40.13997], [-116.87437, 40.15168]]}, "properties": {"id": "T27-0207", "z": 3, "kind": "tip-to-tip oblique", "gap_km": 1.36, "mutual": false, "strike": 17.103, "strike_compat": 0.444, "merged_km": 5.457, "base_overlap": 0.0, "argument": "Closing this 1.4 km gap would join two currently disconnected mapped systems (3.0 km and 1.1 km) into one 5.5 km system. Geometry: oblique tip-to-tip (step-over-like); one-sided; the tip points 15 deg off the link and 52 deg. The link strikes N17 E and 44% of the distance-weighted catalogued fault length within ~40 km lies within 20 deg of that strike (data-driven kinematic domain; no external stress model). Structural-setting label (geometry only; mapping to settings is ours): linkage/termination/step-over settings host ~25%/32% of characterised Great Basin geothermal systems (Faulds & Hinz 2015). Connectivity context: the catalogue network is near its critical connectivity (Berkowitz-style P=5.78 vs Pc 5.6-6.0 at the domain scale), where individual closures matter most, but Berkowitz et al. (2000) give ensemble statistics, not a verdict on this particular gap. Base coverage: 0% of its dots already lie within 300 m of the 0.2477 emission. Status: class-level holdout validation only."}}, {"type": "Feature", "geometry": {"type": "LineString", "coordinates": [[-118.86961, 38.99965], [-118.87798, 39.01032]]}, "properties": {"id": "T27-0208", "z": 3, "kind": "end-to-end", "gap_km": 1.389, "mutual": false, "strike": 149.744, "strike_compat": 0.603, "merged_km": 20.076, "base_overlap": 0.0, "argument": "Closing this 1.4 km gap would join two currently disconnected mapped systems (9.5 km and 9.2 km) into one 20.1 km system. Geometry: tip-to-tip along strike; one-sided; the tip points 10 deg off the link and 4 deg. The link strikes N150 E and 60% of the distance-weighted catalogued fault length within ~40 km lies within 20 deg of that strike (data-driven kinematic domain; no external stress model). Structural-setting label (geometry only; mapping to settings is ours): linkage/termination/step-over settings host ~25%/32% of characterised Great Basin geothermal systems (Faulds & Hinz 2015). Connectivity context: the catalogue network is near its critical connectivity (Berkowitz-style P=5.78 vs Pc 5.6-6.0 at the domain scale), where individual closures matter most, but Berkowitz et al. (2000) give ensemble statistics, not a verdict on this particular gap. Base coverage: 0% of its dots already lie within 300 m of the 0.2477 emission. Status: class-level holdout validation only."}}, {"type": "Feature", "geometry": {"type": "LineString", "coordinates": [[-116.8, 40.68582], [-116.8154, 40.68134]]}, "properties": {"id": "T27-0209", "z": 3, "kind": "end-to-end", "gap_km": 1.393, "mutual": true, "strike": 68.962, "strike_compat": 0.304, "merged_km": 3.448, "base_overlap": 0.5, "argument": "Closing this 1.4 km gap would join two currently disconnected mapped systems (0.4 km and 1.6 km) into one 3.4 km system. Geometry: tip-to-tip along strike; mutual nearest tips; the tip points 24 deg off the link and 11 deg. The link strikes N69 E and 30% of the distance-weighted catalogued fault length within ~40 km lies within 20 deg of that strike (data-driven kinematic domain; no external stress model). Structural-setting label (geometry only; mapping to settings is ours): linkage/termination/step-over settings host ~25%/32% of characterised Great Basin geothermal systems (Faulds & Hinz 2015). Connectivity context: the catalogue network is near its critical connectivity (Berkowitz-style P=5.78 vs Pc 5.6-6.0 at the domain scale), where individual closures matter most, but Berkowitz et al. (2000) give ensemble statistics, not a verdict on this particular gap. Base coverage: 50% of its dots already lie within 300 m of the 0.2477 emission. Status: class-level holdout validation only."}}, {"type": "Feature", "geometry": {"type": "LineString", "coordinates": [[-117.65823, 40.58952], [-117.65243, 40.60127]]}, "properties": {"id": "T27-0210", "z": 3, "kind": "end-to-end", "gap_km": 1.393, "mutual": false, "strike": 21.038, "strike_compat": 0.528, "merged_km": 6.004, "base_overlap": 0.0, "argument": "Closing this 1.4 km gap would join two currently disconnected mapped systems (0.5 km and 4.1 km) into one 6.0 km system. Geometry: tip-to-tip along strike; one-sided; the tip points 16 deg off the link and 31 deg. The link strikes N21 E and 53% of the distance-weighted catalogued fault length within ~40 km lies within 20 deg of that strike (data-driven kinematic domain; no external stress model). Structural-setting label (geometry only; mapping to settings is ours): linkage/termination/step-over settings host ~25%/32% of characterised Great Basin geothermal systems (Faulds & Hinz 2015). Connectivity context: the catalogue network is near its critical connectivity (Berkowitz-style P=5.78 vs Pc 5.6-6.0 at the domain scale), where individual closures matter most, but Berkowitz et al. (2000) give ensemble statistics, not a verdict on this particular gap. Base coverage: 0% of its dots already lie within 300 m of the 0.2477 emission. Status: class-level holdout validation only."}}, {"type": "Feature", "geometry": {"type": "LineString", "coordinates": [[-118.00024, 38.59942], [-118.00157, 38.61203]]}, "properties": {"id": "T27-0211", "z": 3, "kind": "end-to-end", "gap_km": 1.404, "mutual": true, "strike": 175.914, "strike_compat": 0.339, "merged_km": 11.426, "base_overlap": 0.75, "argument": "Closing this 1.4 km gap would join two currently disconnected mapped systems (7.4 km and 2.6 km) into one 11.4 km system. Geometry: tip-to-tip along strike; mutual nearest tips; the tip points 10 deg off the link and 16 deg. The link strikes N176 E and 34% of the distance-weighted catalogued fault length within ~40 km lies within 20 deg of that strike (data-driven kinematic domain; no external stress model). Structural-setting label (geometry only; mapping to settings is ours): linkage/termination/step-over settings host ~25%/32% of characterised Great Basin geothermal systems (Faulds & Hinz 2015). Connectivity context: the catalogue network is near its critical connectivity (Berkowitz-style P=5.78 vs Pc 5.6-6.0 at the domain scale), where individual closures matter most, but Berkowitz et al. (2000) give ensemble statistics, not a verdict on this particular gap. Base coverage: 75% of its dots already lie within 300 m of the 0.2477 emission. Status: class-level holdout validation only."}}, {"type": "Feature", "geometry": {"type": "LineString", "coordinates": [[-118.17444, 37.79572], [-118.17578, 37.80833]]}, "properties": {"id": "T27-0212", "z": 3, "kind": "end-to-end", "gap_km": 1.404, "mutual": false, "strike": 175.914, "strike_compat": 0.375, "merged_km": 6.425, "base_overlap": 0.0, "argument": "Closing this 1.4 km gap would join two currently disconnected mapped systems (2.1 km and 2.9 km) into one 6.4 km system. Geometry: tip-to-tip along strike; one-sided; the tip points 4 deg off the link and 31 deg. The link strikes N176 E and 37% of the distance-weighted catalogued fault length within ~40 km lies within 20 deg of that strike (data-driven kinematic domain; no external stress model). Structural-setting label (geometry only; mapping to settings is ours): linkage/termination/step-over settings host ~25%/32% of characterised Great Basin geothermal systems (Faulds & Hinz 2015). Connectivity context: the catalogue network is near its critical connectivity (Berkowitz-style P=5.78 vs Pc 5.6-6.0 at the domain scale), where individual closures matter most, but Berkowitz et al. (2000) give ensemble statistics, not a verdict on this particular gap. Base coverage: 0% of its dots already lie within 300 m of the 0.2477 emission. Status: class-level holdout validation only."}}, {"type": "Feature", "geometry": {"type": "LineString", "coordinates": [[-118.01118, 39.53286], [-118.01369, 39.54546]]}, "properties": {"id": "T27-0213", "z": 3, "kind": "end-to-end", "gap_km": 1.414, "mutual": false, "strike": 171.87, "strike_compat": 0.516, "merged_km": 4.028, "base_overlap": 0.5, "argument": "Closing this 1.4 km gap would join two currently disconnected mapped systems (2.1 km and 0.5 km) into one 4.0 km system. Geometry: tip-to-tip along strike; one-sided; the tip points 29 deg off the link and 35 deg. The link strikes N172 E and 52% of the distance-weighted catalogued fault length within ~40 km lies within 20 deg of that strike (data-driven kinematic domain; no external stress model). Structural-setting label (geometry only; mapping to settings is ours): linkage/termination/step-over settings host ~25%/32% of characterised Great Basin geothermal systems (Faulds & Hinz 2015). Connectivity context: the catalogue network is near its critical connectivity (Berkowitz-style P=5.78 vs Pc 5.6-6.0 at the domain scale), where individual closures matter most, but Berkowitz et al. (2000) give ensemble statistics, not a verdict on this particular gap. Base coverage: 50% of its dots already lie within 300 m of the 0.2477 emission. Status: class-level holdout validation only."}}, {"type": "Feature", "geometry": {"type": "LineString", "coordinates": [[-118.63976, 38.44352], [-118.62369, 38.44194]]}, "properties": {"id": "T27-0214", "z": 3, "kind": "end-to-end", "gap_km": 1.414, "mutual": true, "strike": 98.13, "strike_compat": 0.166, "merged_km": 6.957, "base_overlap": 1.0, "argument": "Closing this 1.4 km gap would join two currently disconnected mapped systems (0.9 km and 4.7 km) into one 7.0 km system. Geometry: tip-to-tip along strike; mutual nearest tips; the tip points 22 deg off the link and 24 deg. The link strikes N98 E and 17% of the distance-weighted catalogued fault length within ~40 km lies within 20 deg of that strike (data-driven kinematic domain; no external stress model). Structural-setting label (geometry only; mapping to settings is ours): linkage/termination/step-over settings host ~25%/32% of characterised Great Basin geothermal systems (Faulds & Hinz 2015). Connectivity context: the catalogue network is near its critical connectivity (Berkowitz-style P=5.78 vs Pc 5.6-6.0 at the domain scale), where individual closures matter most, but Berkowitz et al. (2000) give ensemble statistics, not a verdict on this particular gap. Base coverage: 100% of its dots already lie within 300 m of the 0.2477 emission. Status: class-level holdout validation only."}}, {"type": "Feature", "geometry": {"type": "LineString", "coordinates": [[-117.67558, 40.19843], [-117.68251, 40.18668]]}, "properties": {"id": "T27-0215", "z": 3, "kind": "abutting", "gap_km": 1.432, "mutual": false, "strike": 24.775, "strike_compat": 0.673, "merged_km": 4.819, "base_overlap": 0.0, "argument": "Closing this 1.4 km gap would join two currently disconnected mapped systems (3.1 km and 0.2 km) into one 4.8 km system. Geometry: tip abutting a through-going trace; one-sided; the tip points 12 deg off the link. The link strikes N25 E and 67% of the distance-weighted catalogued fault length within ~40 km lies within 20 deg of that strike (data-driven kinematic domain; no external stress model). Structural-setting label (geometry only; mapping to settings is ours): linkage/termination/step-over settings host ~25%/32% of characterised Great Basin geothermal systems (Faulds & Hinz 2015). Connectivity context: the catalogue network is near its critical connectivity (Berkowitz-style P=5.78 vs Pc 5.6-6.0 at the domain scale), where individual closures matter most, but Berkowitz et al. (2000) give ensemble statistics, not a verdict on this particular gap. Base coverage: 0% of its dots already lie within 300 m of the 0.2477 emission. Status: class-level holdout validation only."}}, {"type": "Feature", "geometry": {"type": "LineString", "coordinates": [[-119.17128, 39.46022], [-119.18746, 39.45722]]}, "properties": {"id": "T27-0216", "z": 3, "kind": "end-to-end", "gap_km": 1.432, "mutual": true, "strike": 77.905, "strike_compat": 0.32, "merged_km": 9.553, "base_overlap": 0.0, "argument": "Closing this 1.4 km gap would join two currently disconnected mapped systems (6.3 km and 1.8 km) into one 9.6 km system. Geometry: tip-to-tip along strike; mutual nearest tips; the tip points 8 deg off the link and 5 deg. The link strikes N78 E and 32% of the distance-weighted catalogued fault length within ~40 km lies within 20 deg of that strike (data-driven kinematic domain; no external stress model). Structural-setting label (geometry only; mapping to settings is ours): linkage/termination/step-over settings host ~25%/32% of characterised Great Basin geothermal systems (Faulds & Hinz 2015). Connectivity context: the catalogue network is near its critical connectivity (Berkowitz-style P=5.78 vs Pc 5.6-6.0 at the domain scale), where individual closures matter most, but Berkowitz et al. (2000) give ensemble statistics, not a verdict on this particular gap. Base coverage: 0% of its dots already lie within 300 m of the 0.2477 emission. Status: class-level holdout validation only."}}, {"type": "Feature", "geometry": {"type": "LineString", "coordinates": [[-116.46752, 40.37936], [-116.45918, 40.39103]]}, "properties": {"id": "T27-0217", "z": 3, "kind": "end-to-end", "gap_km": 1.476, "mutual": false, "strike": 28.301, "strike_compat": 0.373, "merged_km": 2.884, "base_overlap": 0.0, "argument": "Closing this 1.5 km gap would join two currently disconnected mapped systems (0.6 km and 0.8 km) into one 2.9 km system. Geometry: tip-to-tip along strike; one-sided; the tip points 3 deg off the link and 12 deg. The link strikes N28 E and 37% of the distance-weighted catalogued fault length within ~40 km lies within 20 deg of that strike (data-driven kinematic domain; no external stress model). Structural-setting label (geometry only; mapping to settings is ours): linkage/termination/step-over settings host ~25%/32% of characterised Great Basin geothermal systems (Faulds & Hinz 2015). Connectivity context: the catalogue network is near its critical connectivity (Berkowitz-style P=5.78 vs Pc 5.6-6.0 at the domain scale), where individual closures matter most, but Berkowitz et al. (2000) give ensemble statistics, not a verdict on this particular gap. Base coverage: 0% of its dots already lie within 300 m of the 0.2477 emission. Status: class-level holdout validation only."}}, {"type": "Feature", "geometry": {"type": "LineString", "coordinates": [[-118.0191, 38.5524], [-118.00297, 38.54803]]}, "properties": {"id": "T27-0218", "z": 3, "kind": "end-to-end", "gap_km": 1.487, "mutual": true, "strike": 109.654, "strike_compat": 0.074, "merged_km": 16.52, "base_overlap": 0.0, "argument": "Closing this 1.5 km gap would join two currently disconnected mapped systems (12.0 km and 3.0 km) into one 16.5 km system. Geometry: tip-to-tip along strike; mutual nearest tips; the tip points 12 deg off the link and 6 deg. The link strikes N110 E and 7% of the distance-weighted catalogued fault length within ~40 km lies within 20 deg of that strike (data-driven kinematic domain; no external stress model). Structural-setting label (geometry only; mapping to settings is ours): linkage/termination/step-over settings host ~25%/32% of characterised Great Basin geothermal systems (Faulds & Hinz 2015). Connectivity context: the catalogue network is near its critical connectivity (Berkowitz-style P=5.78 vs Pc 5.6-6.0 at the domain scale), where individual closures matter most, but Berkowitz et al. (2000) give ensemble statistics, not a verdict on this particular gap. Base coverage: 0% of its dots already lie within 300 m of the 0.2477 emission. Status: class-level holdout validation only."}}, {"type": "Feature", "geometry": {"type": "LineString", "coordinates": [[-118.16896, 37.8084], [-118.17444, 37.79572]]}, "properties": {"id": "T27-0219", "z": 3, "kind": "end-to-end", "gap_km": 1.487, "mutual": false, "strike": 19.654, "strike_compat": 0.332, "merged_km": 4.335, "base_overlap": 0.0, "argument": "Closing this 1.5 km gap would join two currently disconnected mapped systems (0.8 km and 2.1 km) into one 4.3 km system. Geometry: tip-to-tip along strike; one-sided; the tip points 14 deg off the link and 20 deg. The link strikes N20 E and 33% of the distance-weighted catalogued fault length within ~40 km lies within 20 deg of that strike (data-driven kinematic domain; no external stress model). Structural-setting label (geometry only; mapping to settings is ours): linkage/termination/step-over settings host ~25%/32% of characterised Great Basin geothermal systems (Faulds & Hinz 2015). Connectivity context: the catalogue network is near its critical connectivity (Berkowitz-style P=5.78 vs Pc 5.6-6.0 at the domain scale), where individual closures matter most, but Berkowitz et al. (2000) give ensemble statistics, not a verdict on this particular gap. Base coverage: 0% of its dots already lie within 300 m of the 0.2477 emission. Status: class-level holdout validation only."}}, {"type": "Feature", "geometry": {"type": "LineString", "coordinates": [[-119.36351, 39.74746], [-119.36071, 39.73401]]}, "properties": {"id": "T27-0220", "z": 3, "kind": "end-to-end", "gap_km": 1.513, "mutual": true, "strike": 172.405, "strike_compat": 0.351, "merged_km": 4.345, "base_overlap": 0.0, "argument": "Closing this 1.5 km gap would join two currently disconnected mapped systems (0.9 km and 1.9 km) into one 4.3 km system. Geometry: tip-to-tip along strike; mutual nearest tips; the tip points 17 deg off the link and 6 deg. The link strikes N172 E and 35% of the distance-weighted catalogued fault length within ~40 km lies within 20 deg of that strike (data-driven kinematic domain; no external stress model). Structural-setting label (geometry only; mapping to settings is ours): linkage/termination/step-over settings host ~25%/32% of characterised Great Basin geothermal systems (Faulds & Hinz 2015). Connectivity context: the catalogue network is near its critical connectivity (Berkowitz-style P=5.78 vs Pc 5.6-6.0 at the domain scale), where individual closures matter most, but Berkowitz et al. (2000) give ensemble statistics, not a verdict on this particular gap. Base coverage: 0% of its dots already lie within 300 m of the 0.2477 emission. Status: class-level holdout validation only."}}, {"type": "Feature", "geometry": {"type": "LineString", "coordinates": [[-118.17368, 39.71604], [-118.17158, 39.72958]]}, "properties": {"id": "T27-0221", "z": 3, "kind": "abutting", "gap_km": 1.513, "mutual": false, "strike": 7.595, "strike_compat": 0.621, "merged_km": 6.966, "base_overlap": 0.75, "argument": "Closing this 1.5 km gap would join two currently disconnected mapped systems (5.2 km and 0.3 km) into one 7.0 km system. Geometry: tip abutting a through-going trace; one-sided; the tip points 15 deg off the link. The link strikes N8 E and 62% of the distance-weighted catalogued fault length within ~40 km lies within 20 deg of that strike (data-driven kinematic domain; no external stress model). Structural-setting label (geometry only; mapping to settings is ours): linkage/termination/step-over settings host ~25%/32% of characterised Great Basin geothermal systems (Faulds & Hinz 2015). Connectivity context: the catalogue network is near its critical connectivity (Berkowitz-style P=5.78 vs Pc 5.6-6.0 at the domain scale), where individual closures matter most, but Berkowitz et al. (2000) give ensemble statistics, not a verdict on this particular gap. Base coverage: 75% of its dots already lie within 300 m of the 0.2477 emission. Status: class-level holdout validation only."}}, {"type": "Feature", "geometry": {"type": "LineString", "coordinates": [[-119.00794, 39.68028], [-119.00131, 39.69301]]}, "properties": {"id": "T27-0222", "z": 3, "kind": "end-to-end", "gap_km": 1.523, "mutual": false, "strike": 23.199, "strike_compat": 0.477, "merged_km": 11.407, "base_overlap": 0.75, "argument": "Closing this 1.5 km gap would join two currently disconnected mapped systems (8.4 km and 1.4 km) into one 11.4 km system. Geometry: tip-to-tip along strike; one-sided; the tip points 9 deg off the link and 3 deg. The link strikes N23 E and 48% of the distance-weighted catalogued fault length within ~40 km lies within 20 deg of that strike (data-driven kinematic domain; no external stress model). Structural-setting label (geometry only; mapping to settings is ours): linkage/termination/step-over settings host ~25%/32% of characterised Great Basin geothermal systems (Faulds & Hinz 2015). Connectivity context: the catalogue network is near its critical connectivity (Berkowitz-style P=5.78 vs Pc 5.6-6.0 at the domain scale), where individual closures matter most, but Berkowitz et al. (2000) give ensemble statistics, not a verdict on this particular gap. Base coverage: 75% of its dots already lie within 300 m of the 0.2477 emission. Status: class-level holdout validation only."}}, {"type": "Feature", "geometry": {"type": "LineString", "coordinates": [[-117.81572, 38.42873], [-117.79975, 38.43424]]}, "properties": {"id": "T27-0223", "z": 3, "kind": "end-to-end", "gap_km": 1.523, "mutual": false, "strike": 66.801, "strike_compat": 0.009, "merged_km": 2.365, "base_overlap": 0.0, "argument": "Closing this 1.5 km gap would join two currently disconnected mapped systems (0.4 km and 0.4 km) into one 2.4 km system. Geometry: tip-to-tip along strike; one-sided; the tip points 9 deg off the link and 23 deg. The link strikes N67 E and 1% of the distance-weighted catalogued fault length within ~40 km lies within 20 deg of that strike (data-driven kinematic domain; no external stress model). Structural-setting label (geometry only; mapping to settings is ours): linkage/termination/step-over settings host ~25%/32% of characterised Great Basin geothermal systems (Faulds & Hinz 2015). Connectivity context: the catalogue network is near its critical connectivity (Berkowitz-style P=5.78 vs Pc 5.6-6.0 at the domain scale), where individual closures matter most, but Berkowitz et al. (2000) give ensemble statistics, not a verdict on this particular gap. Base coverage: 0% of its dots already lie within 300 m of the 0.2477 emission. Status: class-level holdout validation only."}}, {"type": "Feature", "geometry": {"type": "LineString", "coordinates": [[-118.37354, 38.66412], [-118.36983, 38.65065]]}, "properties": {"id": "T27-0224", "z": 3, "kind": "end-to-end", "gap_km": 1.53, "mutual": true, "strike": 168.69, "strike_compat": 0.269, "merged_km": 13.159, "base_overlap": 0.0, "argument": "Closing this 1.5 km gap would join two currently disconnected mapped systems (0.5 km and 11.1 km) into one 13.2 km system. Geometry: tip-to-tip along strike; mutual nearest tips; the tip points 0 deg off the link and 3 deg. The link strikes N169 E and 27% of the distance-weighted catalogued fault length within ~40 km lies within 20 deg of that strike (data-driven kinematic domain; no external stress model). Structural-setting label (geometry only; mapping to settings is ours): linkage/termination/step-over settings host ~25%/32% of characterised Great Basin geothermal systems (Faulds & Hinz 2015). Connectivity context: the catalogue network is near its critical connectivity (Berkowitz-style P=5.78 vs Pc 5.6-6.0 at the domain scale), where individual closures matter most, but Berkowitz et al. (2000) give ensemble statistics, not a verdict on this particular gap. Base coverage: 0% of its dots already lie within 300 m of the 0.2477 emission. Status: class-level holdout validation only."}}, {"type": "Feature", "geometry": {"type": "LineString", "coordinates": [[-117.86134, 40.3936], [-117.85645, 40.38012]]}, "properties": {"id": "T27-0225", "z": 3, "kind": "end-to-end", "gap_km": 1.552, "mutual": false, "strike": 165.069, "strike_compat": 0.368, "merged_km": 3.725, "base_overlap": 0.25, "argument": "Closing this 1.6 km gap would join two currently disconnected mapped systems (1.0 km and 1.2 km) into one 3.7 km system. Geometry: tip-to-tip along strike; one-sided; the tip points 1 deg off the link and 34 deg. The link strikes N165 E and 37% of the distance-weighted catalogued fault length within ~40 km lies within 20 deg of that strike (data-driven kinematic domain; no external stress model). Structural-setting label (geometry only; mapping to settings is ours): linkage/termination/step-over settings host ~25%/32% of characterised Great Basin geothermal systems (Faulds & Hinz 2015). Connectivity context: the catalogue network is near its critical connectivity (Berkowitz-style P=5.78 vs Pc 5.6-6.0 at the domain scale), where individual closures matter most, but Berkowitz et al. (2000) give ensemble statistics, not a verdict on this particular gap. Base coverage: 25% of its dots already lie within 300 m of the 0.2477 emission. Status: class-level holdout validation only."}}, {"type": "Feature", "geometry": {"type": "LineString", "coordinates": [[-118.60458, 38.04299], [-118.59342, 38.05396]]}, "properties": {"id": "T27-0226", "z": 3, "kind": "end-to-end", "gap_km": 1.562, "mutual": false, "strike": 39.806, "strike_compat": 0.497, "merged_km": 10.802, "base_overlap": 0.667, "argument": "Closing this 1.6 km gap would join two currently disconnected mapped systems (3.6 km and 5.6 km) into one 10.8 km system. Geometry: tip-to-tip along strike; one-sided; the tip points 15 deg off the link and 13 deg. The link strikes N40 E and 50% of the distance-weighted catalogued fault length within ~40 km lies within 20 deg of that strike (data-driven kinematic domain; no external stress model). Structural-setting label (geometry only; mapping to settings is ours): linkage/termination/step-over settings host ~25%/32% of characterised Great Basin geothermal systems (Faulds & Hinz 2015). Connectivity context: the catalogue network is near its critical connectivity (Berkowitz-style P=5.78 vs Pc 5.6-6.0 at the domain scale), where individual closures matter most, but Berkowitz et al. (2000) give ensemble statistics, not a verdict on this particular gap. Base coverage: 67% of its dots already lie within 300 m of the 0.2477 emission. Status: class-level holdout validation only."}}, {"type": "Feature", "geometry": {"type": "LineString", "coordinates": [[-117.59744, 40.5313], [-117.58929, 40.54395]]}, "properties": {"id": "T27-0227", "z": 3, "kind": "end-to-end", "gap_km": 1.565, "mutual": false, "strike": 26.565, "strike_compat": 0.499, "merged_km": 3.79, "base_overlap": 0.0, "argument": "Closing this 1.6 km gap would join two currently disconnected mapped systems (1.4 km and 0.8 km) into one 3.8 km system. Geometry: tip-to-tip along strike; one-sided; the tip points 27 deg off the link and 34 deg. The link strikes N27 E and 50% of the distance-weighted catalogued fault length within ~40 km lies within 20 deg of that strike (data-driven kinematic domain; no external stress model). Structural-setting label (geometry only; mapping to settings is ours): linkage/termination/step-over settings host ~25%/32% of characterised Great Basin geothermal systems (Faulds & Hinz 2015). Connectivity context: the catalogue network is near its critical connectivity (Berkowitz-style P=5.78 vs Pc 5.6-6.0 at the domain scale), where individual closures matter most, but Berkowitz et al. (2000) give ensemble statistics, not a verdict on this particular gap. Base coverage: 0% of its dots already lie within 300 m of the 0.2477 emission. Status: class-level holdout validation only."}}, {"type": "Feature", "geometry": {"type": "LineString", "coordinates": [[-118.16731, 39.12683], [-118.15942, 39.13953]]}, "properties": {"id": "T27-0228", "z": 3, "kind": "end-to-end", "gap_km": 1.565, "mutual": false, "strike": 26.565, "strike_compat": 0.648, "merged_km": 23.003, "base_overlap": 0.25, "argument": "Closing this 1.6 km gap would join two currently disconnected mapped systems (13.7 km and 7.8 km) into one 23.0 km system. Geometry: tip-to-tip along strike; one-sided; the tip points 12 deg off the link and 34 deg. The link strikes N27 E and 65% of the distance-weighted catalogued fault length within ~40 km lies within 20 deg of that strike (data-driven kinematic domain; no external stress model). Structural-setting label (geometry only; mapping to settings is ours): linkage/termination/step-over settings host ~25%/32% of characterised Great Basin geothermal systems (Faulds & Hinz 2015). Connectivity context: the catalogue network is near its critical connectivity (Berkowitz-style P=5.78 vs Pc 5.6-6.0 at the domain scale), where individual closures matter most, but Berkowitz et al. (2000) give ensemble statistics, not a verdict on this particular gap. Base coverage: 25% of its dots already lie within 300 m of the 0.2477 emission. Status: class-level holdout validation only."}}, {"type": "Feature", "geometry": {"type": "LineString", "coordinates": [[-117.42663, 40.40683], [-117.41728, 40.41947]]}, "properties": {"id": "T27-0229", "z": 3, "kind": "end-to-end", "gap_km": 1.612, "mutual": false, "strike": 29.745, "strike_compat": 0.502, "merged_km": 4.344, "base_overlap": 0.0, "argument": "Closing this 1.6 km gap would join two currently disconnected mapped systems (0.7 km and 2.0 km) into one 4.3 km system. Geometry: tip-to-tip along strike; one-sided; the tip points 30 deg off the link and 3 deg. The link strikes N30 E and 50% of the distance-weighted catalogued fault length within ~40 km lies within 20 deg of that strike (data-driven kinematic domain; no external stress model). Structural-setting label (geometry only; mapping to settings is ours): linkage/termination/step-over settings host ~25%/32% of characterised Great Basin geothermal systems (Faulds & Hinz 2015). Connectivity context: the catalogue network is near its critical connectivity (Berkowitz-style P=5.78 vs Pc 5.6-6.0 at the domain scale), where individual closures matter most, but Berkowitz et al. (2000) give ensemble statistics, not a verdict on this particular gap. Base coverage: 0% of its dots already lie within 300 m of the 0.2477 emission. Status: class-level holdout validation only."}}, {"type": "Feature", "geometry": {"type": "LineString", "coordinates": [[-119.39506, 39.74862], [-119.40022, 39.76292]]}, "properties": {"id": "T27-0230", "z": 3, "kind": "end-to-end", "gap_km": 1.649, "mutual": false, "strike": 165.964, "strike_compat": 0.369, "merged_km": 5.481, "base_overlap": 0.6, "argument": "Closing this 1.6 km gap would join two currently disconnected mapped systems (2.6 km and 1.3 km) into one 5.5 km system. Geometry: tip-to-tip along strike; one-sided; the tip points 7 deg off the link and 35 deg. The link strikes N166 E and 37% of the distance-weighted catalogued fault length within ~40 km lies within 20 deg of that strike (data-driven kinematic domain; no external stress model). Structural-setting label (geometry only; mapping to settings is ours): linkage/termination/step-over settings host ~25%/32% of characterised Great Basin geothermal systems (Faulds & Hinz 2015). Connectivity context: the catalogue network is near its critical connectivity (Berkowitz-style P=5.78 vs Pc 5.6-6.0 at the domain scale), where individual closures matter most, but Berkowitz et al. (2000) give ensemble statistics, not a verdict on this particular gap. Base coverage: 60% of its dots already lie within 300 m of the 0.2477 emission. Status: class-level holdout validation only."}}, {"type": "Feature", "geometry": {"type": "LineString", "coordinates": [[-118.21583, 39.39125], [-118.22072, 39.40561]]}, "properties": {"id": "T27-0231", "z": 3, "kind": "end-to-end", "gap_km": 1.649, "mutual": false, "strike": 165.964, "strike_compat": 0.248, "merged_km": 2.591, "base_overlap": 0.0, "argument": "Closing this 1.6 km gap would join two currently disconnected mapped systems (0.6 km and 0.3 km) into one 2.6 km system. Geometry: tip-to-tip along strike; one-sided; the tip points 14 deg off the link and 32 deg. The link strikes N166 E and 25% of the distance-weighted catalogued fault length within ~40 km lies within 20 deg of that strike (data-driven kinematic domain; no external stress model). Structural-setting label (geometry only; mapping to settings is ours): linkage/termination/step-over settings host ~25%/32% of characterised Great Basin geothermal systems (Faulds & Hinz 2015). Connectivity context: the catalogue network is near its critical connectivity (Berkowitz-style P=5.78 vs Pc 5.6-6.0 at the domain scale), where individual closures matter most, but Berkowitz et al. (2000) give ensemble statistics, not a verdict on this particular gap. Base coverage: 0% of its dots already lie within 300 m of the 0.2477 emission. Status: class-level holdout validation only."}}, {"type": "Feature", "geometry": {"type": "LineString", "coordinates": [[-119.00249, 40.49387], [-119.01035, 40.48022]]}, "properties": {"id": "T27-0232", "z": 3, "kind": "end-to-end", "gap_km": 1.655, "mutual": false, "strike": 25.017, "strike_compat": 0.68, "merged_km": 6.27, "base_overlap": 1.0, "argument": "Closing this 1.7 km gap would join two currently disconnected mapped systems (3.8 km and 0.8 km) into one 6.3 km system. Geometry: tip-to-tip along strike; one-sided; the tip points 25 deg off the link and 32 deg. The link strikes N25 E and 68% of the distance-weighted catalogued fault length within ~40 km lies within 20 deg of that strike (data-driven kinematic domain; no external stress model). Structural-setting label (geometry only; mapping to settings is ours): linkage/termination/step-over settings host ~25%/32% of characterised Great Basin geothermal systems (Faulds & Hinz 2015). Connectivity context: the catalogue network is near its critical connectivity (Berkowitz-style P=5.78 vs Pc 5.6-6.0 at the domain scale), where individual closures matter most, but Berkowitz et al. (2000) give ensemble statistics, not a verdict on this particular gap. Base coverage: 100% of its dots already lie within 300 m of the 0.2477 emission. Status: class-level holdout validation only."}}, {"type": "Feature", "geometry": {"type": "LineString", "coordinates": [[-116.91508, 40.46074], [-116.92099, 40.44633]]}, "properties": {"id": "T27-0233", "z": 3, "kind": "tip-to-tip oblique", "gap_km": 1.676, "mutual": false, "strike": 17.354, "strike_compat": 0.516, "merged_km": 3.566, "base_overlap": 0.2, "argument": "Closing this 1.7 km gap would join two currently disconnected mapped systems (0.9 km and 1.0 km) into one 3.6 km system. Geometry: oblique tip-to-tip (step-over-like); one-sided; the tip points 3 deg off the link and 37 deg. The link strikes N17 E and 52% of the distance-weighted catalogued fault length within ~40 km lies within 20 deg of that strike (data-driven kinematic domain; no external stress model). Structural-setting label (geometry only; mapping to settings is ours): linkage/termination/step-over settings host ~25%/32% of characterised Great Basin geothermal systems (Faulds & Hinz 2015). Connectivity context: the catalogue network is near its critical connectivity (Berkowitz-style P=5.78 vs Pc 5.6-6.0 at the domain scale), where individual closures matter most, but Berkowitz et al. (2000) give ensemble statistics, not a verdict on this particular gap. Base coverage: 20% of its dots already lie within 300 m of the 0.2477 emission. Status: class-level holdout validation only."}}, {"type": "Feature", "geometry": {"type": "LineString", "coordinates": [[-116.85675, 40.15346], [-116.86265, 40.13905]]}, "properties": {"id": "T27-0234", "z": 3, "kind": "end-to-end", "gap_km": 1.676, "mutual": false, "strike": 17.354, "strike_compat": 0.439, "merged_km": 4.032, "base_overlap": 0.0, "argument": "Closing this 1.7 km gap would join two currently disconnected mapped systems (0.9 km and 1.4 km) into one 4.0 km system. Geometry: tip-to-tip along strike; one-sided; the tip points 28 deg off the link and 9 deg. The link strikes N17 E and 44% of the distance-weighted catalogued fault length within ~40 km lies within 20 deg of that strike (data-driven kinematic domain; no external stress model). Structural-setting label (geometry only; mapping to settings is ours): linkage/termination/step-over settings host ~25%/32% of characterised Great Basin geothermal systems (Faulds & Hinz 2015). Connectivity context: the catalogue network is near its critical connectivity (Berkowitz-style P=5.78 vs Pc 5.6-6.0 at the domain scale), where individual closures matter most, but Berkowitz et al. (2000) give ensemble statistics, not a verdict on this particular gap. Base coverage: 0% of its dots already lie within 300 m of the 0.2477 emission. Status: class-level holdout validation only."}}, {"type": "Feature", "geometry": {"type": "LineString", "coordinates": [[-119.38527, 39.66774], [-119.39767, 39.65577]]}, "properties": {"id": "T27-0235", "z": 3, "kind": "end-to-end", "gap_km": 1.703, "mutual": false, "strike": 40.236, "strike_compat": 0.309, "merged_km": 4.024, "base_overlap": 1.0, "argument": "Closing this 1.7 km gap would join two currently disconnected mapped systems (1.5 km and 0.8 km) into one 4.0 km system. Geometry: tip-to-tip along strike; one-sided; the tip points 1 deg off the link and 5 deg. The link strikes N40 E and 31% of the distance-weighted catalogued fault length within ~40 km lies within 20 deg of that strike (data-driven kinematic domain; no external stress model). Structural-setting label (geometry only; mapping to settings is ours): linkage/termination/step-over settings host ~25%/32% of characterised Great Basin geothermal systems (Faulds & Hinz 2015). Connectivity context: the catalogue network is near its critical connectivity (Berkowitz-style P=5.78 vs Pc 5.6-6.0 at the domain scale), where individual closures matter most, but Berkowitz et al. (2000) give ensemble statistics, not a verdict on this particular gap. Base coverage: 100% of its dots already lie within 300 m of the 0.2477 emission. Status: class-level holdout validation only."}}, {"type": "Feature", "geometry": {"type": "LineString", "coordinates": [[-119.37422, 39.85535], [-119.38073, 39.8408]]}, "properties": {"id": "T27-0236", "z": 3, "kind": "end-to-end", "gap_km": 1.709, "mutual": true, "strike": 20.556, "strike_compat": 0.369, "merged_km": 4.689, "base_overlap": 0.0, "argument": "Closing this 1.7 km gap would join two currently disconnected mapped systems (1.8 km and 1.2 km) into one 4.7 km system. Geometry: tip-to-tip along strike; mutual nearest tips; the tip points 24 deg off the link and 0 deg. The link strikes N21 E and 37% of the distance-weighted catalogued fault length within ~40 km lies within 20 deg of that strike (data-driven kinematic domain; no external stress model). Structural-setting label (geometry only; mapping to settings is ours): linkage/termination/step-over settings host ~25%/32% of characterised Great Basin geothermal systems (Faulds & Hinz 2015). Connectivity context: the catalogue network is near its critical connectivity (Berkowitz-style P=5.78 vs Pc 5.6-6.0 at the domain scale), where individual closures matter most, but Berkowitz et al. (2000) give ensemble statistics, not a verdict on this particular gap. Base coverage: 0% of its dots already lie within 300 m of the 0.2477 emission. Status: class-level holdout validation only."}}, {"type": "Feature", "geometry": {"type": "LineString", "coordinates": [[-118.47947, 39.83148], [-118.47447, 39.81622]]}, "properties": {"id": "T27-0237", "z": 3, "kind": "end-to-end", "gap_km": 1.746, "mutual": false, "strike": 166.759, "strike_compat": 0.274, "merged_km": 3.471, "base_overlap": 0.0, "argument": "Closing this 1.7 km gap would join two currently disconnected mapped systems (0.7 km and 1.0 km) into one 3.5 km system. Geometry: tip-to-tip along strike; one-sided; the tip points 13 deg off the link and 20 deg. The link strikes N167 E and 27% of the distance-weighted catalogued fault length within ~40 km lies within 20 deg of that strike (data-driven kinematic domain; no external stress model). Structural-setting label (geometry only; mapping to settings is ours): linkage/termination/step-over settings host ~25%/32% of characterised Great Basin geothermal systems (Faulds & Hinz 2015). Connectivity context: the catalogue network is near its critical connectivity (Berkowitz-style P=5.78 vs Pc 5.6-6.0 at the domain scale), where individual closures matter most, but Berkowitz et al. (2000) give ensemble statistics, not a verdict on this particular gap. Base coverage: 0% of its dots already lie within 300 m of the 0.2477 emission. Status: class-level holdout validation only."}}, {"type": "Feature", "geometry": {"type": "LineString", "coordinates": [[-118.43582, 39.8113], [-118.41847, 39.81962]]}, "properties": {"id": "T27-0238", "z": 3, "kind": "end-to-end", "gap_km": 1.749, "mutual": false, "strike": 59.036, "strike_compat": 0.211, "merged_km": 3.888, "base_overlap": 0.0, "argument": "Closing this 1.7 km gap would join two currently disconnected mapped systems (0.8 km and 1.4 km) into one 3.9 km system. Geometry: tip-to-tip along strike; one-sided; the tip points 3 deg off the link and 18 deg. The link strikes N59 E and 21% of the distance-weighted catalogued fault length within ~40 km lies within 20 deg of that strike (data-driven kinematic domain; no external stress model). Structural-setting label (geometry only; mapping to settings is ours): linkage/termination/step-over settings host ~25%/32% of characterised Great Basin geothermal systems (Faulds & Hinz 2015). Connectivity context: the catalogue network is near its critical connectivity (Berkowitz-style P=5.78 vs Pc 5.6-6.0 at the domain scale), where individual closures matter most, but Berkowitz et al. (2000) give ensemble statistics, not a verdict on this particular gap. Base coverage: 0% of its dots already lie within 300 m of the 0.2477 emission. Status: class-level holdout validation only."}}, {"type": "Feature", "geometry": {"type": "LineString", "coordinates": [[-119.36832, 39.85367], [-119.38073, 39.8408]]}, "properties": {"id": "T27-0239", "z": 3, "kind": "end-to-end", "gap_km": 1.78, "mutual": false, "strike": 38.157, "strike_compat": 0.336, "merged_km": 7.933, "base_overlap": 0.0, "argument": "Closing this 1.8 km gap would join two currently disconnected mapped systems (5.0 km and 1.2 km) into one 7.9 km system. Geometry: tip-to-tip along strike; one-sided; the tip points 2 deg off the link and 18 deg. The link strikes N38 E and 34% of the distance-weighted catalogued fault length within ~40 km lies within 20 deg of that strike (data-driven kinematic domain; no external stress model). Structural-setting label (geometry only; mapping to settings is ours): linkage/termination/step-over settings host ~25%/32% of characterised Great Basin geothermal systems (Faulds & Hinz 2015). Connectivity context: the catalogue network is near its critical connectivity (Berkowitz-style P=5.78 vs Pc 5.6-6.0 at the domain scale), where individual closures matter most, but Berkowitz et al. (2000) give ensemble statistics, not a verdict on this particular gap. Base coverage: 0% of its dots already lie within 300 m of the 0.2477 emission. Status: class-level holdout validation only."}}, {"type": "Feature", "geometry": {"type": "LineString", "coordinates": [[-119.65492, 40.37262], [-119.64495, 40.35844]]}, "properties": {"id": "T27-0240", "z": 3, "kind": "end-to-end", "gap_km": 1.789, "mutual": true, "strike": 153.435, "strike_compat": 0.35, "merged_km": 2.672, "base_overlap": 1.0, "argument": "Closing this 1.8 km gap would join two currently disconnected mapped systems (0.3 km and 0.6 km) into one 2.7 km system. Geometry: tip-to-tip along strike; mutual nearest tips; the tip points 27 deg off the link and 5 deg. The link strikes N153 E and 35% of the distance-weighted catalogued fault length within ~40 km lies within 20 deg of that strike (data-driven kinematic domain; no external stress model). Structural-setting label (geometry only; mapping to settings is ours): linkage/termination/step-over settings host ~25%/32% of characterised Great Basin geothermal systems (Faulds & Hinz 2015). Connectivity context: the catalogue network is near its critical connectivity (Berkowitz-style P=5.78 vs Pc 5.6-6.0 at the domain scale), where individual closures matter most, but Berkowitz et al. (2000) give ensemble statistics, not a verdict on this particular gap. Base coverage: 100% of its dots already lie within 300 m of the 0.2477 emission. Status: class-level holdout validation only."}}, {"type": "Feature", "geometry": {"type": "LineString", "coordinates": [[-119.73747, 39.90769], [-119.72755, 39.89351]]}, "properties": {"id": "T27-0241", "z": 3, "kind": "end-to-end", "gap_km": 1.789, "mutual": false, "strike": 153.435, "strike_compat": 0.522, "merged_km": 7.056, "base_overlap": 0.0, "argument": "Closing this 1.8 km gap would join two currently disconnected mapped systems (4.8 km and 0.5 km) into one 7.1 km system. Geometry: tip-to-tip along strike; one-sided; the tip points 18 deg off the link and 18 deg. The link strikes N153 E and 52% of the distance-weighted catalogued fault length within ~40 km lies within 20 deg of that strike (data-driven kinematic domain; no external stress model). Structural-setting label (geometry only; mapping to settings is ours): linkage/termination/step-over settings host ~25%/32% of characterised Great Basin geothermal systems (Faulds & Hinz 2015). Connectivity context: the catalogue network is near its critical connectivity (Berkowitz-style P=5.78 vs Pc 5.6-6.0 at the domain scale), where individual closures matter most, but Berkowitz et al. (2000) give ensemble statistics, not a verdict on this particular gap. Base coverage: 0% of its dots already lie within 300 m of the 0.2477 emission. Status: class-level holdout validation only."}}, {"type": "Feature", "geometry": {"type": "LineString", "coordinates": [[-119.37716, 39.83907], [-119.36832, 39.85367]]}, "properties": {"id": "T27-0242", "z": 3, "kind": "end-to-end", "gap_km": 1.789, "mutual": false, "strike": 26.565, "strike_compat": 0.359, "merged_km": 7.559, "base_overlap": 0.0, "argument": "Closing this 1.8 km gap would join two currently disconnected mapped systems (0.8 km and 5.0 km) into one 7.6 km system. Geometry: tip-to-tip along strike; one-sided; the tip points 11 deg off the link and 14 deg. The link strikes N27 E and 36% of the distance-weighted catalogued fault length within ~40 km lies within 20 deg of that strike (data-driven kinematic domain; no external stress model). Structural-setting label (geometry only; mapping to settings is ours): linkage/termination/step-over settings host ~25%/32% of characterised Great Basin geothermal systems (Faulds & Hinz 2015). Connectivity context: the catalogue network is near its critical connectivity (Berkowitz-style P=5.78 vs Pc 5.6-6.0 at the domain scale), where individual closures matter most, but Berkowitz et al. (2000) give ensemble statistics, not a verdict on this particular gap. Base coverage: 0% of its dots already lie within 300 m of the 0.2477 emission. Status: class-level holdout validation only."}}, {"type": "Feature", "geometry": {"type": "LineString", "coordinates": [[-117.80015, 37.4212], [-117.79998, 37.40498]]}, "properties": {"id": "T27-0243", "z": 3, "kind": "end-to-end", "gap_km": 1.8, "mutual": true, "strike": 0.0, "strike_compat": 0.309, "merged_km": 3.424, "base_overlap": 0.6, "argument": "Closing this 1.8 km gap would join two currently disconnected mapped systems (0.6 km and 1.0 km) into one 3.4 km system. Geometry: tip-to-tip along strike; mutual nearest tips; the tip points 22 deg off the link and 7 deg. The link strikes N0 E and 31% of the distance-weighted catalogued fault length within ~40 km lies within 20 deg of that strike (data-driven kinematic domain; no external stress model). Structural-setting label (geometry only; mapping to settings is ours): linkage/termination/step-over settings host ~25%/32% of characterised Great Basin geothermal systems (Faulds & Hinz 2015). Connectivity context: the catalogue network is near its critical connectivity (Berkowitz-style P=5.78 vs Pc 5.6-6.0 at the domain scale), where individual closures matter most, but Berkowitz et al. (2000) give ensemble statistics, not a verdict on this particular gap. Base coverage: 60% of its dots already lie within 300 m of the 0.2477 emission. Status: class-level holdout validation only."}}, {"type": "Feature", "geometry": {"type": "LineString", "coordinates": [[-118.04692, 39.81997], [-118.0667, 39.81438]]}, "properties": {"id": "T27-0244", "z": 3, "kind": "end-to-end", "gap_km": 1.803, "mutual": true, "strike": 70.56, "strike_compat": 0.116, "merged_km": 6.19, "base_overlap": 0.8, "argument": "Closing this 1.8 km gap would join two currently disconnected mapped systems (2.6 km and 1.8 km) into one 6.2 km system. Geometry: tip-to-tip along strike; mutual nearest tips; the tip points 26 deg off the link and 20 deg. The link strikes N71 E and 12% of the distance-weighted catalogued fault length within ~40 km lies within 20 deg of that strike (data-driven kinematic domain; no external stress model). Structural-setting label (geometry only; mapping to settings is ours): linkage/termination/step-over settings host ~25%/32% of characterised Great Basin geothermal systems (Faulds & Hinz 2015). Connectivity context: the catalogue network is near its critical connectivity (Berkowitz-style P=5.78 vs Pc 5.6-6.0 at the domain scale), where individual closures matter most, but Berkowitz et al. (2000) give ensemble statistics, not a verdict on this particular gap. Base coverage: 80% of its dots already lie within 300 m of the 0.2477 emission. Status: class-level holdout validation only."}}, {"type": "Feature", "geometry": {"type": "LineString", "coordinates": [[-119.39445, 39.76484], [-119.39506, 39.74862]]}, "properties": {"id": "T27-0245", "z": 3, "kind": "end-to-end", "gap_km": 1.803, "mutual": false, "strike": 3.18, "strike_compat": 0.372, "merged_km": 4.91, "base_overlap": 0.8, "argument": "Closing this 1.8 km gap would join two currently disconnected mapped systems (0.5 km and 2.6 km) into one 4.9 km system. Geometry: tip-to-tip along strike; one-sided; the tip points 8 deg off the link and 10 deg. The link strikes N3 E and 37% of the distance-weighted catalogued fault length within ~40 km lies within 20 deg of that strike (data-driven kinematic domain; no external stress model). Structural-setting label (geometry only; mapping to settings is ours): linkage/termination/step-over settings host ~25%/32% of characterised Great Basin geothermal systems (Faulds & Hinz 2015). Connectivity context: the catalogue network is near its critical connectivity (Berkowitz-style P=5.78 vs Pc 5.6-6.0 at the domain scale), where individual closures matter most, but Berkowitz et al. (2000) give ensemble statistics, not a verdict on this particular gap. Base coverage: 80% of its dots already lie within 300 m of the 0.2477 emission. Status: class-level holdout validation only."}}, {"type": "Feature", "geometry": {"type": "LineString", "coordinates": [[-119.58585, 39.70128], [-119.58291, 39.68513]]}, "properties": {"id": "T27-0246", "z": 3, "kind": "end-to-end", "gap_km": 1.811, "mutual": false, "strike": 173.66, "strike_compat": 0.349, "merged_km": 6.208, "base_overlap": 0.8, "argument": "Closing this 1.8 km gap would join two currently disconnected mapped systems (3.3 km and 1.1 km) into one 6.2 km system. Geometry: tip-to-tip along strike; one-sided; the tip points 1 deg off the link and 6 deg. The link strikes N174 E and 35% of the distance-weighted catalogued fault length within ~40 km lies within 20 deg of that strike (data-driven kinematic domain; no external stress model). Structural-setting label (geometry only; mapping to settings is ours): linkage/termination/step-over settings host ~25%/32% of characterised Great Basin geothermal systems (Faulds & Hinz 2015). Connectivity context: the catalogue network is near its critical connectivity (Berkowitz-style P=5.78 vs Pc 5.6-6.0 at the domain scale), where individual closures matter most, but Berkowitz et al. (2000) give ensemble statistics, not a verdict on this particular gap. Base coverage: 80% of its dots already lie within 300 m of the 0.2477 emission. Status: class-level holdout validation only."}}, {"type": "Feature", "geometry": {"type": "LineString", "coordinates": [[-118.03026, 38.44957], [-118.03232, 38.43333]]}, "properties": {"id": "T27-0247", "z": 3, "kind": "end-to-end", "gap_km": 1.811, "mutual": true, "strike": 6.34, "strike_compat": 0.258, "merged_km": 6.725, "base_overlap": 0.4, "argument": "Closing this 1.8 km gap would join two currently disconnected mapped systems (3.9 km and 1.0 km) into one 6.7 km system. Geometry: tip-to-tip along strike; mutual nearest tips; the tip points 20 deg off the link and 14 deg. The link strikes N6 E and 26% of the distance-weighted catalogued fault length within ~40 km lies within 20 deg of that strike (data-driven kinematic domain; no external stress model). Structural-setting label (geometry only; mapping to settings is ours): linkage/termination/step-over settings host ~25%/32% of characterised Great Basin geothermal systems (Faulds & Hinz 2015). Connectivity context: the catalogue network is near its critical connectivity (Berkowitz-style P=5.78 vs Pc 5.6-6.0 at the domain scale), where individual closures matter most, but Berkowitz et al. (2000) give ensemble statistics, not a verdict on this particular gap. Base coverage: 40% of its dots already lie within 300 m of the 0.2477 emission. Status: class-level holdout validation only."}}, {"type": "Feature", "geometry": {"type": "LineString", "coordinates": [[-118.69125, 40.41056], [-118.69556, 40.39428]]}, "properties": {"id": "T27-0248", "z": 3, "kind": "end-to-end", "gap_km": 1.844, "mutual": false, "strike": 12.529, "strike_compat": 0.609, "merged_km": 3.534, "base_overlap": 0.0, "argument": "Closing this 1.8 km gap would join two currently disconnected mapped systems (0.7 km and 1.0 km) into one 3.5 km system. Geometry: tip-to-tip along strike; one-sided; the tip points 26 deg off the link and 8 deg. The link strikes N13 E and 61% of the distance-weighted catalogued fault length within ~40 km lies within 20 deg of that strike (data-driven kinematic domain; no external stress model). Structural-setting label (geometry only; mapping to settings is ours): linkage/termination/step-over settings host ~25%/32% of characterised Great Basin geothermal systems (Faulds & Hinz 2015). Connectivity context: the catalogue network is near its critical connectivity (Berkowitz-style P=5.78 vs Pc 5.6-6.0 at the domain scale), where individual closures matter most, but Berkowitz et al. (2000) give ensemble statistics, not a verdict on this particular gap. Base coverage: 0% of its dots already lie within 300 m of the 0.2477 emission. Status: class-level holdout validation only."}}, {"type": "Feature", "geometry": {"type": "LineString", "coordinates": [[-118.10064, 37.64412], [-118.10541, 37.6603]]}, "properties": {"id": "T27-0249", "z": 3, "kind": "end-to-end", "gap_km": 1.844, "mutual": false, "strike": 167.471, "strike_compat": 0.467, "merged_km": 3.534, "base_overlap": 0.333, "argument": "Closing this 1.8 km gap would join two currently disconnected mapped systems (1.3 km and 0.4 km) into one 3.5 km system. Geometry: tip-to-tip along strike; one-sided; the tip points 24 deg off the link and 13 deg. The link strikes N167 E and 47% of the distance-weighted catalogued fault length within ~40 km lies within 20 deg of that strike (data-driven kinematic domain; no external stress model). Structural-setting label (geometry only; mapping to settings is ours): linkage/termination/step-over settings host ~25%/32% of characterised Great Basin geothermal systems (Faulds & Hinz 2015). Connectivity context: the catalogue network is near its critical connectivity (Berkowitz-style P=5.78 vs Pc 5.6-6.0 at the domain scale), where individual closures matter most, but Berkowitz et al. (2000) give ensemble statistics, not a verdict on this particular gap. Base coverage: 33% of its dots already lie within 300 m of the 0.2477 emission. Status: class-level holdout validation only."}}, {"type": "Feature", "geometry": {"type": "LineString", "coordinates": [[-118.56067, 38.06791], [-118.57291, 38.05423]]}, "properties": {"id": "T27-0250", "z": 3, "kind": "end-to-end", "gap_km": 1.86, "mutual": false, "strike": 36.254, "strike_compat": 0.506, "merged_km": 5.047, "base_overlap": 0.0, "argument": "Closing this 1.9 km gap would join two currently disconnected mapped systems (1.5 km and 1.7 km) into one 5.0 km system. Geometry: tip-to-tip along strike; one-sided; the tip points 17 deg off the link and 5 deg. The link strikes N36 E and 51% of the distance-weighted catalogued fault length within ~40 km lies within 20 deg of that strike (data-driven kinematic domain; no external stress model). Structural-setting label (geometry only; mapping to settings is ours): linkage/termination/step-over settings host ~25%/32% of characterised Great Basin geothermal systems (Faulds & Hinz 2015). Connectivity context: the catalogue network is near its critical connectivity (Berkowitz-style P=5.78 vs Pc 5.6-6.0 at the domain scale), where individual closures matter most, but Berkowitz et al. (2000) give ensemble statistics, not a verdict on this particular gap. Base coverage: 0% of its dots already lie within 300 m of the 0.2477 emission. Status: class-level holdout validation only."}}, {"type": "Feature", "geometry": {"type": "LineString", "coordinates": [[-116.85605, 40.4868], [-116.87612, 40.47962]]}, "properties": {"id": "T27-0251", "z": 3, "kind": "end-to-end", "gap_km": 1.879, "mutual": false, "strike": 64.799, "strike_compat": 0.335, "merged_km": 6.232, "base_overlap": 0.0, "argument": "Closing this 1.9 km gap would join two currently disconnected mapped systems (1.2 km and 3.2 km) into one 6.2 km system. Geometry: tip-to-tip along strike; one-sided; the tip points 12 deg off the link and 33 deg. The link strikes N65 E and 34% of the distance-weighted catalogued fault length within ~40 km lies within 20 deg of that strike (data-driven kinematic domain; no external stress model). Structural-setting label (geometry only; mapping to settings is ours): linkage/termination/step-over settings host ~25%/32% of characterised Great Basin geothermal systems (Faulds & Hinz 2015). Connectivity context: the catalogue network is near its critical connectivity (Berkowitz-style P=5.78 vs Pc 5.6-6.0 at the domain scale), where individual closures matter most, but Berkowitz et al. (2000) give ensemble statistics, not a verdict on this particular gap. Base coverage: 0% of its dots already lie within 300 m of the 0.2477 emission. Status: class-level holdout validation only."}}, {"type": "Feature", "geometry": {"type": "LineString", "coordinates": [[-117.13719, 40.06157], [-117.11727, 40.0688]]}, "properties": {"id": "T27-0252", "z": 3, "kind": "end-to-end", "gap_km": 1.879, "mutual": false, "strike": 64.799, "strike_compat": 0.162, "merged_km": 7.073, "base_overlap": 0.6, "argument": "Closing this 1.9 km gap would join two currently disconnected mapped systems (4.2 km and 1.0 km) into one 7.1 km system. Geometry: tip-to-tip along strike; one-sided; the tip points 3 deg off the link and 33 deg. The link strikes N65 E and 16% of the distance-weighted catalogued fault length within ~40 km lies within 20 deg of that strike (data-driven kinematic domain; no external stress model). Structural-setting label (geometry only; mapping to settings is ours): linkage/termination/step-over settings host ~25%/32% of characterised Great Basin geothermal systems (Faulds & Hinz 2015). Connectivity context: the catalogue network is near its critical connectivity (Berkowitz-style P=5.78 vs Pc 5.6-6.0 at the domain scale), where individual closures matter most, but Berkowitz et al. (2000) give ensemble statistics, not a verdict on this particular gap. Base coverage: 60% of its dots already lie within 300 m of the 0.2477 emission. Status: class-level holdout validation only."}}, {"type": "Feature", "geometry": {"type": "LineString", "coordinates": [[-119.37397, 39.57608], [-119.39607, 39.57563]]}, "properties": {"id": "T27-0253", "z": 3, "kind": "end-to-end", "gap_km": 1.9, "mutual": true, "strike": 90.0, "strike_compat": 0.167, "merged_km": 6.063, "base_overlap": 0.833, "argument": "Closing this 1.9 km gap would join two currently disconnected mapped systems (2.2 km and 1.9 km) into one 6.1 km system. Geometry: tip-to-tip along strike; mutual nearest tips; the tip points 21 deg off the link and 32 deg. The link strikes N90 E and 17% of the distance-weighted catalogued fault length within ~40 km lies within 20 deg of that strike (data-driven kinematic domain; no external stress model). Structural-setting label (geometry only; mapping to settings is ours): linkage/termination/step-over settings host ~25%/32% of characterised Great Basin geothermal systems (Faulds & Hinz 2015). Connectivity context: the catalogue network is near its critical connectivity (Berkowitz-style P=5.78 vs Pc 5.6-6.0 at the domain scale), where individual closures matter most, but Berkowitz et al. (2000) give ensemble statistics, not a verdict on this particular gap. Base coverage: 83% of its dots already lie within 300 m of the 0.2477 emission. Status: class-level holdout validation only."}}, {"type": "Feature", "geometry": {"type": "LineString", "coordinates": [[-119.86394, 39.88302], [-119.85279, 39.86798]]}, "properties": {"id": "T27-0254", "z": 3, "kind": "abutting", "gap_km": 1.924, "mutual": false, "strike": 152.103, "strike_compat": 0.515, "merged_km": 7.293, "base_overlap": 0.0, "argument": "Closing this 1.9 km gap would join two currently disconnected mapped systems (1.2 km and 4.2 km) into one 7.3 km system. Geometry: tip abutting a through-going trace; one-sided; the tip points 9 deg off the link. The link strikes N152 E and 51% of the distance-weighted catalogued fault length within ~40 km lies within 20 deg of that strike (data-driven kinematic domain; no external stress model). Structural-setting label (geometry only; mapping to settings is ours): linkage/termination/step-over settings host ~25%/32% of characterised Great Basin geothermal systems (Faulds & Hinz 2015). Connectivity context: the catalogue network is near its critical connectivity (Berkowitz-style P=5.78 vs Pc 5.6-6.0 at the domain scale), where individual closures matter most, but Berkowitz et al. (2000) give ensemble statistics, not a verdict on this particular gap. Base coverage: 0% of its dots already lie within 300 m of the 0.2477 emission. Status: class-level holdout validation only."}}, {"type": "Feature", "geometry": {"type": "LineString", "coordinates": [[-119.16797, 39.46569], [-119.18746, 39.45722]]}, "properties": {"id": "T27-0255", "z": 3, "kind": "end-to-end", "gap_km": 1.924, "mutual": false, "strike": 62.103, "strike_compat": 0.354, "merged_km": 5.455, "base_overlap": 0.0, "argument": "Closing this 1.9 km gap would join two currently disconnected mapped systems (1.7 km and 1.8 km) into one 5.5 km system. Geometry: tip-to-tip along strike; one-sided; the tip points 7 deg off the link and 21 deg. The link strikes N62 E and 35% of the distance-weighted catalogued fault length within ~40 km lies within 20 deg of that strike (data-driven kinematic domain; no external stress model). Structural-setting label (geometry only; mapping to settings is ours): linkage/termination/step-over settings host ~25%/32% of characterised Great Basin geothermal systems (Faulds & Hinz 2015). Connectivity context: the catalogue network is near its critical connectivity (Berkowitz-style P=5.78 vs Pc 5.6-6.0 at the domain scale), where individual closures matter most, but Berkowitz et al. (2000) give ensemble statistics, not a verdict on this particular gap. Base coverage: 0% of its dots already lie within 300 m of the 0.2477 emission. Status: class-level holdout validation only."}}, {"type": "Feature", "geometry": {"type": "LineString", "coordinates": [[-117.79658, 37.4041], [-117.80015, 37.4212]]}, "properties": {"id": "T27-0256", "z": 3, "kind": "end-to-end", "gap_km": 1.924, "mutual": false, "strike": 171.027, "strike_compat": 0.287, "merged_km": 4.031, "base_overlap": 0.167, "argument": "Closing this 1.9 km gap would join two currently disconnected mapped systems (1.5 km and 0.6 km) into one 4.0 km system. Geometry: tip-to-tip along strike; one-sided; the tip points 9 deg off the link and 31 deg. The link strikes N171 E and 29% of the distance-weighted catalogued fault length within ~40 km lies within 20 deg of that strike (data-driven kinematic domain; no external stress model). Structural-setting label (geometry only; mapping to settings is ours): linkage/termination/step-over settings host ~25%/32% of characterised Great Basin geothermal systems (Faulds & Hinz 2015). Connectivity context: the catalogue network is near its critical connectivity (Berkowitz-style P=5.78 vs Pc 5.6-6.0 at the domain scale), where individual closures matter most, but Berkowitz et al. (2000) give ensemble statistics, not a verdict on this particular gap. Base coverage: 17% of its dots already lie within 300 m of the 0.2477 emission. Status: class-level holdout validation only."}}, {"type": "Feature", "geometry": {"type": "LineString", "coordinates": [[-119.26619, 39.62688], [-119.26098, 39.60987]]}, "properties": {"id": "T27-0257", "z": 3, "kind": "end-to-end", "gap_km": 1.942, "mutual": false, "strike": 168.111, "strike_compat": 0.303, "merged_km": 6.639, "base_overlap": 0.0, "argument": "Closing this 1.9 km gap would join two currently disconnected mapped systems (2.5 km and 2.2 km) into one 6.6 km system. Geometry: tip-to-tip along strike; one-sided; the tip points 2 deg off the link and 2 deg. The link strikes N168 E and 30% of the distance-weighted catalogued fault length within ~40 km lies within 20 deg of that strike (data-driven kinematic domain; no external stress model). Structural-setting label (geometry only; mapping to settings is ours): linkage/termination/step-over settings host ~25%/32% of characterised Great Basin geothermal systems (Faulds & Hinz 2015). Connectivity context: the catalogue network is near its critical connectivity (Berkowitz-style P=5.78 vs Pc 5.6-6.0 at the domain scale), where individual closures matter most, but Berkowitz et al. (2000) give ensemble statistics, not a verdict on this particular gap. Base coverage: 0% of its dots already lie within 300 m of the 0.2477 emission. Status: class-level holdout validation only."}}, {"type": "Feature", "geometry": {"type": "LineString", "coordinates": [[-119.48927, 39.34934], [-119.50032, 39.33379]]}, "properties": {"id": "T27-0258", "z": 3, "kind": "end-to-end", "gap_km": 1.972, "mutual": true, "strike": 30.466, "strike_compat": 0.367, "merged_km": 5.601, "base_overlap": 0.2, "argument": "Closing this 2.0 km gap would join two currently disconnected mapped systems (3.0 km and 0.6 km) into one 5.6 km system. Geometry: tip-to-tip along strike; mutual nearest tips; the tip points 19 deg off the link and 15 deg. The link strikes N30 E and 37% of the distance-weighted catalogued fault length within ~40 km lies within 20 deg of that strike (data-driven kinematic domain; no external stress model). Structural-setting label (geometry only; mapping to settings is ours): linkage/termination/step-over settings host ~25%/32% of characterised Great Basin geothermal systems (Faulds & Hinz 2015). Connectivity context: the catalogue network is near its critical connectivity (Berkowitz-style P=5.78 vs Pc 5.6-6.0 at the domain scale), where individual closures matter most, but Berkowitz et al. (2000) give ensemble statistics, not a verdict on this particular gap. Base coverage: 20% of its dots already lie within 300 m of the 0.2477 emission. Status: class-level holdout validation only."}}, {"type": "Feature", "geometry": {"type": "LineString", "coordinates": [[-119.50386, 39.33551], [-119.48927, 39.34934]]}, "properties": {"id": "T27-0259", "z": 3, "kind": "end-to-end", "gap_km": 1.985, "mutual": false, "strike": 40.914, "strike_compat": 0.348, "merged_km": 5.796, "base_overlap": 0.0, "argument": "Closing this 2.0 km gap would join two currently disconnected mapped systems (0.8 km and 3.0 km) into one 5.8 km system. Geometry: tip-to-tip along strike; one-sided; the tip points 1 deg off the link and 8 deg. The link strikes N41 E and 35% of the distance-weighted catalogued fault length within ~40 km lies within 20 deg of that strike (data-driven kinematic domain; no external stress model). Structural-setting label (geometry only; mapping to settings is ours): linkage/termination/step-over settings host ~25%/32% of characterised Great Basin geothermal systems (Faulds & Hinz 2015). Connectivity context: the catalogue network is near its critical connectivity (Berkowitz-style P=5.78 vs Pc 5.6-6.0 at the domain scale), where individual closures matter most, but Berkowitz et al. (2000) give ensemble statistics, not a verdict on this particular gap. Base coverage: 0% of its dots already lie within 300 m of the 0.2477 emission. Status: class-level holdout validation only."}}, {"type": "Feature", "geometry": {"type": "LineString", "coordinates": [[-117.80227, 38.45496], [-117.82398, 38.4494]]}, "properties": {"id": "T27-0260", "z": 3, "kind": "end-to-end", "gap_km": 1.992, "mutual": false, "strike": 72.474, "strike_compat": 0.01, "merged_km": 3.058, "base_overlap": 0.0, "argument": "Closing this 2.0 km gap would join two currently disconnected mapped systems (0.4 km and 0.6 km) into one 3.1 km system. Geometry: tip-to-tip along strike; one-sided; the tip points 3 deg off the link and 13 deg. The link strikes N72 E and 1% of the distance-weighted catalogued fault length within ~40 km lies within 20 deg of that strike (data-driven kinematic domain; no external stress model). Structural-setting label (geometry only; mapping to settings is ours): linkage/termination/step-over settings host ~25%/32% of characterised Great Basin geothermal systems (Faulds & Hinz 2015). Connectivity context: the catalogue network is near its critical connectivity (Berkowitz-style P=5.78 vs Pc 5.6-6.0 at the domain scale), where individual closures matter most, but Berkowitz et al. (2000) give ensemble statistics, not a verdict on this particular gap. Base coverage: 0% of its dots already lie within 300 m of the 0.2477 emission. Status: class-level holdout validation only."}}, {"type": "Feature", "geometry": {"type": "LineString", "coordinates": [[-118.83175, 40.02735], [-118.82164, 40.04373]]}, "properties": {"id": "T27-0261", "z": 3, "kind": "end-to-end", "gap_km": 2.012, "mutual": false, "strike": 26.565, "strike_compat": 0.418, "merged_km": 7.482, "base_overlap": 1.0, "argument": "Closing this 2.0 km gap would join two currently disconnected mapped systems (3.8 km and 1.7 km) into one 7.5 km system. Geometry: tip-to-tip along strike; one-sided; the tip points 27 deg off the link and 13 deg. The link strikes N27 E and 42% of the distance-weighted catalogued fault length within ~40 km lies within 20 deg of that strike (data-driven kinematic domain; no external stress model). Structural-setting label (geometry only; mapping to settings is ours): linkage/termination/step-over settings host ~25%/32% of characterised Great Basin geothermal systems (Faulds & Hinz 2015). Connectivity context: the catalogue network is near its critical connectivity (Berkowitz-style P=5.78 vs Pc 5.6-6.0 at the domain scale), where individual closures matter most, but Berkowitz et al. (2000) give ensemble statistics, not a verdict on this particular gap. Base coverage: 100% of its dots already lie within 300 m of the 0.2477 emission. Status: class-level holdout validation only."}}, {"type": "Feature", "geometry": {"type": "LineString", "coordinates": [[-116.58367, 40.07352], [-116.57556, 40.05637]]}, "properties": {"id": "T27-0262", "z": 3, "kind": "end-to-end", "gap_km": 2.025, "mutual": true, "strike": 159.775, "strike_compat": 0.314, "merged_km": 32.567, "base_overlap": 0.167, "argument": "Closing this 2.0 km gap would join two currently disconnected mapped systems (28.2 km and 2.3 km) into one 32.6 km system. Geometry: tip-to-tip along strike; mutual nearest tips; the tip points 13 deg off the link and 0 deg. The link strikes N160 E and 31% of the distance-weighted catalogued fault length within ~40 km lies within 20 deg of that strike (data-driven kinematic domain; no external stress model). Structural-setting label (geometry only; mapping to settings is ours): linkage/termination/step-over settings host ~25%/32% of characterised Great Basin geothermal systems (Faulds & Hinz 2015). Connectivity context: the catalogue network is near its critical connectivity (Berkowitz-style P=5.78 vs Pc 5.6-6.0 at the domain scale), where individual closures matter most, but Berkowitz et al. (2000) give ensemble statistics, not a verdict on this particular gap. Base coverage: 17% of its dots already lie within 300 m of the 0.2477 emission. Status: class-level holdout validation only."}}, {"type": "Feature", "geometry": {"type": "LineString", "coordinates": [[-118.16772, 38.58796], [-118.18059, 38.60315]]}, "properties": {"id": "T27-0263", "z": 3, "kind": "end-to-end", "gap_km": 2.025, "mutual": false, "strike": 147.095, "strike_compat": 0.586, "merged_km": 7.819, "base_overlap": 0.4, "argument": "Closing this 2.0 km gap would join two currently disconnected mapped systems (1.7 km and 4.1 km) into one 7.8 km system. Geometry: tip-to-tip along strike; one-sided; the tip points 25 deg off the link and 12 deg. The link strikes N147 E and 59% of the distance-weighted catalogued fault length within ~40 km lies within 20 deg of that strike (data-driven kinematic domain; no external stress model). Structural-setting label (geometry only; mapping to settings is ours): linkage/termination/step-over settings host ~25%/32% of characterised Great Basin geothermal systems (Faulds & Hinz 2015). Connectivity context: the catalogue network is near its critical connectivity (Berkowitz-style P=5.78 vs Pc 5.6-6.0 at the domain scale), where individual closures matter most, but Berkowitz et al. (2000) give ensemble statistics, not a verdict on this particular gap. Base coverage: 40% of its dots already lie within 300 m of the 0.2477 emission. Status: class-level holdout validation only."}}, {"type": "Feature", "geometry": {"type": "LineString", "coordinates": [[-117.79701, 37.44466], [-117.80134, 37.4266]]}, "properties": {"id": "T27-0264", "z": 3, "kind": "end-to-end", "gap_km": 2.04, "mutual": true, "strike": 11.31, "strike_compat": 0.4, "merged_km": 4.105, "base_overlap": 0.5, "argument": "Closing this 2.0 km gap would join two currently disconnected mapped systems (1.7 km and 0.4 km) into one 4.1 km system. Geometry: tip-to-tip along strike; mutual nearest tips; the tip points 15 deg off the link and 11 deg. The link strikes N11 E and 40% of the distance-weighted catalogued fault length within ~40 km lies within 20 deg of that strike (data-driven kinematic domain; no external stress model). Structural-setting label (geometry only; mapping to settings is ours): linkage/termination/step-over settings host ~25%/32% of characterised Great Basin geothermal systems (Faulds & Hinz 2015). Connectivity context: the catalogue network is near its critical connectivity (Berkowitz-style P=5.78 vs Pc 5.6-6.0 at the domain scale), where individual closures matter most, but Berkowitz et al. (2000) give ensemble statistics, not a verdict on this particular gap. Base coverage: 50% of its dots already lie within 300 m of the 0.2477 emission. Status: class-level holdout validation only."}}, {"type": "Feature", "geometry": {"type": "LineString", "coordinates": [[-116.92099, 40.44633], [-116.89858, 40.45352]]}, "properties": {"id": "T27-0265", "z": 3, "kind": "end-to-end", "gap_km": 2.062, "mutual": false, "strike": 67.166, "strike_compat": 0.287, "merged_km": 3.552, "base_overlap": 1.0, "argument": "Closing this 2.1 km gap would join two currently disconnected mapped systems (1.0 km and 0.5 km) into one 3.6 km system. Geometry: tip-to-tip along strike; one-sided; the tip points 13 deg off the link and 30 deg. The link strikes N67 E and 29% of the distance-weighted catalogued fault length within ~40 km lies within 20 deg of that strike (data-driven kinematic domain; no external stress model). Structural-setting label (geometry only; mapping to settings is ours): linkage/termination/step-over settings host ~25%/32% of characterised Great Basin geothermal systems (Faulds & Hinz 2015). Connectivity context: the catalogue network is near its critical connectivity (Berkowitz-style P=5.78 vs Pc 5.6-6.0 at the domain scale), where individual closures matter most, but Berkowitz et al. (2000) give ensemble statistics, not a verdict on this particular gap. Base coverage: 100% of its dots already lie within 300 m of the 0.2477 emission. Status: class-level holdout validation only."}}, {"type": "Feature", "geometry": {"type": "LineString", "coordinates": [[-118.49592, 39.78171], [-118.48695, 39.79895]]}, "properties": {"id": "T27-0266", "z": 3, "kind": "end-to-end", "gap_km": 2.062, "mutual": false, "strike": 22.834, "strike_compat": 0.467, "merged_km": 6.759, "base_overlap": 0.0, "argument": "Closing this 2.1 km gap would join two currently disconnected mapped systems (2.6 km and 2.1 km) into one 6.8 km system. Geometry: tip-to-tip along strike; one-sided; the tip points 23 deg off the link and 12 deg. The link strikes N23 E and 47% of the distance-weighted catalogued fault length within ~40 km lies within 20 deg of that strike (data-driven kinematic domain; no external stress model). Structural-setting label (geometry only; mapping to settings is ours): linkage/termination/step-over settings host ~25%/32% of characterised Great Basin geothermal systems (Faulds & Hinz 2015). Connectivity context: the catalogue network is near its critical connectivity (Berkowitz-style P=5.78 vs Pc 5.6-6.0 at the domain scale), where individual closures matter most, but Berkowitz et al. (2000) give ensemble statistics, not a verdict on this particular gap. Base coverage: 0% of its dots already lie within 300 m of the 0.2477 emission. Status: class-level holdout validation only."}}, {"type": "Feature", "geometry": {"type": "LineString", "coordinates": [[-119.0923, 40.42201], [-119.0726, 40.43318]]}, "properties": {"id": "T27-0267", "z": 3, "kind": "end-to-end", "gap_km": 2.081, "mutual": false, "strike": 54.782, "strike_compat": 0.287, "merged_km": 5.102, "base_overlap": 0.0, "argument": "Closing this 2.1 km gap would join two currently disconnected mapped systems (1.9 km and 1.2 km) into one 5.1 km system. Geometry: tip-to-tip along strike; one-sided; the tip points 6 deg off the link and 34 deg. The link strikes N55 E and 29% of the distance-weighted catalogued fault length within ~40 km lies within 20 deg of that strike (data-driven kinematic domain; no external stress model). Structural-setting label (geometry only; mapping to settings is ours): linkage/termination/step-over settings host ~25%/32% of characterised Great Basin geothermal systems (Faulds & Hinz 2015). Connectivity context: the catalogue network is near its critical connectivity (Berkowitz-style P=5.78 vs Pc 5.6-6.0 at the domain scale), where individual closures matter most, but Berkowitz et al. (2000) give ensemble statistics, not a verdict on this particular gap. Base coverage: 0% of its dots already lie within 300 m of the 0.2477 emission. Status: class-level holdout validation only."}}, {"type": "Feature", "geometry": {"type": "LineString", "coordinates": [[-119.86744, 39.88293], [-119.85279, 39.86798]]}, "properties": {"id": "T27-0268", "z": 3, "kind": "abutting", "gap_km": 2.081, "mutual": false, "strike": 144.782, "strike_compat": 0.437, "merged_km": 7.592, "base_overlap": 0.0, "argument": "Closing this 2.1 km gap would join two currently disconnected mapped systems (1.3 km and 4.2 km) into one 7.6 km system. Geometry: tip abutting a through-going trace; one-sided; the tip points 6 deg off the link. The link strikes N145 E and 44% of the distance-weighted catalogued fault length within ~40 km lies within 20 deg of that strike (data-driven kinematic domain; no external stress model). Structural-setting label (geometry only; mapping to settings is ours): linkage/termination/step-over settings host ~25%/32% of characterised Great Basin geothermal systems (Faulds & Hinz 2015). Connectivity context: the catalogue network is near its critical connectivity (Berkowitz-style P=5.78 vs Pc 5.6-6.0 at the domain scale), where individual closures matter most, but Berkowitz et al. (2000) give ensemble statistics, not a verdict on this particular gap. Base coverage: 0% of its dots already lie within 300 m of the 0.2477 emission. Status: class-level holdout validation only."}}, {"type": "Feature", "geometry": {"type": "LineString", "coordinates": [[-119.07687, 39.56826], [-119.08918, 39.55182]]}, "properties": {"id": "T27-0269", "z": 3, "kind": "end-to-end", "gap_km": 2.11, "mutual": true, "strike": 31.43, "strike_compat": 0.353, "merged_km": 4.789, "base_overlap": 0.0, "argument": "Closing this 2.1 km gap would join two currently disconnected mapped systems (1.9 km and 0.8 km) into one 4.8 km system. Geometry: tip-to-tip along strike; mutual nearest tips; the tip points 18 deg off the link and 2 deg. The link strikes N31 E and 35% of the distance-weighted catalogued fault length within ~40 km lies within 20 deg of that strike (data-driven kinematic domain; no external stress model). Structural-setting label (geometry only; mapping to settings is ours): linkage/termination/step-over settings host ~25%/32% of characterised Great Basin geothermal systems (Faulds & Hinz 2015). Connectivity context: the catalogue network is near its critical connectivity (Berkowitz-style P=5.78 vs Pc 5.6-6.0 at the domain scale), where individual closures matter most, but Berkowitz et al. (2000) give ensemble statistics, not a verdict on this particular gap. Base coverage: 0% of its dots already lie within 300 m of the 0.2477 emission. Status: class-level holdout validation only."}}, {"type": "Feature", "geometry": {"type": "LineString", "coordinates": [[-118.22044, 39.25604], [-118.22824, 39.23794]]}, "properties": {"id": "T27-0270", "z": 3, "kind": "end-to-end", "gap_km": 2.119, "mutual": false, "strike": 19.29, "strike_compat": 0.616, "merged_km": 3.426, "base_overlap": 0.0, "argument": "Closing this 2.1 km gap would join two currently disconnected mapped systems (0.6 km and 0.7 km) into one 3.4 km system. Geometry: tip-to-tip along strike; one-sided; the tip points 26 deg off the link and 1 deg. The link strikes N19 E and 62% of the distance-weighted catalogued fault length within ~40 km lies within 20 deg of that strike (data-driven kinematic domain; no external stress model). Structural-setting label (geometry only; mapping to settings is ours): linkage/termination/step-over settings host ~25%/32% of characterised Great Basin geothermal systems (Faulds & Hinz 2015). Connectivity context: the catalogue network is near its critical connectivity (Berkowitz-style P=5.78 vs Pc 5.6-6.0 at the domain scale), where individual closures matter most, but Berkowitz et al. (2000) give ensemble statistics, not a verdict on this particular gap. Base coverage: 0% of its dots already lie within 300 m of the 0.2477 emission. Status: class-level holdout validation only."}}, {"type": "Feature", "geometry": {"type": "LineString", "coordinates": [[-117.91095, 37.98102], [-117.90662, 37.99998]]}, "properties": {"id": "T27-0271", "z": 3, "kind": "tip-to-tip oblique", "gap_km": 2.138, "mutual": false, "strike": 10.784, "strike_compat": 0.434, "merged_km": 4.652, "base_overlap": 0.167, "argument": "Closing this 2.1 km gap would join two currently disconnected mapped systems (1.3 km and 1.2 km) into one 4.7 km system. Geometry: oblique tip-to-tip (step-over-like); one-sided; the tip points 3 deg off the link and 47 deg. The link strikes N11 E and 43% of the distance-weighted catalogued fault length within ~40 km lies within 20 deg of that strike (data-driven kinematic domain; no external stress model). Structural-setting label (geometry only; mapping to settings is ours): linkage/termination/step-over settings host ~25%/32% of characterised Great Basin geothermal systems (Faulds & Hinz 2015). Connectivity context: the catalogue network is near its critical connectivity (Berkowitz-style P=5.78 vs Pc 5.6-6.0 at the domain scale), where individual closures matter most, but Berkowitz et al. (2000) give ensemble statistics, not a verdict on this particular gap. Base coverage: 17% of its dots already lie within 300 m of the 0.2477 emission. Status: class-level holdout validation only."}}, {"type": "Feature", "geometry": {"type": "LineString", "coordinates": [[-117.91424, 38.51902], [-117.91974, 38.50005]]}, "properties": {"id": "T27-0272", "z": 3, "kind": "end-to-end", "gap_km": 2.159, "mutual": true, "strike": 13.392, "strike_compat": 0.202, "merged_km": 8.239, "base_overlap": 0.333, "argument": "Closing this 2.2 km gap would join two currently disconnected mapped systems (4.0 km and 2.0 km) into one 8.2 km system. Geometry: tip-to-tip along strike; mutual nearest tips; the tip points 1 deg off the link and 27 deg. The link strikes N13 E and 20% of the distance-weighted catalogued fault length within ~40 km lies within 20 deg of that strike (data-driven kinematic domain; no external stress model). Structural-setting label (geometry only; mapping to settings is ours): linkage/termination/step-over settings host ~25%/32% of characterised Great Basin geothermal systems (Faulds & Hinz 2015). Connectivity context: the catalogue network is near its critical connectivity (Berkowitz-style P=5.78 vs Pc 5.6-6.0 at the domain scale), where individual closures matter most, but Berkowitz et al. (2000) give ensemble statistics, not a verdict on this particular gap. Base coverage: 33% of its dots already lie within 300 m of the 0.2477 emission. Status: class-level holdout validation only."}}, {"type": "Feature", "geometry": {"type": "LineString", "coordinates": [[-118.15458, 38.55655], [-118.14056, 38.54047]]}, "properties": {"id": "T27-0273", "z": 3, "kind": "abutting", "gap_km": 2.163, "mutual": false, "strike": 146.31, "strike_compat": 0.584, "merged_km": 3.37, "base_overlap": 1.0, "argument": "Closing this 2.2 km gap would join two currently disconnected mapped systems (1.0 km and 0.2 km) into one 3.4 km system. Geometry: tip abutting a through-going trace; one-sided; the tip points 7 deg off the link. The link strikes N146 E and 58% of the distance-weighted catalogued fault length within ~40 km lies within 20 deg of that strike (data-driven kinematic domain; no external stress model). Structural-setting label (geometry only; mapping to settings is ours): linkage/termination/step-over settings host ~25%/32% of characterised Great Basin geothermal systems (Faulds & Hinz 2015). Connectivity context: the catalogue network is near its critical connectivity (Berkowitz-style P=5.78 vs Pc 5.6-6.0 at the domain scale), where individual closures matter most, but Berkowitz et al. (2000) give ensemble statistics, not a verdict on this particular gap. Base coverage: 100% of its dots already lie within 300 m of the 0.2477 emission. Status: class-level holdout validation only."}}, {"type": "Feature", "geometry": {"type": "LineString", "coordinates": [[-119.2025, 39.41819], [-119.18554, 39.43293]]}, "properties": {"id": "T27-0274", "z": 3, "kind": "end-to-end", "gap_km": 2.193, "mutual": false, "strike": 43.152, "strike_compat": 0.292, "merged_km": 7.456, "base_overlap": 0.4, "argument": "Closing this 2.2 km gap would join two currently disconnected mapped systems (2.3 km and 2.9 km) into one 7.5 km system. Geometry: tip-to-tip along strike; one-sided; the tip points 11 deg off the link and 33 deg. The link strikes N43 E and 29% of the distance-weighted catalogued fault length within ~40 km lies within 20 deg of that strike (data-driven kinematic domain; no external stress model). Structural-setting label (geometry only; mapping to settings is ours): linkage/termination/step-over settings host ~25%/32% of characterised Great Basin geothermal systems (Faulds & Hinz 2015). Connectivity context: the catalogue network is near its critical connectivity (Berkowitz-style P=5.78 vs Pc 5.6-6.0 at the domain scale), where individual closures matter most, but Berkowitz et al. (2000) give ensemble statistics, not a verdict on this particular gap. Base coverage: 40% of its dots already lie within 300 m of the 0.2477 emission. Status: class-level holdout validation only."}}, {"type": "Feature", "geometry": {"type": "LineString", "coordinates": [[-118.29653, 38.6641], [-118.31403, 38.67832]]}, "properties": {"id": "T27-0275", "z": 3, "kind": "end-to-end", "gap_km": 2.193, "mutual": false, "strike": 136.848, "strike_compat": 0.566, "merged_km": 3.966, "base_overlap": 0.0, "argument": "Closing this 2.2 km gap would join two currently disconnected mapped systems (0.7 km and 1.0 km) into one 4.0 km system. Geometry: tip-to-tip along strike; one-sided; the tip points 17 deg off the link and 2 deg. The link strikes N137 E and 57% of the distance-weighted catalogued fault length within ~40 km lies within 20 deg of that strike (data-driven kinematic domain; no external stress model). Structural-setting label (geometry only; mapping to settings is ours): linkage/termination/step-over settings host ~25%/32% of characterised Great Basin geothermal systems (Faulds & Hinz 2015). Connectivity context: the catalogue network is near its critical connectivity (Berkowitz-style P=5.78 vs Pc 5.6-6.0 at the domain scale), where individual closures matter most, but Berkowitz et al. (2000) give ensemble statistics, not a verdict on this particular gap. Base coverage: 0% of its dots already lie within 300 m of the 0.2477 emission. Status: class-level holdout validation only."}}, {"type": "Feature", "geometry": {"type": "LineString", "coordinates": [[-117.90598, 38.50016], [-117.91424, 38.51902]]}, "properties": {"id": "T27-0276", "z": 3, "kind": "end-to-end", "gap_km": 2.214, "mutual": false, "strike": 161.565, "strike_compat": 0.608, "merged_km": 6.745, "base_overlap": 0.167, "argument": "Closing this 2.2 km gap would join two currently disconnected mapped systems (0.5 km and 4.0 km) into one 6.7 km system. Geometry: tip-to-tip along strike; one-sided; the tip points 18 deg off the link and 32 deg. The link strikes N162 E and 61% of the distance-weighted catalogued fault length within ~40 km lies within 20 deg of that strike (data-driven kinematic domain; no external stress model). Structural-setting label (geometry only; mapping to settings is ours): linkage/termination/step-over settings host ~25%/32% of characterised Great Basin geothermal systems (Faulds & Hinz 2015). Connectivity context: the catalogue network is near its critical connectivity (Berkowitz-style P=5.78 vs Pc 5.6-6.0 at the domain scale), where individual closures matter most, but Berkowitz et al. (2000) give ensemble statistics, not a verdict on this particular gap. Base coverage: 17% of its dots already lie within 300 m of the 0.2477 emission. Status: class-level holdout validation only."}}, {"type": "Feature", "geometry": {"type": "LineString", "coordinates": [[-118.22378, 39.18122], [-118.22691, 39.16136]]}, "properties": {"id": "T27-0277", "z": 3, "kind": "tip-to-tip oblique", "gap_km": 2.22, "mutual": false, "strike": 7.765, "strike_compat": 0.534, "merged_km": 5.942, "base_overlap": 0.429, "argument": "Closing this 2.2 km gap would join two currently disconnected mapped systems (1.7 km and 2.0 km) into one 5.9 km system. Geometry: oblique tip-to-tip (step-over-like); one-sided; the tip points 15 deg off the link and 41 deg. The link strikes N8 E and 53% of the distance-weighted catalogued fault length within ~40 km lies within 20 deg of that strike (data-driven kinematic domain; no external stress model). Structural-setting label (geometry only; mapping to settings is ours): linkage/termination/step-over settings host ~25%/32% of characterised Great Basin geothermal systems (Faulds & Hinz 2015). Connectivity context: the catalogue network is near its critical connectivity (Berkowitz-style P=5.78 vs Pc 5.6-6.0 at the domain scale), where individual closures matter most, but Berkowitz et al. (2000) give ensemble statistics, not a verdict on this particular gap. Base coverage: 43% of its dots already lie within 300 m of the 0.2477 emission. Status: class-level holdout validation only."}}, {"type": "Feature", "geometry": {"type": "LineString", "coordinates": [[-118.99997, 39.11822], [-119.00519, 39.09831]]}, "properties": {"id": "T27-0278", "z": 3, "kind": "end-to-end", "gap_km": 2.256, "mutual": true, "strike": 12.804, "strike_compat": 0.152, "merged_km": 7.612, "base_overlap": 0.286, "argument": "Closing this 2.3 km gap would join two currently disconnected mapped systems (1.9 km and 3.4 km) into one 7.6 km system. Geometry: tip-to-tip along strike; mutual nearest tips; the tip points 27 deg off the link and 8 deg. The link strikes N13 E and 15% of the distance-weighted catalogued fault length within ~40 km lies within 20 deg of that strike (data-driven kinematic domain; no external stress model). Structural-setting label (geometry only; mapping to settings is ours): linkage/termination/step-over settings host ~25%/32% of characterised Great Basin geothermal systems (Faulds & Hinz 2015). Connectivity context: the catalogue network is near its critical connectivity (Berkowitz-style P=5.78 vs Pc 5.6-6.0 at the domain scale), where individual closures matter most, but Berkowitz et al. (2000) give ensemble statistics, not a verdict on this particular gap. Base coverage: 29% of its dots already lie within 300 m of the 0.2477 emission. Status: class-level holdout validation only."}}, {"type": "Feature", "geometry": {"type": "LineString", "coordinates": [[-117.96894, 39.4242], [-117.97966, 39.44303]]}, "properties": {"id": "T27-0279", "z": 3, "kind": "end-to-end", "gap_km": 2.285, "mutual": true, "strike": 156.801, "strike_compat": 0.154, "merged_km": 19.159, "base_overlap": 1.0, "argument": "Closing this 2.3 km gap would join two currently disconnected mapped systems (15.6 km and 1.2 km) into one 19.2 km system. Geometry: tip-to-tip along strike; mutual nearest tips; the tip points 9 deg off the link and 16 deg. The link strikes N157 E and 15% of the distance-weighted catalogued fault length within ~40 km lies within 20 deg of that strike (data-driven kinematic domain; no external stress model). Structural-setting label (geometry only; mapping to settings is ours): linkage/termination/step-over settings host ~25%/32% of characterised Great Basin geothermal systems (Faulds & Hinz 2015). Connectivity context: the catalogue network is near its critical connectivity (Berkowitz-style P=5.78 vs Pc 5.6-6.0 at the domain scale), where individual closures matter most, but Berkowitz et al. (2000) give ensemble statistics, not a verdict on this particular gap. Base coverage: 100% of its dots already lie within 300 m of the 0.2477 emission. Status: class-level holdout validation only."}}, {"type": "Feature", "geometry": {"type": "LineString", "coordinates": [[-119.38926, 39.5127], [-119.41093, 39.50054]]}, "properties": {"id": "T27-0280", "z": 3, "kind": "end-to-end", "gap_km": 2.302, "mutual": true, "strike": 55.62, "strike_compat": 0.344, "merged_km": 7.789, "base_overlap": 0.667, "argument": "Closing this 2.3 km gap would join two currently disconnected mapped systems (3.1 km and 2.4 km) into one 7.8 km system. Geometry: tip-to-tip along strike; mutual nearest tips; the tip points 20 deg off the link and 2 deg. The link strikes N56 E and 34% of the distance-weighted catalogued fault length within ~40 km lies within 20 deg of that strike (data-driven kinematic domain; no external stress model). Structural-setting label (geometry only; mapping to settings is ours): linkage/termination/step-over settings host ~25%/32% of characterised Great Basin geothermal systems (Faulds & Hinz 2015). Connectivity context: the catalogue network is near its critical connectivity (Berkowitz-style P=5.78 vs Pc 5.6-6.0 at the domain scale), where individual closures matter most, but Berkowitz et al. (2000) give ensemble statistics, not a verdict on this particular gap. Base coverage: 67% of its dots already lie within 300 m of the 0.2477 emission. Status: class-level holdout validation only."}}, {"type": "Feature", "geometry": {"type": "LineString", "coordinates": [[-118.23046, 39.23251], [-118.22894, 39.2118]]}, "properties": {"id": "T27-0281", "z": 3, "kind": "end-to-end", "gap_km": 2.302, "mutual": true, "strike": 177.51, "strike_compat": 0.397, "merged_km": 3.585, "base_overlap": 0.0, "argument": "Closing this 2.3 km gap would join two currently disconnected mapped systems (0.7 km and 0.6 km) into one 3.6 km system. Geometry: tip-to-tip along strike; mutual nearest tips; the tip points 21 deg off the link and 2 deg. The link strikes N178 E and 40% of the distance-weighted catalogued fault length within ~40 km lies within 20 deg of that strike (data-driven kinematic domain; no external stress model). Structural-setting label (geometry only; mapping to settings is ours): linkage/termination/step-over settings host ~25%/32% of characterised Great Basin geothermal systems (Faulds & Hinz 2015). Connectivity context: the catalogue network is near its critical connectivity (Berkowitz-style P=5.78 vs Pc 5.6-6.0 at the domain scale), where individual closures matter most, but Berkowitz et al. (2000) give ensemble statistics, not a verdict on this particular gap. Base coverage: 0% of its dots already lie within 300 m of the 0.2477 emission. Status: class-level holdout validation only."}}, {"type": "Feature", "geometry": {"type": "LineString", "coordinates": [[-119.49669, 39.32936], [-119.48927, 39.34934]]}, "properties": {"id": "T27-0282", "z": 3, "kind": "end-to-end", "gap_km": 2.309, "mutual": false, "strike": 17.65, "strike_compat": 0.296, "merged_km": 6.037, "base_overlap": 0.286, "argument": "Closing this 2.3 km gap would join two currently disconnected mapped systems (0.7 km and 3.0 km) into one 6.0 km system. Geometry: tip-to-tip along strike; one-sided; the tip points 9 deg off the link and 32 deg. The link strikes N18 E and 30% of the distance-weighted catalogued fault length within ~40 km lies within 20 deg of that strike (data-driven kinematic domain; no external stress model). Structural-setting label (geometry only; mapping to settings is ours): linkage/termination/step-over settings host ~25%/32% of characterised Great Basin geothermal systems (Faulds & Hinz 2015). Connectivity context: the catalogue network is near its critical connectivity (Berkowitz-style P=5.78 vs Pc 5.6-6.0 at the domain scale), where individual closures matter most, but Berkowitz et al. (2000) give ensemble statistics, not a verdict on this particular gap. Base coverage: 29% of its dots already lie within 300 m of the 0.2477 emission. Status: class-level holdout validation only."}}, {"type": "Feature", "geometry": {"type": "LineString", "coordinates": [[-117.95425, 38.76832], [-117.95858, 38.74756]]}, "properties": {"id": "T27-0283", "z": 3, "kind": "end-to-end", "gap_km": 2.335, "mutual": true, "strike": 9.866, "strike_compat": 0.359, "merged_km": 8.697, "base_overlap": 0.0, "argument": "Closing this 2.3 km gap would join two currently disconnected mapped systems (5.9 km and 0.4 km) into one 8.7 km system. Geometry: tip-to-tip along strike; mutual nearest tips; the tip points 11 deg off the link and 4 deg. The link strikes N10 E and 36% of the distance-weighted catalogued fault length within ~40 km lies within 20 deg of that strike (data-driven kinematic domain; no external stress model). Structural-setting label (geometry only; mapping to settings is ours): linkage/termination/step-over settings host ~25%/32% of characterised Great Basin geothermal systems (Faulds & Hinz 2015). Connectivity context: the catalogue network is near its critical connectivity (Berkowitz-style P=5.78 vs Pc 5.6-6.0 at the domain scale), where individual closures matter most, but Berkowitz et al. (2000) give ensemble statistics, not a verdict on this particular gap. Base coverage: 0% of its dots already lie within 300 m of the 0.2477 emission. Status: class-level holdout validation only."}}, {"type": "Feature", "geometry": {"type": "LineString", "coordinates": [[-118.40741, 39.85039], [-118.40814, 39.82876]]}, "properties": {"id": "T27-0284", "z": 3, "kind": "tip-to-tip oblique", "gap_km": 2.402, "mutual": false, "strike": 2.386, "strike_compat": 0.406, "merged_km": 4.175, "base_overlap": 0.0, "argument": "Closing this 2.4 km gap would join two currently disconnected mapped systems (0.4 km and 1.4 km) into one 4.2 km system. Geometry: oblique tip-to-tip (step-over-like); one-sided; the tip points 2 deg off the link and 39 deg. The link strikes N2 E and 41% of the distance-weighted catalogued fault length within ~40 km lies within 20 deg of that strike (data-driven kinematic domain; no external stress model). Structural-setting label (geometry only; mapping to settings is ours): linkage/termination/step-over settings host ~25%/32% of characterised Great Basin geothermal systems (Faulds & Hinz 2015). Connectivity context: the catalogue network is near its critical connectivity (Berkowitz-style P=5.78 vs Pc 5.6-6.0 at the domain scale), where individual closures matter most, but Berkowitz et al. (2000) give ensemble statistics, not a verdict on this particular gap. Base coverage: 0% of its dots already lie within 300 m of the 0.2477 emission. Status: class-level holdout validation only."}}, {"type": "Feature", "geometry": {"type": "LineString", "coordinates": [[-119.39354, 39.83964], [-119.37422, 39.85535]]}, "properties": {"id": "T27-0285", "z": 3, "kind": "end-to-end", "gap_km": 2.404, "mutual": false, "strike": 45.0, "strike_compat": 0.228, "merged_km": 5.325, "base_overlap": 0.0, "argument": "Closing this 2.4 km gap would join two currently disconnected mapped systems (1.1 km and 1.8 km) into one 5.3 km system. Geometry: tip-to-tip along strike; one-sided; the tip points 13 deg off the link and 0 deg. The link strikes N45 E and 23% of the distance-weighted catalogued fault length within ~40 km lies within 20 deg of that strike (data-driven kinematic domain; no external stress model). Structural-setting label (geometry only; mapping to settings is ours): linkage/termination/step-over settings host ~25%/32% of characterised Great Basin geothermal systems (Faulds & Hinz 2015). Connectivity context: the catalogue network is near its critical connectivity (Berkowitz-style P=5.78 vs Pc 5.6-6.0 at the domain scale), where individual closures matter most, but Berkowitz et al. (2000) give ensemble statistics, not a verdict on this particular gap. Base coverage: 0% of its dots already lie within 300 m of the 0.2477 emission. Status: class-level holdout validation only."}}, {"type": "Feature", "geometry": {"type": "LineString", "coordinates": [[-118.09766, 39.11129], [-118.08174, 39.12946]]}, "properties": {"id": "T27-0286", "z": 3, "kind": "tip-to-tip oblique", "gap_km": 2.441, "mutual": false, "strike": 34.992, "strike_compat": 0.539, "merged_km": 7.618, "base_overlap": 0.667, "argument": "Closing this 2.4 km gap would join two currently disconnected mapped systems (1.7 km and 3.5 km) into one 7.6 km system. Geometry: oblique tip-to-tip (step-over-like); one-sided; the tip points 14 deg off the link and 84 deg. The link strikes N35 E and 54% of the distance-weighted catalogued fault length within ~40 km lies within 20 deg of that strike (data-driven kinematic domain; no external stress model). Structural-setting label (geometry only; mapping to settings is ours): linkage/termination/step-over settings host ~25%/32% of characterised Great Basin geothermal systems (Faulds & Hinz 2015). Connectivity context: the catalogue network is near its critical connectivity (Berkowitz-style P=5.78 vs Pc 5.6-6.0 at the domain scale), where individual closures matter most, but Berkowitz et al. (2000) give ensemble statistics, not a verdict on this particular gap. Base coverage: 67% of its dots already lie within 300 m of the 0.2477 emission. Status: class-level holdout validation only."}}, {"type": "Feature", "geometry": {"type": "LineString", "coordinates": [[-118.01113, 39.84912], [-118.00443, 39.8708]]}, "properties": {"id": "T27-0287", "z": 3, "kind": "end-to-end", "gap_km": 2.474, "mutual": false, "strike": 14.036, "strike_compat": 0.554, "merged_km": 3.481, "base_overlap": 0.0, "argument": "Closing this 2.5 km gap would join two currently disconnected mapped systems (0.7 km and 0.3 km) into one 3.5 km system. Geometry: tip-to-tip along strike; one-sided; the tip points 25 deg off the link and 4 deg. The link strikes N14 E and 55% of the distance-weighted catalogued fault length within ~40 km lies within 20 deg of that strike (data-driven kinematic domain; no external stress model). Structural-setting label (geometry only; mapping to settings is ours): linkage/termination/step-over settings host ~25%/32% of characterised Great Basin geothermal systems (Faulds & Hinz 2015). Connectivity context: the catalogue network is near its critical connectivity (Berkowitz-style P=5.78 vs Pc 5.6-6.0 at the domain scale), where individual closures matter most, but Berkowitz et al. (2000) give ensemble statistics, not a verdict on this particular gap. Base coverage: 0% of its dots already lie within 300 m of the 0.2477 emission. Status: class-level holdout validation only."}}, {"type": "Feature", "geometry": {"type": "LineString", "coordinates": [[-119.27776, 39.80143], [-119.2785, 39.82394]]}, "properties": {"id": "T27-0288", "z": 3, "kind": "end-to-end", "gap_km": 2.5, "mutual": false, "strike": 0.0, "strike_compat": 0.381, "merged_km": 5.007, "base_overlap": 0.75, "argument": "Closing this 2.5 km gap would join two currently disconnected mapped systems (1.7 km and 0.8 km) into one 5.0 km system. Geometry: tip-to-tip along strike; one-sided; the tip points 14 deg off the link and 0 deg. The link strikes N0 E and 38% of the distance-weighted catalogued fault length within ~40 km lies within 20 deg of that strike (data-driven kinematic domain; no external stress model). Structural-setting label (geometry only; mapping to settings is ours): linkage/termination/step-over settings host ~25%/32% of characterised Great Basin geothermal systems (Faulds & Hinz 2015). Connectivity context: the catalogue network is near its critical connectivity (Berkowitz-style P=5.78 vs Pc 5.6-6.0 at the domain scale), where individual closures matter most, but Berkowitz et al. (2000) give ensemble statistics, not a verdict on this particular gap. Base coverage: 75% of its dots already lie within 300 m of the 0.2477 emission. Status: class-level holdout validation only."}}, {"type": "Feature", "geometry": {"type": "LineString", "coordinates": [[-119.06783, 39.77293], [-119.08479, 39.75461]]}, "properties": {"id": "T27-0289", "z": 3, "kind": "end-to-end", "gap_km": 2.5, "mutual": false, "strike": 36.87, "strike_compat": 0.449, "merged_km": 6.138, "base_overlap": 0.5, "argument": "Closing this 2.5 km gap would join two currently disconnected mapped systems (1.7 km and 1.9 km) into one 6.1 km system. Geometry: tip-to-tip along strike; one-sided; the tip points 16 deg off the link and 10 deg. The link strikes N37 E and 45% of the distance-weighted catalogued fault length within ~40 km lies within 20 deg of that strike (data-driven kinematic domain; no external stress model). Structural-setting label (geometry only; mapping to settings is ours): linkage/termination/step-over settings host ~25%/32% of characterised Great Basin geothermal systems (Faulds & Hinz 2015). Connectivity context: the catalogue network is near its critical connectivity (Berkowitz-style P=5.78 vs Pc 5.6-6.0 at the domain scale), where individual closures matter most, but Berkowitz et al. (2000) give ensemble statistics, not a verdict on this particular gap. Base coverage: 50% of its dots already lie within 300 m of the 0.2477 emission. Status: class-level holdout validation only."}}, {"type": "Feature", "geometry": {"type": "LineString", "coordinates": [[-117.94718, 38.49353], [-117.94344, 38.47103]]}, "properties": {"id": "T27-0290", "z": 3, "kind": "end-to-end", "gap_km": 2.518, "mutual": false, "strike": 173.157, "strike_compat": 0.479, "merged_km": 8.178, "base_overlap": 0.0, "argument": "Closing this 2.5 km gap would join two currently disconnected mapped systems (3.6 km and 2.1 km) into one 8.2 km system. Geometry: tip-to-tip along strike; one-sided; the tip points 14 deg off the link and 34 deg. The link strikes N173 E and 48% of the distance-weighted catalogued fault length within ~40 km lies within 20 deg of that strike (data-driven kinematic domain; no external stress model). Structural-setting label (geometry only; mapping to settings is ours): linkage/termination/step-over settings host ~25%/32% of characterised Great Basin geothermal systems (Faulds & Hinz 2015). Connectivity context: the catalogue network is near its critical connectivity (Berkowitz-style P=5.78 vs Pc 5.6-6.0 at the domain scale), where individual closures matter most, but Berkowitz et al. (2000) give ensemble statistics, not a verdict on this particular gap. Base coverage: 0% of its dots already lie within 300 m of the 0.2477 emission. Status: class-level holdout validation only."}}, {"type": "Feature", "geometry": {"type": "LineString", "coordinates": [[-117.39511, 40.45739], [-117.3787, 40.47636]]}, "properties": {"id": "T27-0291", "z": 3, "kind": "end-to-end", "gap_km": 2.524, "mutual": false, "strike": 33.69, "strike_compat": 0.437, "merged_km": 6.735, "base_overlap": 0.0, "argument": "Closing this 2.5 km gap would join two currently disconnected mapped systems (3.3 km and 0.9 km) into one 6.7 km system. Geometry: tip-to-tip along strike; one-sided; the tip points 23 deg off the link and 21 deg. The link strikes N34 E and 44% of the distance-weighted catalogued fault length within ~40 km lies within 20 deg of that strike (data-driven kinematic domain; no external stress model). Structural-setting label (geometry only; mapping to settings is ours): linkage/termination/step-over settings host ~25%/32% of characterised Great Basin geothermal systems (Faulds & Hinz 2015). Connectivity context: the catalogue network is near its critical connectivity (Berkowitz-style P=5.78 vs Pc 5.6-6.0 at the domain scale), where individual closures matter most, but Berkowitz et al. (2000) give ensemble statistics, not a verdict on this particular gap. Base coverage: 0% of its dots already lie within 300 m of the 0.2477 emission. Status: class-level holdout validation only."}}, {"type": "Feature", "geometry": {"type": "LineString", "coordinates": [[-118.22331, 39.4209], [-118.20738, 39.43999]]}, "properties": {"id": "T27-0292", "z": 3, "kind": "end-to-end", "gap_km": 2.524, "mutual": false, "strike": 33.69, "strike_compat": 0.465, "merged_km": 6.162, "base_overlap": 0.667, "argument": "Closing this 2.5 km gap would join two currently disconnected mapped systems (2.1 km and 1.5 km) into one 6.2 km system. Geometry: tip-to-tip along strike; one-sided; the tip points 20 deg off the link and 7 deg. The link strikes N34 E and 47% of the distance-weighted catalogued fault length within ~40 km lies within 20 deg of that strike (data-driven kinematic domain; no external stress model). Structural-setting label (geometry only; mapping to settings is ours): linkage/termination/step-over settings host ~25%/32% of characterised Great Basin geothermal systems (Faulds & Hinz 2015). Connectivity context: the catalogue network is near its critical connectivity (Berkowitz-style P=5.78 vs Pc 5.6-6.0 at the domain scale), where individual closures matter most, but Berkowitz et al. (2000) give ensemble statistics, not a verdict on this particular gap. Base coverage: 67% of its dots already lie within 300 m of the 0.2477 emission. Status: class-level holdout validation only."}}, {"type": "Feature", "geometry": {"type": "LineString", "coordinates": [[-117.98311, 40.58361], [-117.98869, 40.56104]]}, "properties": {"id": "T27-0293", "z": 3, "kind": "end-to-end", "gap_km": 2.55, "mutual": false, "strike": 11.31, "strike_compat": 0.574, "merged_km": 5.171, "base_overlap": 0.75, "argument": "Closing this 2.5 km gap would join two currently disconnected mapped systems (1.8 km and 0.8 km) into one 5.2 km system. Geometry: tip-to-tip along strike; one-sided; the tip points 26 deg off the link and 28 deg. The link strikes N11 E and 57% of the distance-weighted catalogued fault length within ~40 km lies within 20 deg of that strike (data-driven kinematic domain; no external stress model). Structural-setting label (geometry only; mapping to settings is ours): linkage/termination/step-over settings host ~25%/32% of characterised Great Basin geothermal systems (Faulds & Hinz 2015). Connectivity context: the catalogue network is near its critical connectivity (Berkowitz-style P=5.78 vs Pc 5.6-6.0 at the domain scale), where individual closures matter most, but Berkowitz et al. (2000) give ensemble statistics, not a verdict on this particular gap. Base coverage: 75% of its dots already lie within 300 m of the 0.2477 emission. Status: class-level holdout validation only."}}, {"type": "Feature", "geometry": {"type": "LineString", "coordinates": [[-116.7905, 40.69481], [-116.8154, 40.68134]]}, "properties": {"id": "T27-0294", "z": 3, "kind": "end-to-end", "gap_km": 2.581, "mutual": false, "strike": 54.462, "strike_compat": 0.477, "merged_km": 4.653, "base_overlap": 0.667, "argument": "Closing this 2.6 km gap would join two currently disconnected mapped systems (0.4 km and 1.6 km) into one 4.7 km system. Geometry: tip-to-tip along strike; one-sided; the tip points 22 deg off the link and 4 deg. The link strikes N54 E and 48% of the distance-weighted catalogued fault length within ~40 km lies within 20 deg of that strike (data-driven kinematic domain; no external stress model). Structural-setting label (geometry only; mapping to settings is ours): linkage/termination/step-over settings host ~25%/32% of characterised Great Basin geothermal systems (Faulds & Hinz 2015). Connectivity context: the catalogue network is near its critical connectivity (Berkowitz-style P=5.78 vs Pc 5.6-6.0 at the domain scale), where individual closures matter most, but Berkowitz et al. (2000) give ensemble statistics, not a verdict on this particular gap. Base coverage: 67% of its dots already lie within 300 m of the 0.2477 emission. Status: class-level holdout validation only."}}, {"type": "Feature", "geometry": {"type": "LineString", "coordinates": [[-118.38031, 40.18857], [-118.37984, 40.16515]]}, "properties": {"id": "T27-0295", "z": 3, "kind": "end-to-end", "gap_km": 2.6, "mutual": false, "strike": 0.0, "strike_compat": 0.451, "merged_km": 9.128, "base_overlap": 0.25, "argument": "Closing this 2.6 km gap would join two currently disconnected mapped systems (5.4 km and 1.1 km) into one 9.1 km system. Geometry: tip-to-tip along strike; one-sided; the tip points 14 deg off the link and 14 deg. The link strikes N0 E and 45% of the distance-weighted catalogued fault length within ~40 km lies within 20 deg of that strike (data-driven kinematic domain; no external stress model). Structural-setting label (geometry only; mapping to settings is ours): linkage/termination/step-over settings host ~25%/32% of characterised Great Basin geothermal systems (Faulds & Hinz 2015). Connectivity context: the catalogue network is near its critical connectivity (Berkowitz-style P=5.78 vs Pc 5.6-6.0 at the domain scale), where individual closures matter most, but Berkowitz et al. (2000) give ensemble statistics, not a verdict on this particular gap. Base coverage: 25% of its dots already lie within 300 m of the 0.2477 emission. Status: class-level holdout validation only."}}, {"type": "Feature", "geometry": {"type": "LineString", "coordinates": [[-116.44065, 40.06571], [-116.47114, 40.06585]]}, "properties": {"id": "T27-0296", "z": 3, "kind": "end-to-end", "gap_km": 2.6, "mutual": true, "strike": 90.0, "strike_compat": 0.191, "merged_km": 7.328, "base_overlap": 0.0, "argument": "Closing this 2.6 km gap would join two currently disconnected mapped systems (3.2 km and 1.5 km) into one 7.3 km system. Geometry: tip-to-tip along strike; mutual nearest tips; the tip points 21 deg off the link and 32 deg. The link strikes N90 E and 19% of the distance-weighted catalogued fault length within ~40 km lies within 20 deg of that strike (data-driven kinematic domain; no external stress model). Structural-setting label (geometry only; mapping to settings is ours): linkage/termination/step-over settings host ~25%/32% of characterised Great Basin geothermal systems (Faulds & Hinz 2015). Connectivity context: the catalogue network is near its critical connectivity (Berkowitz-style P=5.78 vs Pc 5.6-6.0 at the domain scale), where individual closures matter most, but Berkowitz et al. (2000) give ensemble statistics, not a verdict on this particular gap. Base coverage: 0% of its dots already lie within 300 m of the 0.2477 emission. Status: class-level holdout validation only."}}, {"type": "Feature", "geometry": {"type": "LineString", "coordinates": [[-119.30421, 40.48374], [-119.30223, 40.46036]]}, "properties": {"id": "T27-0297", "z": 3, "kind": "end-to-end", "gap_km": 2.602, "mutual": false, "strike": 177.797, "strike_compat": 0.458, "merged_km": 4.985, "base_overlap": 1.0, "argument": "Closing this 2.6 km gap would join two currently disconnected mapped systems (1.1 km and 1.3 km) into one 5.0 km system. Geometry: tip-to-tip along strike; one-sided; the tip points 16 deg off the link and 2 deg. The link strikes N178 E and 46% of the distance-weighted catalogued fault length within ~40 km lies within 20 deg of that strike (data-driven kinematic domain; no external stress model). Structural-setting label (geometry only; mapping to settings is ours): linkage/termination/step-over settings host ~25%/32% of characterised Great Basin geothermal systems (Faulds & Hinz 2015). Connectivity context: the catalogue network is near its critical connectivity (Berkowitz-style P=5.78 vs Pc 5.6-6.0 at the domain scale), where individual closures matter most, but Berkowitz et al. (2000) give ensemble statistics, not a verdict on this particular gap. Base coverage: 100% of its dots already lie within 300 m of the 0.2477 emission. Status: class-level holdout validation only."}}, {"type": "Feature", "geometry": {"type": "LineString", "coordinates": [[-117.04123, 40.38328], [-117.06832, 40.37156]]}, "properties": {"id": "T27-0298", "z": 3, "kind": "end-to-end", "gap_km": 2.642, "mutual": false, "strike": 60.524, "strike_compat": 0.276, "merged_km": 7.329, "base_overlap": 0.0, "argument": "Closing this 2.6 km gap would join two currently disconnected mapped systems (1.4 km and 3.3 km) into one 7.3 km system. Geometry: tip-to-tip along strike; one-sided; the tip points 0 deg off the link and 21 deg. The link strikes N61 E and 28% of the distance-weighted catalogued fault length within ~40 km lies within 20 deg of that strike (data-driven kinematic domain; no external stress model). Structural-setting label (geometry only; mapping to settings is ours): linkage/termination/step-over settings host ~25%/32% of characterised Great Basin geothermal systems (Faulds & Hinz 2015). Connectivity context: the catalogue network is near its critical connectivity (Berkowitz-style P=5.78 vs Pc 5.6-6.0 at the domain scale), where individual closures matter most, but Berkowitz et al. (2000) give ensemble statistics, not a verdict on this particular gap. Base coverage: 0% of its dots already lie within 300 m of the 0.2477 emission. Status: class-level holdout validation only."}}, {"type": "Feature", "geometry": {"type": "LineString", "coordinates": [[-118.17754, 39.32406], [-118.19227, 39.30319]]}, "properties": {"id": "T27-0299", "z": 3, "kind": "end-to-end", "gap_km": 2.642, "mutual": false, "strike": 29.476, "strike_compat": 0.563, "merged_km": 6.108, "base_overlap": 0.0, "argument": "Closing this 2.6 km gap would join two currently disconnected mapped systems (1.8 km and 1.6 km) into one 6.1 km system. Geometry: tip-to-tip along strike; one-sided; the tip points 29 deg off the link and 29 deg. The link strikes N29 E and 56% of the distance-weighted catalogued fault length within ~40 km lies within 20 deg of that strike (data-driven kinematic domain; no external stress model). Structural-setting label (geometry only; mapping to settings is ours): linkage/termination/step-over settings host ~25%/32% of characterised Great Basin geothermal systems (Faulds & Hinz 2015). Connectivity context: the catalogue network is near its critical connectivity (Berkowitz-style P=5.78 vs Pc 5.6-6.0 at the domain scale), where individual closures matter most, but Berkowitz et al. (2000) give ensemble statistics, not a verdict on this particular gap. Base coverage: 0% of its dots already lie within 300 m of the 0.2477 emission. Status: class-level holdout validation only."}}, {"type": "Feature", "geometry": {"type": "LineString", "coordinates": [[-118.20136, 39.35986], [-118.22665, 39.34608]]}, "properties": {"id": "T27-0300", "z": 3, "kind": "end-to-end", "gap_km": 2.663, "mutual": true, "strike": 55.713, "strike_compat": 0.143, "merged_km": 11.051, "base_overlap": 0.0, "argument": "Closing this 2.7 km gap would join two currently disconnected mapped systems (1.1 km and 7.3 km) into one 11.1 km system. Geometry: tip-to-tip along strike; mutual nearest tips; the tip points 15 deg off the link and 6 deg. The link strikes N56 E and 14% of the distance-weighted catalogued fault length within ~40 km lies within 20 deg of that strike (data-driven kinematic domain; no external stress model). Structural-setting label (geometry only; mapping to settings is ours): linkage/termination/step-over settings host ~25%/32% of characterised Great Basin geothermal systems (Faulds & Hinz 2015). Connectivity context: the catalogue network is near its critical connectivity (Berkowitz-style P=5.78 vs Pc 5.6-6.0 at the domain scale), where individual closures matter most, but Berkowitz et al. (2000) give ensemble statistics, not a verdict on this particular gap. Base coverage: 0% of its dots already lie within 300 m of the 0.2477 emission. Status: class-level holdout validation only."}}, {"type": "Feature", "geometry": {"type": "LineString", "coordinates": [[-119.85596, 39.85979], [-119.86394, 39.88302]]}, "properties": {"id": "T27-0301", "z": 3, "kind": "end-to-end", "gap_km": 2.668, "mutual": false, "strike": 167.005, "strike_compat": 0.448, "merged_km": 4.383, "base_overlap": 0.125, "argument": "Closing this 2.7 km gap would join two currently disconnected mapped systems (0.5 km and 1.2 km) into one 4.4 km system. Geometry: tip-to-tip along strike; one-sided; the tip points 24 deg off the link and 24 deg. The link strikes N167 E and 45% of the distance-weighted catalogued fault length within ~40 km lies within 20 deg of that strike (data-driven kinematic domain; no external stress model). Structural-setting label (geometry only; mapping to settings is ours): linkage/termination/step-over settings host ~25%/32% of characterised Great Basin geothermal systems (Faulds & Hinz 2015). Connectivity context: the catalogue network is near its critical connectivity (Berkowitz-style P=5.78 vs Pc 5.6-6.0 at the domain scale), where individual closures matter most, but Berkowitz et al. (2000) give ensemble statistics, not a verdict on this particular gap. Base coverage: 12% of its dots already lie within 300 m of the 0.2477 emission. Status: class-level holdout validation only."}}, {"type": "Feature", "geometry": {"type": "LineString", "coordinates": [[-117.47063, 40.12376], [-117.45406, 40.10311]]}, "properties": {"id": "T27-0302", "z": 3, "kind": "end-to-end", "gap_km": 2.693, "mutual": true, "strike": 148.671, "strike_compat": 0.081, "merged_km": 6.3, "base_overlap": 0.286, "argument": "Closing this 2.7 km gap would join two currently disconnected mapped systems (2.6 km and 1.0 km) into one 6.3 km system. Geometry: tip-to-tip along strike; mutual nearest tips; the tip points 24 deg off the link and 24 deg. The link strikes N149 E and 8% of the distance-weighted catalogued fault length within ~40 km lies within 20 deg of that strike (data-driven kinematic domain; no external stress model). Structural-setting label (geometry only; mapping to settings is ours): linkage/termination/step-over settings host ~25%/32% of characterised Great Basin geothermal systems (Faulds & Hinz 2015). Connectivity context: the catalogue network is near its critical connectivity (Berkowitz-style P=5.78 vs Pc 5.6-6.0 at the domain scale), where individual closures matter most, but Berkowitz et al. (2000) give ensemble statistics, not a verdict on this particular gap. Base coverage: 29% of its dots already lie within 300 m of the 0.2477 emission. Status: class-level holdout validation only."}}, {"type": "Feature", "geometry": {"type": "LineString", "coordinates": [[-118.67601, 40.41348], [-118.69556, 40.39428]]}, "properties": {"id": "T27-0303", "z": 3, "kind": "end-to-end", "gap_km": 2.702, "mutual": false, "strike": 38.991, "strike_compat": 0.539, "merged_km": 4.933, "base_overlap": 0.0, "argument": "Closing this 2.7 km gap would join two currently disconnected mapped systems (1.2 km and 1.0 km) into one 4.9 km system. Geometry: tip-to-tip along strike; one-sided; the tip points 18 deg off the link and 18 deg. The link strikes N39 E and 54% of the distance-weighted catalogued fault length within ~40 km lies within 20 deg of that strike (data-driven kinematic domain; no external stress model). Structural-setting label (geometry only; mapping to settings is ours): linkage/termination/step-over settings host ~25%/32% of characterised Great Basin geothermal systems (Faulds & Hinz 2015). Connectivity context: the catalogue network is near its critical connectivity (Berkowitz-style P=5.78 vs Pc 5.6-6.0 at the domain scale), where individual closures matter most, but Berkowitz et al. (2000) give ensemble statistics, not a verdict on this particular gap. Base coverage: 0% of its dots already lie within 300 m of the 0.2477 emission. Status: class-level holdout validation only."}}, {"type": "Feature", "geometry": {"type": "LineString", "coordinates": [[-118.2461, 40.3009], [-118.23626, 40.27758]]}, "properties": {"id": "T27-0304", "z": 3, "kind": "end-to-end", "gap_km": 2.72, "mutual": true, "strike": 162.897, "strike_compat": 0.295, "merged_km": 8.266, "base_overlap": 0.125, "argument": "Closing this 2.7 km gap would join two currently disconnected mapped systems (2.1 km and 3.4 km) into one 8.3 km system. Geometry: tip-to-tip along strike; mutual nearest tips; the tip points 3 deg off the link and 24 deg. The link strikes N163 E and 29% of the distance-weighted catalogued fault length within ~40 km lies within 20 deg of that strike (data-driven kinematic domain; no external stress model). Structural-setting label (geometry only; mapping to settings is ours): linkage/termination/step-over settings host ~25%/32% of characterised Great Basin geothermal systems (Faulds & Hinz 2015). Connectivity context: the catalogue network is near its critical connectivity (Berkowitz-style P=5.78 vs Pc 5.6-6.0 at the domain scale), where individual closures matter most, but Berkowitz et al. (2000) give ensemble statistics, not a verdict on this particular gap. Base coverage: 12% of its dots already lie within 300 m of the 0.2477 emission. Status: class-level holdout validation only."}}, {"type": "Feature", "geometry": {"type": "LineString", "coordinates": [[-118.11963, 38.89121], [-118.12501, 38.86683]]}, "properties": {"id": "T27-0305", "z": 3, "kind": "end-to-end", "gap_km": 2.746, "mutual": true, "strike": 10.491, "strike_compat": 0.368, "merged_km": 8.491, "base_overlap": 0.0, "argument": "Closing this 2.7 km gap would join two currently disconnected mapped systems (3.8 km and 2.0 km) into one 8.5 km system. Geometry: tip-to-tip along strike; mutual nearest tips; the tip points 10 deg off the link and 16 deg. The link strikes N10 E and 37% of the distance-weighted catalogued fault length within ~40 km lies within 20 deg of that strike (data-driven kinematic domain; no external stress model). Structural-setting label (geometry only; mapping to settings is ours): linkage/termination/step-over settings host ~25%/32% of characterised Great Basin geothermal systems (Faulds & Hinz 2015). Connectivity context: the catalogue network is near its critical connectivity (Berkowitz-style P=5.78 vs Pc 5.6-6.0 at the domain scale), where individual closures matter most, but Berkowitz et al. (2000) give ensemble statistics, not a verdict on this particular gap. Base coverage: 0% of its dots already lie within 300 m of the 0.2477 emission. Status: class-level holdout validation only."}}, {"type": "Feature", "geometry": {"type": "LineString", "coordinates": [[-119.56654, 39.71522], [-119.55632, 39.69112]]}, "properties": {"id": "T27-0306", "z": 3, "kind": "tip-to-tip oblique", "gap_km": 2.816, "mutual": false, "strike": 163.496, "strike_compat": 0.416, "merged_km": 6.196, "base_overlap": 0.25, "argument": "Closing this 2.8 km gap would join two currently disconnected mapped systems (1.7 km and 1.7 km) into one 6.2 km system. Geometry: oblique tip-to-tip (step-over-like); one-sided; the tip points 10 deg off the link and 80 deg. The link strikes N163 E and 42% of the distance-weighted catalogued fault length within ~40 km lies within 20 deg of that strike (data-driven kinematic domain; no external stress model). Structural-setting label (geometry only; mapping to settings is ours): linkage/termination/step-over settings host ~25%/32% of characterised Great Basin geothermal systems (Faulds & Hinz 2015). Connectivity context: the catalogue network is near its critical connectivity (Berkowitz-style P=5.78 vs Pc 5.6-6.0 at the domain scale), where individual closures matter most, but Berkowitz et al. (2000) give ensemble statistics, not a verdict on this particular gap. Base coverage: 25% of its dots already lie within 300 m of the 0.2477 emission. Status: class-level holdout validation only."}}, {"type": "Feature", "geometry": {"type": "LineString", "coordinates": [[-118.45074, 39.63182], [-118.45477, 39.657]]}, "properties": {"id": "T27-0307", "z": 3, "kind": "end-to-end", "gap_km": 2.816, "mutual": false, "strike": 173.884, "strike_compat": 0.418, "merged_km": 4.54, "base_overlap": 0.0, "argument": "Closing this 2.8 km gap would join two currently disconnected mapped systems (0.9 km and 0.8 km) into one 4.5 km system. Geometry: tip-to-tip along strike; one-sided; the tip points 20 deg off the link and 13 deg. The link strikes N174 E and 42% of the distance-weighted catalogued fault length within ~40 km lies within 20 deg of that strike (data-driven kinematic domain; no external stress model). Structural-setting label (geometry only; mapping to settings is ours): linkage/termination/step-over settings host ~25%/32% of characterised Great Basin geothermal systems (Faulds & Hinz 2015). Connectivity context: the catalogue network is near its critical connectivity (Berkowitz-style P=5.78 vs Pc 5.6-6.0 at the domain scale), where individual closures matter most, but Berkowitz et al. (2000) give ensemble statistics, not a verdict on this particular gap. Base coverage: 0% of its dots already lie within 300 m of the 0.2477 emission. Status: class-level holdout validation only."}}, {"type": "Feature", "geometry": {"type": "LineString", "coordinates": [[-119.20491, 39.23615], [-119.20759, 39.21088]]}, "properties": {"id": "T27-0308", "z": 3, "kind": "end-to-end", "gap_km": 2.816, "mutual": false, "strike": 6.116, "strike_compat": 0.228, "merged_km": 5.089, "base_overlap": 0.444, "argument": "Closing this 2.8 km gap would join two currently disconnected mapped systems (1.6 km and 0.7 km) into one 5.1 km system. Geometry: tip-to-tip along strike; one-sided; the tip points 14 deg off the link and 12 deg. The link strikes N6 E and 23% of the distance-weighted catalogued fault length within ~40 km lies within 20 deg of that strike (data-driven kinematic domain; no external stress model). Structural-setting label (geometry only; mapping to settings is ours): linkage/termination/step-over settings host ~25%/32% of characterised Great Basin geothermal systems (Faulds & Hinz 2015). Connectivity context: the catalogue network is near its critical connectivity (Berkowitz-style P=5.78 vs Pc 5.6-6.0 at the domain scale), where individual closures matter most, but Berkowitz et al. (2000) give ensemble statistics, not a verdict on this particular gap. Base coverage: 44% of its dots already lie within 300 m of the 0.2477 emission. Status: class-level holdout validation only."}}, {"type": "Feature", "geometry": {"type": "LineString", "coordinates": [[-118.83393, 39.80209], [-118.8391, 39.77678]]}, "properties": {"id": "T27-0309", "z": 3, "kind": "end-to-end", "gap_km": 2.844, "mutual": true, "strike": 10.125, "strike_compat": 0.492, "merged_km": 9.738, "base_overlap": 0.222, "argument": "Closing this 2.8 km gap would join two currently disconnected mapped systems (3.7 km and 3.2 km) into one 9.7 km system. Geometry: tip-to-tip along strike; mutual nearest tips; the tip points 22 deg off the link and 4 deg. The link strikes N10 E and 49% of the distance-weighted catalogued fault length within ~40 km lies within 20 deg of that strike (data-driven kinematic domain; no external stress model). Structural-setting label (geometry only; mapping to settings is ours): linkage/termination/step-over settings host ~25%/32% of characterised Great Basin geothermal systems (Faulds & Hinz 2015). Connectivity context: the catalogue network is near its critical connectivity (Berkowitz-style P=5.78 vs Pc 5.6-6.0 at the domain scale), where individual closures matter most, but Berkowitz et al. (2000) give ensemble statistics, not a verdict on this particular gap. Base coverage: 22% of its dots already lie within 300 m of the 0.2477 emission. Status: class-level holdout validation only."}}, {"type": "Feature", "geometry": {"type": "LineString", "coordinates": [[-118.11376, 39.10573], [-118.10643, 39.08057]]}, "properties": {"id": "T27-0310", "z": 3, "kind": "end-to-end", "gap_km": 2.864, "mutual": true, "strike": 167.905, "strike_compat": 0.236, "merged_km": 5.878, "base_overlap": 0.0, "argument": "Closing this 2.9 km gap would join two currently disconnected mapped systems (2.2 km and 0.8 km) into one 5.9 km system. Geometry: tip-to-tip along strike; mutual nearest tips; the tip points 26 deg off the link and 11 deg. The link strikes N168 E and 24% of the distance-weighted catalogued fault length within ~40 km lies within 20 deg of that strike (data-driven kinematic domain; no external stress model). Structural-setting label (geometry only; mapping to settings is ours): linkage/termination/step-over settings host ~25%/32% of characterised Great Basin geothermal systems (Faulds & Hinz 2015). Connectivity context: the catalogue network is near its critical connectivity (Berkowitz-style P=5.78 vs Pc 5.6-6.0 at the domain scale), where individual closures matter most, but Berkowitz et al. (2000) give ensemble statistics, not a verdict on this particular gap. Base coverage: 0% of its dots already lie within 300 m of the 0.2477 emission. Status: class-level holdout validation only."}}, {"type": "Feature", "geometry": {"type": "LineString", "coordinates": [[-118.20022, 39.29319], [-118.19861, 39.26708]]}, "properties": {"id": "T27-0311", "z": 3, "kind": "end-to-end", "gap_km": 2.902, "mutual": false, "strike": 178.025, "strike_compat": 0.434, "merged_km": 4.892, "base_overlap": 0.111, "argument": "Closing this 2.9 km gap would join two currently disconnected mapped systems (1.3 km and 0.7 km) into one 4.9 km system. Geometry: tip-to-tip along strike; one-sided; the tip points 23 deg off the link and 29 deg. The link strikes N178 E and 43% of the distance-weighted catalogued fault length within ~40 km lies within 20 deg of that strike (data-driven kinematic domain; no external stress model). Structural-setting label (geometry only; mapping to settings is ours): linkage/termination/step-over settings host ~25%/32% of characterised Great Basin geothermal systems (Faulds & Hinz 2015). Connectivity context: the catalogue network is near its critical connectivity (Berkowitz-style P=5.78 vs Pc 5.6-6.0 at the domain scale), where individual closures matter most, but Berkowitz et al. (2000) give ensemble statistics, not a verdict on this particular gap. Base coverage: 11% of its dots already lie within 300 m of the 0.2477 emission. Status: class-level holdout validation only."}}, {"type": "Feature", "geometry": {"type": "LineString", "coordinates": [[-118.25947, 39.75028], [-118.25059, 39.77561]]}, "properties": {"id": "T27-0312", "z": 3, "kind": "abutting", "gap_km": 2.912, "mutual": false, "strike": 15.945, "strike_compat": 0.603, "merged_km": 3.878, "base_overlap": 0.625, "argument": "Closing this 2.9 km gap would join two currently disconnected mapped systems (0.9 km and 0.1 km) into one 3.9 km system. Geometry: tip abutting a through-going trace; one-sided; the tip points 14 deg off the link. The link strikes N16 E and 60% of the distance-weighted catalogued fault length within ~40 km lies within 20 deg of that strike (data-driven kinematic domain; no external stress model). Structural-setting label (geometry only; mapping to settings is ours): linkage/termination/step-over settings host ~25%/32% of characterised Great Basin geothermal systems (Faulds & Hinz 2015). Connectivity context: the catalogue network is near its critical connectivity (Berkowitz-style P=5.78 vs Pc 5.6-6.0 at the domain scale), where individual closures matter most, but Berkowitz et al. (2000) give ensemble statistics, not a verdict on this particular gap. Base coverage: 62% of its dots already lie within 300 m of the 0.2477 emission. Status: class-level holdout validation only."}}, {"type": "Feature", "geometry": {"type": "LineString", "coordinates": [[-118.93354, 39.93831], [-118.95998, 39.92165]]}, "properties": {"id": "T27-0313", "z": 3, "kind": "end-to-end", "gap_km": 2.921, "mutual": false, "strike": 51.953, "strike_compat": 0.294, "merged_km": 5.818, "base_overlap": 1.0, "argument": "Closing this 2.9 km gap would join two currently disconnected mapped systems (1.1 km and 1.8 km) into one 5.8 km system. Geometry: tip-to-tip along strike; one-sided; the tip points 7 deg off the link and 17 deg. The link strikes N52 E and 29% of the distance-weighted catalogued fault length within ~40 km lies within 20 deg of that strike (data-driven kinematic domain; no external stress model). Structural-setting label (geometry only; mapping to settings is ours): linkage/termination/step-over settings host ~25%/32% of characterised Great Basin geothermal systems (Faulds & Hinz 2015). Connectivity context: the catalogue network is near its critical connectivity (Berkowitz-style P=5.78 vs Pc 5.6-6.0 at the domain scale), where individual closures matter most, but Berkowitz et al. (2000) give ensemble statistics, not a verdict on this particular gap. Base coverage: 100% of its dots already lie within 300 m of the 0.2477 emission. Status: class-level holdout validation only."}}, {"type": "Feature", "geometry": {"type": "LineString", "coordinates": [[-118.24409, 40.44777], [-118.23395, 40.4731]]}, "properties": {"id": "T27-0314", "z": 3, "kind": "end-to-end", "gap_km": 2.941, "mutual": false, "strike": 17.819, "strike_compat": 0.531, "merged_km": 9.587, "base_overlap": 0.222, "argument": "Closing this 2.9 km gap would join two currently disconnected mapped systems (5.2 km and 1.4 km) into one 9.6 km system. Geometry: tip-to-tip along strike; one-sided; the tip points 8 deg off the link and 4 deg. The link strikes N18 E and 53% of the distance-weighted catalogued fault length within ~40 km lies within 20 deg of that strike (data-driven kinematic domain; no external stress model). Structural-setting label (geometry only; mapping to settings is ours): linkage/termination/step-over settings host ~25%/32% of characterised Great Basin geothermal systems (Faulds & Hinz 2015). Connectivity context: the catalogue network is near its critical connectivity (Berkowitz-style P=5.78 vs Pc 5.6-6.0 at the domain scale), where individual closures matter most, but Berkowitz et al. (2000) give ensemble statistics, not a verdict on this particular gap. Base coverage: 22% of its dots already lie within 300 m of the 0.2477 emission. Status: class-level holdout validation only."}}, {"type": "Feature", "geometry": {"type": "LineString", "coordinates": [[-118.70607, 40.34368], [-118.69493, 40.36907]]}, "properties": {"id": "T27-0315", "z": 3, "kind": "end-to-end", "gap_km": 2.973, "mutual": false, "strike": 19.654, "strike_compat": 0.532, "merged_km": 13.203, "base_overlap": 0.0, "argument": "Closing this 3.0 km gap would join two currently disconnected mapped systems (9.7 km and 0.5 km) into one 13.2 km system. Geometry: tip-to-tip along strike; one-sided; the tip points 13 deg off the link and 7 deg. The link strikes N20 E and 53% of the distance-weighted catalogued fault length within ~40 km lies within 20 deg of that strike (data-driven kinematic domain; no external stress model). Structural-setting label (geometry only; mapping to settings is ours): linkage/termination/step-over settings host ~25%/32% of characterised Great Basin geothermal systems (Faulds & Hinz 2015). Connectivity context: the catalogue network is near its critical connectivity (Berkowitz-style P=5.78 vs Pc 5.6-6.0 at the domain scale), where individual closures matter most, but Berkowitz et al. (2000) give ensemble statistics, not a verdict on this particular gap. Base coverage: 0% of its dots already lie within 300 m of the 0.2477 emission. Status: class-level holdout validation only."}}, {"type": "Feature", "geometry": {"type": "LineString", "coordinates": [[-117.50086, 37.7897], [-117.52915, 37.77425]]}, "properties": {"id": "T27-0316", "z": 3, "kind": "end-to-end", "gap_km": 3.023, "mutual": true, "strike": 55.784, "strike_compat": 0.153, "merged_km": 49.764, "base_overlap": 0.0, "argument": "Closing this 3.0 km gap would join two currently disconnected mapped systems (38.9 km and 7.8 km) into one 49.8 km system. Geometry: tip-to-tip along strike; mutual nearest tips; the tip points 2 deg off the link and 8 deg. The link strikes N56 E and 15% of the distance-weighted catalogued fault length within ~40 km lies within 20 deg of that strike (data-driven kinematic domain; no external stress model). Structural-setting label (geometry only; mapping to settings is ours): linkage/termination/step-over settings host ~25%/32% of characterised Great Basin geothermal systems (Faulds & Hinz 2015). Connectivity context: the catalogue network is near its critical connectivity (Berkowitz-style P=5.78 vs Pc 5.6-6.0 at the domain scale), where individual closures matter most, but Berkowitz et al. (2000) give ensemble statistics, not a verdict on this particular gap. Base coverage: 0% of its dots already lie within 300 m of the 0.2477 emission. Status: class-level holdout validation only."}}, {"type": "Feature", "geometry": {"type": "LineString", "coordinates": [[-118.45571, 39.53536], [-118.43169, 39.55548]]}, "properties": {"id": "T27-0317", "z": 3, "kind": "end-to-end", "gap_km": 3.041, "mutual": false, "strike": 43.668, "strike_compat": 0.24, "merged_km": 6.014, "base_overlap": 0.0, "argument": "Closing this 3.0 km gap would join two currently disconnected mapped systems (0.9 km and 2.1 km) into one 6.0 km system. Geometry: tip-to-tip along strike; one-sided; the tip points 14 deg off the link and 32 deg. The link strikes N44 E and 24% of the distance-weighted catalogued fault length within ~40 km lies within 20 deg of that strike (data-driven kinematic domain; no external stress model). Structural-setting label (geometry only; mapping to settings is ours): linkage/termination/step-over settings host ~25%/32% of characterised Great Basin geothermal systems (Faulds & Hinz 2015). Connectivity context: the catalogue network is near its critical connectivity (Berkowitz-style P=5.78 vs Pc 5.6-6.0 at the domain scale), where individual closures matter most, but Berkowitz et al. (2000) give ensemble statistics, not a verdict on this particular gap. Base coverage: 0% of its dots already lie within 300 m of the 0.2477 emission. Status: class-level holdout validation only."}}, {"type": "Feature", "geometry": {"type": "LineString", "coordinates": [[-118.9883, 40.57248], [-118.99458, 40.54535]]}, "properties": {"id": "T27-0318", "z": 3, "kind": "end-to-end", "gap_km": 3.059, "mutual": true, "strike": 11.31, "strike_compat": 0.572, "merged_km": 8.581, "base_overlap": 0.0, "argument": "Closing this 3.1 km gap would join two currently disconnected mapped systems (1.4 km and 4.1 km) into one 8.6 km system. Geometry: tip-to-tip along strike; mutual nearest tips; the tip points 15 deg off the link and 4 deg. The link strikes N11 E and 57% of the distance-weighted catalogued fault length within ~40 km lies within 20 deg of that strike (data-driven kinematic domain; no external stress model). Structural-setting label (geometry only; mapping to settings is ours): linkage/termination/step-over settings host ~25%/32% of characterised Great Basin geothermal systems (Faulds & Hinz 2015). Connectivity context: the catalogue network is near its critical connectivity (Berkowitz-style P=5.78 vs Pc 5.6-6.0 at the domain scale), where individual closures matter most, but Berkowitz et al. (2000) give ensemble statistics, not a verdict on this particular gap. Base coverage: 0% of its dots already lie within 300 m of the 0.2477 emission. Status: class-level holdout validation only."}}, {"type": "Feature", "geometry": {"type": "LineString", "coordinates": [[-117.0823, 40.24722], [-117.07404, 40.2202]]}, "properties": {"id": "T27-0319", "z": 3, "kind": "end-to-end", "gap_km": 3.081, "mutual": false, "strike": 166.866, "strike_compat": 0.173, "merged_km": 5.205, "base_overlap": 0.778, "argument": "Closing this 3.1 km gap would join two currently disconnected mapped systems (0.7 km and 1.4 km) into one 5.2 km system. Geometry: tip-to-tip along strike; one-sided; the tip points 13 deg off the link and 20 deg. The link strikes N167 E and 17% of the distance-weighted catalogued fault length within ~40 km lies within 20 deg of that strike (data-driven kinematic domain; no external stress model). Structural-setting label (geometry only; mapping to settings is ours): linkage/termination/step-over settings host ~25%/32% of characterised Great Basin geothermal systems (Faulds & Hinz 2015). Connectivity context: the catalogue network is near its critical connectivity (Berkowitz-style P=5.78 vs Pc 5.6-6.0 at the domain scale), where individual closures matter most, but Berkowitz et al. (2000) give ensemble statistics, not a verdict on this particular gap. Base coverage: 78% of its dots already lie within 300 m of the 0.2477 emission. Status: class-level holdout validation only."}}, {"type": "Feature", "geometry": {"type": "LineString", "coordinates": [[-117.98487, 38.73473], [-118.00526, 38.71202]]}, "properties": {"id": "T27-0320", "z": 3, "kind": "end-to-end", "gap_km": 3.081, "mutual": true, "strike": 35.754, "strike_compat": 0.19, "merged_km": 4.605, "base_overlap": 0.75, "argument": "Closing this 3.1 km gap would join two currently disconnected mapped systems (0.4 km and 1.1 km) into one 4.6 km system. Geometry: tip-to-tip along strike; mutual nearest tips; the tip points 22 deg off the link and 22 deg. The link strikes N36 E and 19% of the distance-weighted catalogued fault length within ~40 km lies within 20 deg of that strike (data-driven kinematic domain; no external stress model). Structural-setting label (geometry only; mapping to settings is ours): linkage/termination/step-over settings host ~25%/32% of characterised Great Basin geothermal systems (Faulds & Hinz 2015). Connectivity context: the catalogue network is near its critical connectivity (Berkowitz-style P=5.78 vs Pc 5.6-6.0 at the domain scale), where individual closures matter most, but Berkowitz et al. (2000) give ensemble statistics, not a verdict on this particular gap. Base coverage: 75% of its dots already lie within 300 m of the 0.2477 emission. Status: class-level holdout validation only."}}, {"type": "Feature", "geometry": {"type": "LineString", "coordinates": [[-116.8879, 40.49044], [-116.87487, 40.51656]]}, "properties": {"id": "T27-0321", "z": 3, "kind": "end-to-end", "gap_km": 3.102, "mutual": false, "strike": 20.772, "strike_compat": 0.505, "merged_km": 16.328, "base_overlap": 0.0, "argument": "Closing this 3.1 km gap would join two currently disconnected mapped systems (3.7 km and 9.5 km) into one 16.3 km system. Geometry: tip-to-tip along strike; one-sided; the tip points 13 deg off the link and 16 deg. The link strikes N21 E and 51% of the distance-weighted catalogued fault length within ~40 km lies within 20 deg of that strike (data-driven kinematic domain; no external stress model). Structural-setting label (geometry only; mapping to settings is ours): linkage/termination/step-over settings host ~25%/32% of characterised Great Basin geothermal systems (Faulds & Hinz 2015). Connectivity context: the catalogue network is near its critical connectivity (Berkowitz-style P=5.78 vs Pc 5.6-6.0 at the domain scale), where individual closures matter most, but Berkowitz et al. (2000) give ensemble statistics, not a verdict on this particular gap. Base coverage: 0% of its dots already lie within 300 m of the 0.2477 emission. Status: class-level holdout validation only."}}, {"type": "Feature", "geometry": {"type": "LineString", "coordinates": [[-118.12663, 39.33267], [-118.12851, 39.30472]]}, "properties": {"id": "T27-0322", "z": 3, "kind": "end-to-end", "gap_km": 3.106, "mutual": false, "strike": 3.691, "strike_compat": 0.593, "merged_km": 6.286, "base_overlap": 0.5, "argument": "Closing this 3.1 km gap would join two currently disconnected mapped systems (1.5 km and 1.7 km) into one 6.3 km system. Geometry: tip-to-tip along strike; one-sided; the tip points 28 deg off the link and 28 deg. The link strikes N4 E and 59% of the distance-weighted catalogued fault length within ~40 km lies within 20 deg of that strike (data-driven kinematic domain; no external stress model). Structural-setting label (geometry only; mapping to settings is ours): linkage/termination/step-over settings host ~25%/32% of characterised Great Basin geothermal systems (Faulds & Hinz 2015). Connectivity context: the catalogue network is near its critical connectivity (Berkowitz-style P=5.78 vs Pc 5.6-6.0 at the domain scale), where individual closures matter most, but Berkowitz et al. (2000) give ensemble statistics, not a verdict on this particular gap. Base coverage: 50% of its dots already lie within 300 m of the 0.2477 emission. Status: class-level holdout validation only."}}, {"type": "Feature", "geometry": {"type": "LineString", "coordinates": [[-118.04132, 38.34223], [-118.02495, 38.31714]]}, "properties": {"id": "T27-0323", "z": 3, "kind": "end-to-end", "gap_km": 3.13, "mutual": false, "strike": 153.435, "strike_compat": 0.615, "merged_km": 6.569, "base_overlap": 0.667, "argument": "Closing this 3.1 km gap would join two currently disconnected mapped systems (2.8 km and 0.7 km) into one 6.6 km system. Geometry: tip-to-tip along strike; one-sided; the tip points 18 deg off the link and 8 deg. The link strikes N153 E and 62% of the distance-weighted catalogued fault length within ~40 km lies within 20 deg of that strike (data-driven kinematic domain; no external stress model). Structural-setting label (geometry only; mapping to settings is ours): linkage/termination/step-over settings host ~25%/32% of characterised Great Basin geothermal systems (Faulds & Hinz 2015). Connectivity context: the catalogue network is near its critical connectivity (Berkowitz-style P=5.78 vs Pc 5.6-6.0 at the domain scale), where individual closures matter most, but Berkowitz et al. (2000) give ensemble statistics, not a verdict on this particular gap. Base coverage: 67% of its dots already lie within 300 m of the 0.2477 emission. Status: class-level holdout validation only."}}, {"type": "Feature", "geometry": {"type": "LineString", "coordinates": [[-118.16794, 37.81562], [-118.13749, 37.83033]]}, "properties": {"id": "T27-0324", "z": 3, "kind": "end-to-end", "gap_km": 3.138, "mutual": false, "strike": 59.349, "strike_compat": 0.202, "merged_km": 7.267, "base_overlap": 0.0, "argument": "Closing this 3.1 km gap would join two currently disconnected mapped systems (2.9 km and 1.2 km) into one 7.3 km system. Geometry: tip-to-tip along strike; one-sided; the tip points 9 deg off the link and 18 deg. The link strikes N59 E and 20% of the distance-weighted catalogued fault length within ~40 km lies within 20 deg of that strike (data-driven kinematic domain; no external stress model). Structural-setting label (geometry only; mapping to settings is ours): linkage/termination/step-over settings host ~25%/32% of characterised Great Basin geothermal systems (Faulds & Hinz 2015). Connectivity context: the catalogue network is near its critical connectivity (Berkowitz-style P=5.78 vs Pc 5.6-6.0 at the domain scale), where individual closures matter most, but Berkowitz et al. (2000) give ensemble statistics, not a verdict on this particular gap. Base coverage: 0% of its dots already lie within 300 m of the 0.2477 emission. Status: class-level holdout validation only."}}, {"type": "Feature", "geometry": {"type": "LineString", "coordinates": [[-119.62851, 39.74987], [-119.60095, 39.73067]]}, "properties": {"id": "T27-0325", "z": 3, "kind": "end-to-end", "gap_km": 3.183, "mutual": true, "strike": 133.727, "strike_compat": 0.304, "merged_km": 11.05, "base_overlap": 0.571, "argument": "Closing this 3.2 km gap would join two currently disconnected mapped systems (1.1 km and 6.8 km) into one 11.0 km system. Geometry: tip-to-tip along strike; mutual nearest tips; the tip points 1 deg off the link and 3 deg. The link strikes N134 E and 30% of the distance-weighted catalogued fault length within ~40 km lies within 20 deg of that strike (data-driven kinematic domain; no external stress model). Structural-setting label (geometry only; mapping to settings is ours): linkage/termination/step-over settings host ~25%/32% of characterised Great Basin geothermal systems (Faulds & Hinz 2015). Connectivity context: the catalogue network is near its critical connectivity (Berkowitz-style P=5.78 vs Pc 5.6-6.0 at the domain scale), where individual closures matter most, but Berkowitz et al. (2000) give ensemble statistics, not a verdict on this particular gap. Base coverage: 57% of its dots already lie within 300 m of the 0.2477 emission. Status: class-level holdout validation only."}}, {"type": "Feature", "geometry": {"type": "LineString", "coordinates": [[-119.66931, 39.65795], [-119.67053, 39.6291]]}, "properties": {"id": "T27-0326", "z": 3, "kind": "end-to-end", "gap_km": 3.206, "mutual": false, "strike": 3.576, "strike_compat": 0.265, "merged_km": 7.262, "base_overlap": 0.1, "argument": "Closing this 3.2 km gap would join two currently disconnected mapped systems (0.7 km and 3.4 km) into one 7.3 km system. Geometry: tip-to-tip along strike; one-sided; the tip points 4 deg off the link and 19 deg. The link strikes N4 E and 26% of the distance-weighted catalogued fault length within ~40 km lies within 20 deg of that strike (data-driven kinematic domain; no external stress model). Structural-setting label (geometry only; mapping to settings is ours): linkage/termination/step-over settings host ~25%/32% of characterised Great Basin geothermal systems (Faulds & Hinz 2015). Connectivity context: the catalogue network is near its critical connectivity (Berkowitz-style P=5.78 vs Pc 5.6-6.0 at the domain scale), where individual closures matter most, but Berkowitz et al. (2000) give ensemble statistics, not a verdict on this particular gap. Base coverage: 10% of its dots already lie within 300 m of the 0.2477 emission. Status: class-level holdout validation only."}}, {"type": "Feature", "geometry": {"type": "LineString", "coordinates": [[-118.26842, 38.76443], [-118.2507, 38.73849]]}, "properties": {"id": "T27-0327", "z": 3, "kind": "end-to-end", "gap_km": 3.265, "mutual": true, "strike": 152.65, "strike_compat": 0.536, "merged_km": 8.835, "base_overlap": 0.0, "argument": "Closing this 3.3 km gap would join two currently disconnected mapped systems (2.2 km and 3.3 km) into one 8.8 km system. Geometry: tip-to-tip along strike; mutual nearest tips; the tip points 27 deg off the link and 18 deg. The link strikes N153 E and 54% of the distance-weighted catalogued fault length within ~40 km lies within 20 deg of that strike (data-driven kinematic domain; no external stress model). Structural-setting label (geometry only; mapping to settings is ours): linkage/termination/step-over settings host ~25%/32% of characterised Great Basin geothermal systems (Faulds & Hinz 2015). Connectivity context: the catalogue network is near its critical connectivity (Berkowitz-style P=5.78 vs Pc 5.6-6.0 at the domain scale), where individual closures matter most, but Berkowitz et al. (2000) give ensemble statistics, not a verdict on this particular gap. Base coverage: 0% of its dots already lie within 300 m of the 0.2477 emission. Status: class-level holdout validation only."}}, {"type": "Feature", "geometry": {"type": "LineString", "coordinates": [[-118.49222, 39.28351], [-118.49054, 39.31327]]}, "properties": {"id": "T27-0328", "z": 3, "kind": "abutting", "gap_km": 3.306, "mutual": false, "strike": 3.468, "strike_compat": 0.493, "merged_km": 6.162, "base_overlap": 0.0, "argument": "Closing this 3.3 km gap would join two currently disconnected mapped systems (0.9 km and 1.9 km) into one 6.2 km system. Geometry: tip abutting a through-going trace; one-sided; the tip points 4 deg off the link. The link strikes N3 E and 49% of the distance-weighted catalogued fault length within ~40 km lies within 20 deg of that strike (data-driven kinematic domain; no external stress model). Structural-setting label (geometry only; mapping to settings is ours): linkage/termination/step-over settings host ~25%/32% of characterised Great Basin geothermal systems (Faulds & Hinz 2015). Connectivity context: the catalogue network is near its critical connectivity (Berkowitz-style P=5.78 vs Pc 5.6-6.0 at the domain scale), where individual closures matter most, but Berkowitz et al. (2000) give ensemble statistics, not a verdict on this particular gap. Base coverage: 0% of its dots already lie within 300 m of the 0.2477 emission. Status: class-level holdout validation only."}}, {"type": "Feature", "geometry": {"type": "LineString", "coordinates": [[-118.45905, 39.74975], [-118.46894, 39.72079]]}, "properties": {"id": "T27-0329", "z": 3, "kind": "abutting", "gap_km": 3.324, "mutual": false, "strike": 15.709, "strike_compat": 0.548, "merged_km": 6.863, "base_overlap": 0.0, "argument": "Closing this 3.3 km gap would join two currently disconnected mapped systems (1.8 km and 1.7 km) into one 6.9 km system. Geometry: tip abutting a through-going trace; one-sided; the tip points 2 deg off the link. The link strikes N16 E and 55% of the distance-weighted catalogued fault length within ~40 km lies within 20 deg of that strike (data-driven kinematic domain; no external stress model). Structural-setting label (geometry only; mapping to settings is ours): linkage/termination/step-over settings host ~25%/32% of characterised Great Basin geothermal systems (Faulds & Hinz 2015). Connectivity context: the catalogue network is near its critical connectivity (Berkowitz-style P=5.78 vs Pc 5.6-6.0 at the domain scale), where individual closures matter most, but Berkowitz et al. (2000) give ensemble statistics, not a verdict on this particular gap. Base coverage: 0% of its dots already lie within 300 m of the 0.2477 emission. Status: class-level holdout validation only."}}, {"type": "Feature", "geometry": {"type": "LineString", "coordinates": [[-119.00171, 40.30831], [-118.99553, 40.33814]]}, "properties": {"id": "T27-0330", "z": 3, "kind": "end-to-end", "gap_km": 3.354, "mutual": false, "strike": 10.305, "strike_compat": 0.562, "merged_km": 10.083, "base_overlap": 0.7, "argument": "Closing this 3.4 km gap would join two currently disconnected mapped systems (2.8 km and 3.9 km) into one 10.1 km system. Geometry: tip-to-tip along strike; one-sided; the tip points 10 deg off the link and 3 deg. The link strikes N10 E and 56% of the distance-weighted catalogued fault length within ~40 km lies within 20 deg of that strike (data-driven kinematic domain; no external stress model). Structural-setting label (geometry only; mapping to settings is ours): linkage/termination/step-over settings host ~25%/32% of characterised Great Basin geothermal systems (Faulds & Hinz 2015). Connectivity context: the catalogue network is near its critical connectivity (Berkowitz-style P=5.78 vs Pc 5.6-6.0 at the domain scale), where individual closures matter most, but Berkowitz et al. (2000) give ensemble statistics, not a verdict on this particular gap. Base coverage: 70% of its dots already lie within 300 m of the 0.2477 emission. Status: class-level holdout validation only."}}, {"type": "Feature", "geometry": {"type": "LineString", "coordinates": [[-119.33453, 39.3021], [-119.36521, 39.28346]]}, "properties": {"id": "T27-0331", "z": 3, "kind": "end-to-end", "gap_km": 3.36, "mutual": true, "strike": 53.471, "strike_compat": 0.375, "merged_km": 8.137, "base_overlap": 0.25, "argument": "Closing this 3.4 km gap would join two currently disconnected mapped systems (3.4 km and 1.4 km) into one 8.1 km system. Geometry: tip-to-tip along strike; mutual nearest tips; the tip points 8 deg off the link and 21 deg. The link strikes N53 E and 37% of the distance-weighted catalogued fault length within ~40 km lies within 20 deg of that strike (data-driven kinematic domain; no external stress model). Structural-setting label (geometry only; mapping to settings is ours): linkage/termination/step-over settings host ~25%/32% of characterised Great Basin geothermal systems (Faulds & Hinz 2015). Connectivity context: the catalogue network is near its critical connectivity (Berkowitz-style P=5.78 vs Pc 5.6-6.0 at the domain scale), where individual closures matter most, but Berkowitz et al. (2000) give ensemble statistics, not a verdict on this particular gap. Base coverage: 25% of its dots already lie within 300 m of the 0.2477 emission. Status: class-level holdout validation only."}}, {"type": "Feature", "geometry": {"type": "LineString", "coordinates": [[-119.21541, 39.23866], [-119.21908, 39.20795]]}, "properties": {"id": "T27-0332", "z": 3, "kind": "end-to-end", "gap_km": 3.423, "mutual": false, "strike": 6.71, "strike_compat": 0.23, "merged_km": 6.196, "base_overlap": 0.636, "argument": "Closing this 3.4 km gap would join two currently disconnected mapped systems (2.0 km and 0.8 km) into one 6.2 km system. Geometry: tip-to-tip along strike; one-sided; the tip points 14 deg off the link and 7 deg. The link strikes N7 E and 23% of the distance-weighted catalogued fault length within ~40 km lies within 20 deg of that strike (data-driven kinematic domain; no external stress model). Structural-setting label (geometry only; mapping to settings is ours): linkage/termination/step-over settings host ~25%/32% of characterised Great Basin geothermal systems (Faulds & Hinz 2015). Connectivity context: the catalogue network is near its critical connectivity (Berkowitz-style P=5.78 vs Pc 5.6-6.0 at the domain scale), where individual closures matter most, but Berkowitz et al. (2000) give ensemble statistics, not a verdict on this particular gap. Base coverage: 64% of its dots already lie within 300 m of the 0.2477 emission. Status: class-level holdout validation only."}}, {"type": "Feature", "geometry": {"type": "LineString", "coordinates": [[-118.46596, 39.52441], [-118.45371, 39.49484]]}, "properties": {"id": "T27-0333", "z": 3, "kind": "end-to-end", "gap_km": 3.448, "mutual": true, "strike": 163.142, "strike_compat": 0.242, "merged_km": 6.372, "base_overlap": 0.5, "argument": "Closing this 3.4 km gap would join two currently disconnected mapped systems (0.6 km and 2.3 km) into one 6.4 km system. Geometry: tip-to-tip along strike; mutual nearest tips; the tip points 17 deg off the link and 3 deg. The link strikes N163 E and 24% of the distance-weighted catalogued fault length within ~40 km lies within 20 deg of that strike (data-driven kinematic domain; no external stress model). Structural-setting label (geometry only; mapping to settings is ours): linkage/termination/step-over settings host ~25%/32% of characterised Great Basin geothermal systems (Faulds & Hinz 2015). Connectivity context: the catalogue network is near its critical connectivity (Berkowitz-style P=5.78 vs Pc 5.6-6.0 at the domain scale), where individual closures matter most, but Berkowitz et al. (2000) give ensemble statistics, not a verdict on this particular gap. Base coverage: 50% of its dots already lie within 300 m of the 0.2477 emission. Status: class-level holdout validation only."}}, {"type": "Feature", "geometry": {"type": "LineString", "coordinates": [[-119.06236, 39.47121], [-119.10035, 39.45882]]}, "properties": {"id": "T27-0334", "z": 3, "kind": "end-to-end", "gap_km": 3.547, "mutual": true, "strike": 68.499, "strike_compat": 0.329, "merged_km": 9.048, "base_overlap": 0.3, "argument": "Closing this 3.5 km gap would join two currently disconnected mapped systems (3.7 km and 1.8 km) into one 9.0 km system. Geometry: tip-to-tip along strike; mutual nearest tips; the tip points 11 deg off the link and 11 deg. The link strikes N68 E and 33% of the distance-weighted catalogued fault length within ~40 km lies within 20 deg of that strike (data-driven kinematic domain; no external stress model). Structural-setting label (geometry only; mapping to settings is ours): linkage/termination/step-over settings host ~25%/32% of characterised Great Basin geothermal systems (Faulds & Hinz 2015). Connectivity context: the catalogue network is near its critical connectivity (Berkowitz-style P=5.78 vs Pc 5.6-6.0 at the domain scale), where individual closures matter most, but Berkowitz et al. (2000) give ensemble statistics, not a verdict on this particular gap. Base coverage: 30% of its dots already lie within 300 m of the 0.2477 emission. Status: class-level holdout validation only."}}, {"type": "Feature", "geometry": {"type": "LineString", "coordinates": [[-119.37043, 39.67705], [-119.36335, 39.70873]]}, "properties": {"id": "T27-0335", "z": 3, "kind": "end-to-end", "gap_km": 3.569, "mutual": false, "strike": 11.31, "strike_compat": 0.368, "merged_km": 6.342, "base_overlap": 0.636, "argument": "Closing this 3.6 km gap would join two currently disconnected mapped systems (1.7 km and 1.0 km) into one 6.3 km system. Geometry: tip-to-tip along strike; one-sided; the tip points 11 deg off the link and 11 deg. The link strikes N11 E and 37% of the distance-weighted catalogued fault length within ~40 km lies within 20 deg of that strike (data-driven kinematic domain; no external stress model). Structural-setting label (geometry only; mapping to settings is ours): linkage/termination/step-over settings host ~25%/32% of characterised Great Basin geothermal systems (Faulds & Hinz 2015). Connectivity context: the catalogue network is near its critical connectivity (Berkowitz-style P=5.78 vs Pc 5.6-6.0 at the domain scale), where individual closures matter most, but Berkowitz et al. (2000) give ensemble statistics, not a verdict on this particular gap. Base coverage: 64% of its dots already lie within 300 m of the 0.2477 emission. Status: class-level holdout validation only."}}, {"type": "Feature", "geometry": {"type": "LineString", "coordinates": [[-118.0204, 37.8269], [-118.04389, 37.80056]]}, "properties": {"id": "T27-0336", "z": 3, "kind": "end-to-end", "gap_km": 3.581, "mutual": true, "strike": 35.91, "strike_compat": 0.309, "merged_km": 9.806, "base_overlap": 0.0, "argument": "Closing this 3.6 km gap would join two currently disconnected mapped systems (3.4 km and 2.9 km) into one 9.8 km system. Geometry: tip-to-tip along strike; mutual nearest tips; the tip points 9 deg off the link and 4 deg. The link strikes N36 E and 31% of the distance-weighted catalogued fault length within ~40 km lies within 20 deg of that strike (data-driven kinematic domain; no external stress model). Structural-setting label (geometry only; mapping to settings is ours): linkage/termination/step-over settings host ~25%/32% of characterised Great Basin geothermal systems (Faulds & Hinz 2015). Connectivity context: the catalogue network is near its critical connectivity (Berkowitz-style P=5.78 vs Pc 5.6-6.0 at the domain scale), where individual closures matter most, but Berkowitz et al. (2000) give ensemble statistics, not a verdict on this particular gap. Base coverage: 0% of its dots already lie within 300 m of the 0.2477 emission. Status: class-level holdout validation only."}}, {"type": "Feature", "geometry": {"type": "LineString", "coordinates": [[-117.6503, 40.13551], [-117.67941, 40.11192]]}, "properties": {"id": "T27-0337", "z": 3, "kind": "end-to-end", "gap_km": 3.607, "mutual": false, "strike": 43.877, "strike_compat": 0.353, "merged_km": 4.897, "base_overlap": 0.0, "argument": "Closing this 3.6 km gap would join two currently disconnected mapped systems (0.6 km and 0.7 km) into one 4.9 km system. Geometry: tip-to-tip along strike; one-sided; the tip points 13 deg off the link and 7 deg. The link strikes N44 E and 35% of the distance-weighted catalogued fault length within ~40 km lies within 20 deg of that strike (data-driven kinematic domain; no external stress model). Structural-setting label (geometry only; mapping to settings is ours): linkage/termination/step-over settings host ~25%/32% of characterised Great Basin geothermal systems (Faulds & Hinz 2015). Connectivity context: the catalogue network is near its critical connectivity (Berkowitz-style P=5.78 vs Pc 5.6-6.0 at the domain scale), where individual closures matter most, but Berkowitz et al. (2000) give ensemble statistics, not a verdict on this particular gap. Base coverage: 0% of its dots already lie within 300 m of the 0.2477 emission. Status: class-level holdout validation only."}}, {"type": "Feature", "geometry": {"type": "LineString", "coordinates": [[-116.40553, 40.46194], [-116.36532, 40.47344]]}, "properties": {"id": "T27-0338", "z": 3, "kind": "end-to-end", "gap_km": 3.64, "mutual": false, "strike": 69.075, "strike_compat": 0.401, "merged_km": 8.82, "base_overlap": 0.091, "argument": "Closing this 3.6 km gap would join two currently disconnected mapped systems (3.6 km and 1.6 km) into one 8.8 km system. Geometry: tip-to-tip along strike; one-sided; the tip points 6 deg off the link and 34 deg. The link strikes N69 E and 40% of the distance-weighted catalogued fault length within ~40 km lies within 20 deg of that strike (data-driven kinematic domain; no external stress model). Structural-setting label (geometry only; mapping to settings is ours): linkage/termination/step-over settings host ~25%/32% of characterised Great Basin geothermal systems (Faulds & Hinz 2015). Connectivity context: the catalogue network is near its critical connectivity (Berkowitz-style P=5.78 vs Pc 5.6-6.0 at the domain scale), where individual closures matter most, but Berkowitz et al. (2000) give ensemble statistics, not a verdict on this particular gap. Base coverage: 9% of its dots already lie within 300 m of the 0.2477 emission. Status: class-level holdout validation only."}}, {"type": "Feature", "geometry": {"type": "LineString", "coordinates": [[-116.38492, 40.5231], [-116.41115, 40.4944]]}, "properties": {"id": "T27-0339", "z": 3, "kind": "end-to-end", "gap_km": 3.883, "mutual": false, "strike": 34.509, "strike_compat": 0.55, "merged_km": 5.315, "base_overlap": 0.0, "argument": "Closing this 3.9 km gap would join two currently disconnected mapped systems (0.5 km and 0.9 km) into one 5.3 km system. Geometry: tip-to-tip along strike; one-sided; the tip points 19 deg off the link and 10 deg. The link strikes N35 E and 55% of the distance-weighted catalogued fault length within ~40 km lies within 20 deg of that strike (data-driven kinematic domain; no external stress model). Structural-setting label (geometry only; mapping to settings is ours): linkage/termination/step-over settings host ~25%/32% of characterised Great Basin geothermal systems (Faulds & Hinz 2015). Connectivity context: the catalogue network is near its critical connectivity (Berkowitz-style P=5.78 vs Pc 5.6-6.0 at the domain scale), where individual closures matter most, but Berkowitz et al. (2000) give ensemble statistics, not a verdict on this particular gap. Base coverage: 0% of its dots already lie within 300 m of the 0.2477 emission. Status: class-level holdout validation only."}}, {"type": "Feature", "geometry": {"type": "LineString", "coordinates": [[-117.93071, 40.46873], [-117.90789, 40.43828]]}, "properties": {"id": "T27-0340", "z": 3, "kind": "end-to-end", "gap_km": 3.895, "mutual": true, "strike": 150.803, "strike_compat": 0.174, "merged_km": 5.709, "base_overlap": 0.0, "argument": "Closing this 3.9 km gap would join two currently disconnected mapped systems (1.4 km and 0.4 km) into one 5.7 km system. Geometry: tip-to-tip along strike; mutual nearest tips; the tip points 29 deg off the link and 27 deg. The link strikes N151 E and 17% of the distance-weighted catalogued fault length within ~40 km lies within 20 deg of that strike (data-driven kinematic domain; no external stress model). Structural-setting label (geometry only; mapping to settings is ours): linkage/termination/step-over settings host ~25%/32% of characterised Great Basin geothermal systems (Faulds & Hinz 2015). Connectivity context: the catalogue network is near its critical connectivity (Berkowitz-style P=5.78 vs Pc 5.6-6.0 at the domain scale), where individual closures matter most, but Berkowitz et al. (2000) give ensemble statistics, not a verdict on this particular gap. Base coverage: 0% of its dots already lie within 300 m of the 0.2477 emission. Status: class-level holdout validation only."}}, {"type": "Feature", "geometry": {"type": "LineString", "coordinates": [[-119.33947, 39.76146], [-119.30373, 39.73966]]}, "properties": {"id": "T27-0341", "z": 3, "kind": "end-to-end", "gap_km": 3.905, "mutual": false, "strike": 129.806, "strike_compat": 0.142, "merged_km": 6.626, "base_overlap": 0.556, "argument": "Closing this 3.9 km gap would join two currently disconnected mapped systems (0.8 km and 2.0 km) into one 6.6 km system. Geometry: tip-to-tip along strike; one-sided; the tip points 5 deg off the link and 13 deg. The link strikes N130 E and 14% of the distance-weighted catalogued fault length within ~40 km lies within 20 deg of that strike (data-driven kinematic domain; no external stress model). Structural-setting label (geometry only; mapping to settings is ours): linkage/termination/step-over settings host ~25%/32% of characterised Great Basin geothermal systems (Faulds & Hinz 2015). Connectivity context: the catalogue network is near its critical connectivity (Berkowitz-style P=5.78 vs Pc 5.6-6.0 at the domain scale), where individual closures matter most, but Berkowitz et al. (2000) give ensemble statistics, not a verdict on this particular gap. Base coverage: 56% of its dots already lie within 300 m of the 0.2477 emission. Status: class-level holdout validation only."}}, {"type": "Feature", "geometry": {"type": "LineString", "coordinates": [[-118.32306, 39.22789], [-118.29578, 39.25613]]}, "properties": {"id": "T27-0342", "z": 3, "kind": "end-to-end", "gap_km": 3.92, "mutual": false, "strike": 37.747, "strike_compat": 0.422, "merged_km": 9.497, "base_overlap": 0.5, "argument": "Closing this 3.9 km gap would join two currently disconnected mapped systems (2.0 km and 3.6 km) into one 9.5 km system. Geometry: tip-to-tip along strike; one-sided; the tip points 1 deg off the link and 6 deg. The link strikes N38 E and 42% of the distance-weighted catalogued fault length within ~40 km lies within 20 deg of that strike (data-driven kinematic domain; no external stress model). Structural-setting label (geometry only; mapping to settings is ours): linkage/termination/step-over settings host ~25%/32% of characterised Great Basin geothermal systems (Faulds & Hinz 2015). Connectivity context: the catalogue network is near its critical connectivity (Berkowitz-style P=5.78 vs Pc 5.6-6.0 at the domain scale), where individual closures matter most, but Berkowitz et al. (2000) give ensemble statistics, not a verdict on this particular gap. Base coverage: 50% of its dots already lie within 300 m of the 0.2477 emission. Status: class-level holdout validation only."}}, {"type": "Feature", "geometry": {"type": "LineString", "coordinates": [[-116.16822, 40.09741], [-116.20831, 40.07967]]}, "properties": {"id": "T27-0343", "z": 3, "kind": "end-to-end", "gap_km": 3.945, "mutual": false, "strike": 59.534, "strike_compat": 0.432, "merged_km": 4.852, "base_overlap": 0.273, "argument": "Closing this 3.9 km gap would join two currently disconnected mapped systems (0.4 km and 0.5 km) into one 4.9 km system. Geometry: tip-to-tip along strike; one-sided; the tip points 26 deg off the link and 6 deg. The link strikes N60 E and 43% of the distance-weighted catalogued fault length within ~40 km lies within 20 deg of that strike (data-driven kinematic domain; no external stress model). Structural-setting label (geometry only; mapping to settings is ours): linkage/termination/step-over settings host ~25%/32% of characterised Great Basin geothermal systems (Faulds & Hinz 2015). Connectivity context: the catalogue network is near its critical connectivity (Berkowitz-style P=5.78 vs Pc 5.6-6.0 at the domain scale), where individual closures matter most, but Berkowitz et al. (2000) give ensemble statistics, not a verdict on this particular gap. Base coverage: 27% of its dots already lie within 300 m of the 0.2477 emission. Status: class-level holdout validation only."}}, {"type": "Feature", "geometry": {"type": "LineString", "coordinates": [[-119.02932, 39.93217], [-119.02334, 39.96741]]}, "properties": {"id": "T27-0344", "z": 3, "kind": "tip-to-tip oblique", "gap_km": 3.946, "mutual": false, "strike": 8.746, "strike_compat": 0.513, "merged_km": 5.112, "base_overlap": 0.0, "argument": "Closing this 3.9 km gap would join two currently disconnected mapped systems (0.8 km and 0.4 km) into one 5.1 km system. Geometry: oblique tip-to-tip (step-over-like); one-sided; the tip points 7 deg off the link and 48 deg. The link strikes N9 E and 51% of the distance-weighted catalogued fault length within ~40 km lies within 20 deg of that strike (data-driven kinematic domain; no external stress model). Structural-setting label (geometry only; mapping to settings is ours): linkage/termination/step-over settings host ~25%/32% of characterised Great Basin geothermal systems (Faulds & Hinz 2015). Connectivity context: the catalogue network is near its critical connectivity (Berkowitz-style P=5.78 vs Pc 5.6-6.0 at the domain scale), where individual closures matter most, but Berkowitz et al. (2000) give ensemble statistics, not a verdict on this particular gap. Base coverage: 0% of its dots already lie within 300 m of the 0.2477 emission. Status: class-level holdout validation only."}}, {"type": "Feature", "geometry": {"type": "LineString", "coordinates": [[-118.40464, 39.77204], [-118.38897, 39.80557]]}, "properties": {"id": "T27-0345", "z": 3, "kind": "end-to-end", "gap_km": 3.956, "mutual": false, "strike": 20.726, "strike_compat": 0.52, "merged_km": 8.309, "base_overlap": 0.0, "argument": "Closing this 4.0 km gap would join two currently disconnected mapped systems (1.5 km and 2.8 km) into one 8.3 km system. Geometry: tip-to-tip along strike; one-sided; the tip points 11 deg off the link and 20 deg. The link strikes N21 E and 52% of the distance-weighted catalogued fault length within ~40 km lies within 20 deg of that strike (data-driven kinematic domain; no external stress model). Structural-setting label (geometry only; mapping to settings is ours): linkage/termination/step-over settings host ~25%/32% of characterised Great Basin geothermal systems (Faulds & Hinz 2015). Connectivity context: the catalogue network is near its critical connectivity (Berkowitz-style P=5.78 vs Pc 5.6-6.0 at the domain scale), where individual closures matter most, but Berkowitz et al. (2000) give ensemble statistics, not a verdict on this particular gap. Base coverage: 0% of its dots already lie within 300 m of the 0.2477 emission. Status: class-level holdout validation only."}}]}